length_m,outer_diameter_m,pellet_diameter_m,clad_thickness_m,num_rods,pellet_material,cladding_material,guide_tube_material,spacer_material,nozzle_material,smr_type,scenario,power_mode,core_power_MWt,capacity_factor,burnup_GWd_tHM,include_backend,hardware_share_in_toll,fixed_ops_per_year_usd,rod_change_interval_yr,procurement_total_usd,lifecycle_total_usd,operational_usd_per_year,maintenance_usd_per_year,cost_front_end_usd,cost_fabrication_usd,cost_hardware_usd,cost_back_end_usd,mHM_kg_per_rod,E_th_MWh_per_rod,procurement_usd_per_rod,lifecycle_usd_per_rod,procurement_usd_per_MWh_th,lifecycle_usd_per_MWh_th,procurement_usd_per_MWh_e,lifecycle_usd_per_MWh_e,qprime_kW_per_m,clad_mass_kg_per_rod,radial_gap_m,gap_ok,clad_thickness_ok,interval_ok,feasible,pareto
3.6576,0.008,0.0070349,0.0004,13215,UO2,Zircaloy,Zircaloy,Zircaloy,SS316,Light Water Reactor,low,fixed_core_power,870.0,0.9,45.0,True,0.3,0.0,2.671249978495921,7458856.576307221,23185512.260954604,2792272.0210959134,223765.69728921662,2841655.6927491226,3337036.864261208,1280164.019296891,15726655.684647383,1.283776663899175,1386.4787970111088,564.4235018015302,1754.4844692360653,0.40709133310821766,1.265424666441551,1.2336101003279323,3.834620201338033,18.0,0.22880260513790085,8.254999999999981e-05,True,True,True,True,False
3.6576,0.008,0.0068349000000000005,0.0005,13215,UO2,Zircaloy,Zircaloy,Zircaloy,SS316,Light Water Reactor,low,fixed_core_power,870.0,0.9,45.0,True,0.3,0.0,2.5215234107229043,7409127.786143296,22254286.719394878,2938353.7565566953,222273.83358429887,2682377.692901445,3149992.192201279,1576757.9010405715,14845158.93325158,1.2118195370034934,1308.765099963773,560.6604454137946,1684.017156216033,0.42838890296609666,1.28672223629943,1.2981481908063535,3.899158291816454,18.0,0.2822400556799761,8.254999999999981e-05,True,True,True,True,False
3.6576,0.008,0.006634900000000001,0.0006000000000000001,13215,UO2,Zircaloy,Zircaloy,Zircaloy,SS316,Light Water Reactor,low,fixed_core_power,870.0,0.9,45.0,True,0.3,0.0,2.3761149028432684,7361032.058958195,21350116.287314884,3097927.6507840403,220830.96176874585,2527693.2127828975,2968341.820623259,1864997.0255520376,13989084.228356691,1.1419376275412483,1233.2926377445483,557.0209654905937,1615.5971462213306,0.45165352361891686,1.30998685695225,1.368647041269445,3.9696571422795452,18.0,0.3341722259250919,8.254999999999981e-05,True,True,True,True,False
3.6576,0.008,0.0064349,0.0007000000000000001,13215,UO2,Zircaloy,Zircaloy,Zircaloy,SS316,Light Water Reactor,low,fixed_core_power,870.0,0.9,45.0,True,0.3,0.0,2.235024454857011,7314569.394751909,20473000.964714613,3272702.1750730104,219437.08184255727,2377602.2523934767,2792085.7495271456,2144881.3928312873,13158431.569962705,1.0741309355124387,1160.0614103534335,553.5050620319265,1549.2244392519572,0.47713427676496134,1.3354676100982947,1.445861444742307,4.046871545752408,18.0,0.3845991158732478,8.254999999999981e-05,True,True,True,True,False
3.6576,0.008,0.006234900000000001,0.0008,13215,UO2,Zircaloy,Zircaloy,Zircaloy,SS316,Light Water Reactor,low,fixed_core_power,870.0,0.9,45.0,True,0.3,0.0,2.0982520667641356,7269739.793524448,19622940.751594085,3464664.6647824505,218092.19380573343,2232104.8117331867,2621223.978912942,2416411.0028783195,12353200.958069637,1.008399460917066,1089.071417790431,550.112735037794,1484.8990353079141,0.5051209002931079,1.3634542336264415,1.5306693948275996,4.131679495837702,18.0,0.4335207255244436,8.254999999999981e-05,True,True,True,True,False
3.6576,0.0085,0.007534900000000001,0.0004,13215,UO2,Zircaloy,Zircaloy,Zircaloy,SS316,Light Water Reactor,low,fixed_core_power,870.0,0.9,45.0,True,0.3,0.0,3.064457909962003,8451907.541821688,26493526.558400057,2758043.2788278973,253557.22625465065,3259947.3411832545,3828248.6090193796,1363711.5916190546,18041619.01657837,1.472748557409662,1590.5684420024347,639.569242665281,2004.8071553840375,0.4021010512820812,1.2604343846154145,1.2184880341881248,3.8194981351982253,18.0,0.24385540810749953,8.254999999999981e-05,True,True,True,True,False
3.6576,0.0085,0.007334900000000001,0.0005,13215,UO2,Zircaloy,Zircaloy,Zircaloy,SS316,Light Water Reactor,low,fixed_core_power,870.0,0.9,45.0,True,0.3,0.0,2.903936192455536,8398096.094210712,25494663.24314101,2891969.911745677,251942.88282632135,3089185.5420127558,3627718.1857546805,1681192.3664432766,17096567.148930296,1.3956033869303903,1507.2516578848215,635.4972451162098,1929.2215848006817,0.42162650264258134,1.2799598359759148,1.2776560686138827,3.878666169623984,18.0,0.3010560593919746,8.254999999999981e-05,True,True,True,True,False
3.6576,0.0085,0.007134900000000001,0.0006000000000000001,13215,UO2,Zircaloy,Zircaloy,Zircaloy,SS316,Light Water Reactor,low,fixed_core_power,870.0,0.9,45.0,True,0.3,0.0,2.747732534842448,8345917.709578558,24522855.037361685,3037383.5894682896,250377.53128735672,2923017.262571385,3432582.062971889,1990318.3840352837,16176937.327783128,1.3205334338845547,1426.176108595319,631.5488240316729,1855.683317242655,0.44282667492845823,1.3011600082617916,1.3418990149347219,3.942909115944823,18.0,0.35675143037949003,8.254999999999981e-05,True,True,True,True,False
3.6576,0.0085,0.006934900000000001,0.0007000000000000001,13215,UO2,Zircaloy,Zircaloy,Zircaloy,SS316,Light Water Reactor,low,fixed_core_power,870.0,0.9,45.0,True,0.3,0.0,2.595846937122741,8295372.3879252225,23578101.941062093,3195632.3268889976,248861.17163775666,2761442.5028591435,3242840.240671006,2291089.644395073,15282729.553136872,1.247538698272155,1347.3417941339274,627.7239794116703,1784.1923527099577,0.46589809812525845,1.3242314314585917,1.4118124185613892,4.01282251957149,18.0,0.4109415210700454,8.254999999999981e-05,True,True,True,True,False
3.6576,0.0085,0.006734900000000001,0.0008,13215,UO2,Zircaloy,Zircaloy,Zircaloy,SS316,Light Water Reactor,low,fixed_core_power,870.0,0.9,45.0,True,0.3,0.0,2.4482793992964136,8246460.129250708,22660403.954242233,3368267.580742858,247393.80387752122,2604461.2628760305,3058492.718852031,2583506.147522646,14413943.824991524,1.1766191800931916,1270.7487145006467,624.0227112562019,1714.7486912025904,0.49106696244144366,1.349400295774777,1.488081704368011,4.0890918053781125,18.0,0.4636263314636409,8.254999999999981e-05,True,True,True,True,False
3.6576,0.009000000000000001,0.008034900000000001,0.0004,13215,UO2,Zircaloy,Zircaloy,Zircaloy,SS316,Light Water Reactor,low,fixed_core_power,870.0,0.9,45.0,True,0.3,0.0,3.4846537157617132,9507382.383655138,30022852.522795185,2728357.8682873263,285221.47150965413,3706948.487924442,4353174.731789479,1447259.1639412183,20515470.139140047,1.674690559879125,1808.6658046694554,719.4386972118909,2271.87684621984,0.39777315154325743,1.2561064848765906,1.2053731864947195,3.80638328750482,18.0,0.2589082110770982,8.254999999999981e-05,True,True,True,True,False
3.6576,0.009000000000000001,0.007834900000000002,0.0005,13215,UO2,Zircaloy,Zircaloy,Zircaloy,SS316,Light Water Reactor,low,fixed_core_power,870.0,0.9,45.0,True,0.3,0.0,3.3133368485217947,9449488.278597115,28956351.43383681,2851955.2072747718,283484.6483579134,3524702.8894311213,4139158.557320009,1785626.8318459834,19506863.155239698,1.5923573458162632,1719.745933481564,715.0577585014843,2191.17301807316,0.4157926729641253,1.2741260062974586,1.2599777968609858,3.8609878978710865,18.0,0.3198720631039733,8.254999999999894e-05,True,True,True,True,False
3.6576,0.009000000000000001,0.007634900000000002,0.0006000000000000001,13215,UO2,Zircaloy,Zircaloy,Zircaloy,SS316,Light Water Reactor,low,fixed_core_power,870.0,0.9,45.0,True,0.3,0.0,3.1463380411752557,9393227.236517902,27916905.454358153,2985447.5627193693,281796.8170955371,3347050.810666928,3930536.683332446,2115639.7425185274,18523678.21784025,1.5120993491868369,1633.067297121784,710.8003962556112,2112.5164929518087,0.43525481007939393,1.293588143412727,1.3189539699375572,3.9199640709476573,18.0,0.3793306348338878,8.254999999999981e-05,True,True,True,True,False
3.6576,0.009000000000000001,0.007434900000000001,0.0007000000000000001,13215,UO2,Zircaloy,Zircaloy,Zircaloy,SS316,Light Water Reactor,low,fixed_core_power,870.0,0.9,45.0,True,0.3,0.0,2.9836572937220973,9338599.257417515,26904514.584359236,3129916.856425444,280157.9777225254,3173992.2516318643,3727309.109826792,2437297.8959588595,17565915.32694172,1.4339165699908467,1548.6298955901143,706.6666104742728,2035.9072708557878,0.4563172985918585,1.314650631925192,1.3827796927026015,3.983789793712703,18.0,0.43728392626684315,8.254999999999981e-05,True,True,True,True,False
3.6576,0.009000000000000001,0.007234900000000002,0.0008,13215,UO2,Zircaloy,Zircaloy,Zircaloy,SS316,Light Water Reactor,low,fixed_core_power,870.0,0.9,45.0,True,0.3,0.0,2.82529460616232,9285604.34129595,25919178.82384005,3286596.845880387,278568.1302388785,3005527.212325929,3529475.836803046,2750601.292166974,16633574.482544098,1.357809008228293,1466.4337288865565,702.6564011574688,1961.3453517850965,0.47916001065454655,1.3374933439878798,1.4520000322865045,4.053010133296605,18.0,0.49373193740283833,8.254999999999981e-05,True,True,True,True,False
3.6576,0.0095,0.0085349,0.0004,13215,UO2,Zircaloy,Zircaloy,Zircaloy,SS316,Light Water Reactor,low,fixed_core_power,870.0,0.9,45.0,True,0.3,0.0,3.931837395895048,10625281.10180757,33773490.15413997,2702370.4268392865,318758.4330542271,4182659.1329726833,4911815.232571503,1530806.7362633827,23148209.052332405,1.8896026713075635,2040.7708850121685,804.0318654413599,2555.693541743471,0.39398438665816504,1.2523177199914983,1.1938920807823183,3.794902181792419,18.0,0.2739610140466971,8.254999999999981e-05,True,True,True,True,False
3.6576,0.0095,0.0083349,0.0005,13215,UO2,Zircaloy,Zircaloy,Zircaloy,SS316,Light Water Reactor,low,fixed_core_power,870.0,0.9,45.0,True,0.3,0.0,3.749725378921677,10563304.339302486,32639351.291482255,2817087.4589061816,316899.13017907453,3988929.735156539,4684313.30689726,1890061.2972486853,22076046.95217977,1.8020814136611105,1946.2479267539989,799.3419855696168,2469.871456033466,0.41070922906660684,1.2690425623999404,1.24457342141396,3.8455835224240618,18.0,0.33868806681597124,8.255000000000068e-05,True,True,True,True,False
3.6576,0.0095,0.0081349,0.0006000000000000001,13215,UO2,Zircaloy,Zircaloy,Zircaloy,SS316,Light Water Reactor,low,fixed_core_power,870.0,0.9,45.0,True,0.3,0.0,3.5719314218416893,10502960.63977623,31532267.53830429,2940414.974249673,315088.8191932869,3799793.8570695254,4462205.681704929,2240961.1010017744,21029306.89852806,1.7166353734480946,1853.9662033239422,794.7756821624087,2386.0966733487926,0.4286894123190972,1.2870227456524306,1.2990588252093853,3.9000689262194865,18.0,0.4019098392882861,8.254999999999981e-05,True,True,True,True,False
3.6576,0.0095,0.0079349,0.0007000000000000001,13215,UO2,Zircaloy,Zircaloy,Zircaloy,SS316,Light Water Reactor,low,fixed_core_power,870.0,0.9,45.0,True,0.3,0.0,3.3984555246550796,10444250.00322879,30452238.89460604,3073234.2758226357,313327.50009686366,3615251.4987116386,4245492.356994503,2583506.1475226474,20007988.891377248,1.633264550668514,1763.9257147219948,790.3329552197343,2304.3691936894465,0.4480534234653388,1.306386756798672,1.357737646864663,3.9587477478747632,18.0,0.4636263314636411,8.254999999999981e-05,True,True,True,True,False
3.6576,0.0095,0.0077349,0.0008,13215,UO2,Zircaloy,Zircaloy,Zircaloy,SS316,Light Water Reactor,low,fixed_core_power,870.0,0.9,45.0,True,0.3,0.0,3.229297687361852,10387172.429660175,29399265.36038753,3216542.2439409383,311615.1728898052,3435302.6600828827,4034173.332765988,2917696.436811304,19012092.930727355,1.55196894532237,1676.1264609481598,786.0138047415948,2224.6890170554316,0.46894659982693576,1.327279933160269,1.4210503025058658,4.022060403515966,18.0,0.5238375433420362,8.254999999999938e-05,True,True,True,True,False
3.6576,0.01,0.0090349,0.0004,13215,UO2,Zircaloy,Zircaloy,Zircaloy,SS316,Light Water Reactor,low,fixed_core_power,870.0,0.9,45.0,True,0.3,0.0,4.406008950362012,11805603.696278982,37745439.452434435,2679432.5270966585,354168.11088836944,4687079.276327981,5504170.111365454,1614354.3085855476,25939835.75615545,2.117484891694978,2286.8836830305763,893.3487473536876,2856.257241954933,0.39064022100582857,1.2489735543391622,1.1837582454722078,3.7847683464823096,18.0,0.28901381701629597,8.254999999999981e-05,True,True,True,True,False
3.6576,0.01,0.0088349,0.0005,13215,UO2,Zircaloy,Zircaloy,Zircaloy,SS316,Light Water Reactor,low,fixed_core_power,870.0,0.9,45.0,True,0.3,0.0,4.2131017836551905,11739544.276326846,36543662.81607739,2786437.3753965865,352186.3282898054,4481866.079189014,5263182.434486441,1994495.7626513918,24804118.539750542,2.0247755904649347,2186.7576377021296,888.3499263206089,2765.3168986816036,0.4062406875844263,1.2645740209177596,1.2310323866194735,3.8320424876295744,18.0,0.35750407052796995,8.255000000000068e-05,True,True,True,True,False
3.6576,0.01,0.008634900000000001,0.0006000000000000001,13215,UO2,Zircaloy,Zircaloy,Zircaloy,SS316,Light Water Reactor,low,fixed_core_power,870.0,0.9,45.0,True,0.3,0.0,4.02451267684175,11675117.91935354,35368941.2892001,2901001.6508422648,350253.5375806062,4281246.4017791785,5027589.058089339,2366282.459485022,23693823.369846556,1.9341415066683285,2088.8728272017943,883.4746817520651,2676.4238584336053,0.42294325927708454,1.281276592610418,1.2816462402335895,3.8826563412436905,18.0,0.4244890437426844,8.254999999999981e-05,True,True,True,True,False
3.6576,0.01,0.0084349,0.0007000000000000001,13215,UO2,Zircaloy,Zircaloy,Zircaloy,SS316,Light Water Reactor,low,fixed_core_power,870.0,0.9,45.0,True,0.3,0.0,3.8402416299216915,11612324.625359049,34221274.871802524,3023852.5968991807,348369.73876077146,4085220.244098471,4797389.982174144,2729714.399086434,22608950.246443477,1.8455826403051578,1993.2292515295708,878.7230136480551,2589.5781212109364,0.44085396247006603,1.2991872958033992,1.3359210983941394,3.9369311994042397,18.0,0.4899687366604389,8.254999999999981e-05,True,True,True,True,False
3.6576,0.01,0.0082349,0.0008,13215,UO2,Zircaloy,Zircaloy,Zircaloy,SS316,Light Water Reactor,low,fixed_core_power,870.0,0.9,45.0,True,0.3,0.0,3.66028864289501,11551164.394343376,33100663.56388467,3155806.965323719,346534.9318303013,3893787.60614689,4572585.206740855,3084791.581455632,21549499.169541296,1.7590989913754227,1899.8269106854564,874.0949220085794,2504.7796870135962,0.4600918731555426,1.318425206488876,1.3942177974410381,3.995227898451139,18.0,0.5539431492812338,8.254999999999981e-05,True,True,True,True,False
3.6576,0.0105,0.0095349,0.0004,13215,UO2,Zircaloy,Zircaloy,Zircaloy,SS316,Light Water Reactor,low,fixed_core_power,870.0,0.9,45.0,True,0.3,0.0,4.907168379162603,13048350.167069377,41938700.417678565,2659038.6061494895,391450.5050120813,5220208.9179903325,6130239.368171334,1697901.880907711,28890350.250609186,2.358337221041369,2547.004198724678,987.3893429488745,3173.5679468542235,0.3876669474841363,1.2460002808174697,1.174748325709504,3.775758426719605,18.0,0.3040666199858947,8.254999999999981e-05,True,True,True,True,False
3.6576,0.0105,0.0093349,0.0005,13215,UO2,Zircaloy,Zircaloy,Zircaloy,SS316,Light Water Reactor,low,fixed_core_power,870.0,0.9,45.0,True,0.3,0.0,4.70346606272233,12978208.089670192,40669286.0076222,2759286.0066600554,389346.24269010575,5003511.921528545,5875765.94008755,2098930.228054096,27691077.917952005,2.260439876227735,2441.275066325954,982.0815807544602,3077.509346017571,0.4022822312409325,1.2606155645742658,1.219037064366462,3.820047165376563,18.0,0.37632007423996827,8.255000000000068e-05,True,True,True,True,False
3.6576,0.0105,0.009134900000000001,0.0006000000000000001,13215,UO2,Zircaloy,Zircaloy,Zircaloy,SS316,Light Water Reactor,low,fixed_core_power,870.0,0.9,45.0,True,0.3,0.0,4.50408180617544,12909699.07524983,39426926.70704558,2866222.1582098366,387290.97225749487,4791408.444795887,5626686.812485677,2491603.817968266,26517227.631795745,2.1646177488475384,2337.787168755341,976.8973950245804,2983.4980482062488,0.417872682372831,1.2762060157061645,1.2662808556752454,3.867290956685347,18.0,0.44706824819708235,8.254999999999981e-05,True,True,True,True,False
3.6576,0.0105,0.0089349,0.0007000000000000001,13215,UO2,Zircaloy,Zircaloy,Zircaloy,SS316,Light Water Reactor,low,fixed_core_power,870.0,0.9,45.0,True,0.3,0.0,4.309015609521929,12842823.123808293,38211622.51594868,2980454.0729508195,385284.6937142488,4583898.487792357,5383001.985365711,2875922.6506502237,25368799.39214039,2.0708708389007775,2236.5405060128396,971.8367857592351,2891.534053420256,0.4345267984847559,1.2928601318180892,1.31674787419623,3.9177579752063307,18.0,0.5163111418572371,8.254999999999981e-05,True,True,True,True,False
3.6576,0.0105,0.0087349,0.0008,13215,UO2,Zircaloy,Zircaloy,Zircaloy,SS316,Light Water Reactor,low,fixed_core_power,870.0,0.9,45.0,True,0.3,0.0,4.118267472761798,12777580.235345569,37023373.43433151,3102659.1448604115,383327.40706036706,4380982.050517955,5144711.458727652,3251886.726099961,24245793.198985938,1.9791991463874523,2137.5350780984486,966.8997529584236,2801.617361659592,0.45234333829907375,1.3106766716324072,1.370737388785072,3.971747489795173,18.0,0.5840487552204314,8.254999999999981e-05,True,True,True,True,False
3.6576,0.011,0.0100349,0.0004,13215,UO2,Zircaloy,Zircaloy,Zircaloy,SS316,Light Water Reactor,low,fixed_core_power,870.0,0.9,45.0,True,0.3,0.0,5.4353156822968165,14353520.514178751,46353273.049872346,2640788.7514112783,430605.61542536254,5782048.057959737,6790023.002989137,1781449.453229876,31999752.535693593,2.612159659346734,2821.132432094472,1086.1536522269203,3507.625656441343,0.3850062619784692,1.243339595311803,1.1666856423589975,3.7676957433691,18.0,0.31911942295549356,8.254999999999981e-05,True,True,True,True,False
3.6576,0.011,0.0098349,0.0005,13215,UO2,Zircaloy,Zircaloy,Zircaloy,SS316,Light Water Reactor,low,fixed_core_power,870.0,0.9,45.0,True,0.3,0.0,5.220818216123097,14279295.779332519,45016220.86611667,2735068.563627583,428378.87337997556,5553867.26217513,6522063.8237005845,2203364.6934568034,30736925.08678415,2.5090742709495113,2709.800212625472,1080.5369488711706,3406.448798041368,0.39875151822512395,1.2570848515584574,1.2083379340155271,3.809348035025628,18.0,0.39513607795196715,8.254999999999894e-05,True,True,True,True,False
3.6576,0.011,0.0096349,0.0006000000000000001,13215,UO2,Zircaloy,Zircaloy,Zircaloy,SS316,Light Water Reactor,low,fixed_core_power,870.0,0.9,45.0,True,0.3,0.0,5.010638809842753,14206704.1074651,43706223.7918407,2835307.961044381,426201.12322395295,5330279.986119648,6259498.9448939385,2616925.1764515107,29499519.684375606,2.4080640999857232,2600.7092279845806,1075.0438219799546,3307.3192426667197,0.4133656351936967,1.27169896852703,1.252623136950596,3.8536332379606963,18.0,0.46964745265148017,8.254999999999981e-05,True,True,True,True,False
3.6576,0.011,0.0094349,0.0007000000000000001,13215,UO2,Zircaloy,Zircaloy,Zircaloy,SS316,Light Water Reactor,low,fixed_core_power,870.0,0.9,45.0,True,0.3,0.0,4.8047774634557925,14135745.498576505,42423281.82704448,2942018.773208593,424072.3649572951,5111286.229793296,6002328.366569201,3022130.902214007,28287536.328467973,2.309129146455372,2493.859478171801,1069.6742715532732,3210.236990317403,0.4289232336127576,1.2872565669460911,1.2997673745841138,3.9007774755942153,18.0,0.5426535470540343,8.254999999999981e-05,True,True,True,True,False
3.6576,0.011,0.009234899999999999,0.0008,13215,UO2,Zircaloy,Zircaloy,Zircaloy,SS316,Light Water Reactor,low,fixed_core_power,870.0,0.9,45.0,True,0.3,0.0,4.603234176962212,14066419.952666733,41167394.97172798,3055768.9250451108,421992.59858000197,4896885.993196073,5750552.088726373,3418981.8707442875,27100975.019061252,2.2122694103584566,2389.250963187133,1064.4282975911262,3115.2020409934153,0.4455071124764708,1.303840445809804,1.3500215529590023,3.9510316539691033,18.0,0.6141543611596287,8.254999999999981e-05,True,True,True,True,False
3.6576,0.0115,0.0105349,0.0004,13215,UO2,Zircaloy,Zircaloy,Zircaloy,SS316,Light Water Reactor,low,fixed_core_power,870.0,0.9,45.0,True,0.3,0.0,5.990450859764665,15721114.737607112,50989157.349015824,2624362.5238960255,471633.44212821336,6372596.6962362025,7483521.015818872,1864997.0255520383,35268042.61140871,2.8789522066110775,3109.2683831399636,1189.6416751878253,3858.430370716294,0.3826114470010592,1.2409447803343925,1.1594286272759369,3.760438728286038,18.0,0.33417222592509205,8.254999999999981e-05,True,True,True,True,False
3.6576,0.0115,0.010334900000000001,0.0005,13215,UO2,Zircaloy,Zircaloy,Zircaloy,SS316,Light Water Reactor,low,fixed_core_power,870.0,0.9,45.0,True,0.3,0.0,5.765158243857492,15642807.345313827,49584467.39156082,2713335.295172602,469284.22035941476,6132932.101128772,7202076.085325548,2307799.1588595067,33941660.046247,2.7706787746302637,2992.3330766006843,1183.7160306707399,3752.1352547529946,0.3955829783546193,1.2539163116879528,1.1987362980443008,3.7997463990544023,18.0,0.4139520816639653,8.254999999999894e-05,True,True,True,True,False
3.6576,0.0115,0.0101349,0.0006000000000000001,13215,UO2,Zircaloy,Zircaloy,Zircaloy,SS316,Light Water Reactor,low,fixed_core_power,870.0,0.9,45.0,True,0.3,0.0,5.544183687843699,15566133.015999354,48206832.543585524,2807651.0253673606,466983.9904799806,5897861.025750467,6926025.4553141305,2742246.5349347563,32640699.527586166,2.664480560082885,2877.6390048895164,1177.913962618188,3647.8874418150226,0.40933347116047053,1.2676668044938038,1.240404458062032,3.8414145590721325,18.0,0.49222665710587826,8.254999999999981e-05,True,True,True,True,False
3.6576,0.0115,0.0099349,0.0007000000000000001,13215,UO2,Zircaloy,Zircaloy,Zircaloy,SS316,Light Water Reactor,low,fixed_core_power,870.0,0.9,45.0,True,0.3,0.0,5.327527191723285,15491091.749663709,46856252.80508997,2907745.224412986,464732.7524899112,5667383.470101293,6655369.1257846225,3168339.1537777935,31365161.055426262,2.5603575629689432,2765.186168006459,1172.2354710301709,3545.6869319023817,0.42392641934676156,1.282259752680095,1.2846255131720046,3.885635614182106,18.0,0.5689959522508321,8.254999999999981e-05,True,True,True,True,False
3.6576,0.0115,0.0097349,0.0008,13215,UO2,Zircaloy,Zircaloy,Zircaloy,SS316,Light Water Reactor,low,fixed_core_power,870.0,0.9,45.0,True,0.3,0.0,5.115188755496253,15417683.546306886,45532728.17607415,3014098.6546665826,462530.50638920657,5441499.434181248,6390107.0967370225,3586077.0153886145,30115044.62976726,2.4583097832884375,2654.974565951513,1166.6805559066884,3445.5337250150696,0.43943191428975636,1.2977652476230894,1.3316118614841101,3.9326219624942103,18.0,0.6442599670988262,8.254999999999981e-05,True,True,True,True,False
3.6576,0.012,0.0110349,0.0004,13215,UO2,Zircaloy,Zircaloy,Zircaloy,SS316,Light Water Reactor,low,fixed_core_power,870.0,0.9,45.0,True,0.3,0.0,6.5725739115661375,17151132.83735445,55846353.31510896,2609500.1848777407,514533.9851206335,6991854.83281972,8210733.406660531,1948544.5978742014,38695220.47775451,3.1587148628343953,3411.4120518611476,1297.8534118315893,4225.982089679074,0.3804446346853719,1.2387779680187052,1.1528625293496118,3.7538726303597127,18.0,0.3492250288946906,8.254999999999981e-05,True,True,True,True,False
3.6576,0.012,0.010834900000000001,0.0005,13215,UO2,Zircaloy,Zircaloy,Zircaloy,SS316,Light Water Reactor,low,fixed_core_power,870.0,0.9,45.0,True,0.3,0.0,6.336486145925514,17068742.787614115,54374025.58395463,2693723.6813166006,512062.2836284234,6740706.438389467,7915802.724962437,2412233.624262212,37305282.79634052,3.0452533872699914,3288.873658251591,1291.618826153168,4114.56871615245,0.3927237590634021,1.2510570923967355,1.1900719971618245,3.7910820981719255,18.0,0.4327680853759638,8.254999999999894e-05,True,True,True,True,False
3.6576,0.012,0.010634900000000001,0.0006000000000000001,13215,UO2,Zircaloy,Zircaloy,Zircaloy,SS316,Light Water Reactor,low,fixed_core_power,870.0,0.9,45.0,True,0.3,0.0,6.1047164401782705,16987985.800852593,52928752.96228002,2782764.1082632346,509639.57402557775,6494151.563688342,7626266.34374625,2867567.8934180024,35940767.16142742,2.9338671291390233,3168.5764994701453,1285.5078169392807,4005.2026456511553,0.4057051540823602,1.2640384874156934,1.229409557825334,3.8304196588354342,18.0,0.5148058615602764,8.254999999999981e-05,True,True,True,True,False
3.6576,0.012,0.0104349,0.0007000000000000001,13215,UO2,Zircaloy,Zircaloy,Zircaloy,SS316,Light Water Reactor,low,fixed_core_power,870.0,0.9,45.0,True,0.3,0.0,5.877264794324406,16908861.877069894,51510535.45008513,2876995.0765870805,507265.8563120968,6252190.208716345,7342124.263011971,3314547.40534158,34601673.573015235,2.824556088441491,3050.52057551681,1279.5203841899277,3897.8838781751897,0.4194432892730629,1.2777766226063962,1.271040270524433,3.872050371534534,18.0,0.5953383574476299,8.254999999999981e-05,True,True,True,True,False
3.6576,0.012,0.0102349,0.0008,13215,UO2,Zircaloy,Zircaloy,Zircaloy,SS316,Light Water Reactor,low,fixed_core_power,870.0,0.9,45.0,True,0.3,0.0,5.654131208363923,16831371.016266022,50119373.04736999,2976827.101459561,504941.1304879806,6014822.3734734785,7063376.4827596005,3753172.160032942,33288002.031103965,2.7173202651773947,2934.705886391587,1273.6565279051094,3792.6124137245542,0.43399801452374964,1.2923313478570828,1.315145498556817,3.9161555995669173,18.0,0.6743655730380236,8.254999999999981e-05,True,True,True,True,False
3.6576,0.008,0.0070349,0.0004,13215,UO2,Zircaloy,Zircaloy,Zircaloy,SS316,Light Water Reactor,mean,fixed_core_power,870.0,0.9,45.0,True,0.3,0.0,2.671249978495921,12799472.76781423,28526128.452461615,4791566.821095915,383984.1830344269,5688400.918082274,5830907.830435065,1280164.019296891,15726655.684647383,1.283776663899175,1386.4787970111088,968.5563955969906,2158.617363031526,0.6985728145896992,1.556906147923033,2.1168873169384823,4.717897417948585,18.0,0.22880260513790085,8.254999999999981e-05,True,True,True,True,False
3.6576,0.008,0.0068349000000000005,0.0005,13215,UO2,Zircaloy,Zircaloy,Zircaloy,SS316,Light Water Reactor,mean,fixed_core_power,870.0,0.9,45.0,True,0.3,0.0,2.5215234107229043,12450396.429279862,27295555.362531442,4937648.556556694,373511.89287839585,5369559.644357341,5504078.883881951,1576757.9010405715,14845158.93325158,1.2118195370034934,1308.765099963773,942.1412356624943,2065.4979464647326,0.7198703844475781,1.5782037177809112,2.1814254074169033,4.782435508427003,18.0,0.2822400556799761,8.254999999999981e-05,True,True,True,True,False
3.6576,0.008,0.006634900000000001,0.0006000000000000001,13215,UO2,Zircaloy,Zircaloy,Zircaloy,SS316,Light Water Reactor,mean,fixed_core_power,870.0,0.9,45.0,True,0.3,0.0,2.3761149028432684,12111586.228415247,26100670.45677194,5097222.450784041,363347.5868524574,5059913.6372901825,5186675.5655730255,1864997.0255520376,13989084.228356691,1.1419376275412483,1233.2926377445483,916.5029306405787,1975.079111371316,0.7431350051003984,1.6014683384337318,2.251924257879995,4.852934358890097,18.0,0.3341722259250919,8.254999999999981e-05,True,True,True,True,False
3.6576,0.008,0.0064349,0.0007000000000000001,13215,UO2,Zircaloy,Zircaloy,Zircaloy,SS316,Light Water Reactor,mean,fixed_core_power,870.0,0.9,45.0,True,0.3,0.0,2.235024454857011,11783042.165220369,24941473.735183075,5271996.975073012,353491.26495661103,4759462.896880793,4878697.875508286,2144881.3928312873,13158431.569962705,1.0741309355124387,1160.0614103534335,891.6414805312425,1887.3608577512732,0.768615758246443,1.6269490915797766,2.3291386613528573,4.930148762362959,18.0,0.3845991158732478,8.254999999999981e-05,True,True,True,True,False
3.6576,0.008,0.006234900000000001,0.0008,13215,UO2,Zircaloy,Zircaloy,Zircaloy,SS316,Light Water Reactor,mean,fixed_core_power,870.0,0.9,45.0,True,0.3,0.0,2.0982520667641356,11464764.239695238,23817965.197764874,5463959.464782451,343942.9271908571,4468207.4231291795,4580145.813687739,2416411.0028783195,12353200.958069637,1.008399460917066,1089.071417790431,867.5568853344864,1802.3431856046063,0.7966023817745895,1.6549357151079227,2.41394661143815,5.01495671244825,18.0,0.4335207255244436,8.254999999999981e-05,True,True,True,True,False
3.6576,0.0085,0.007534900000000001,0.0004,13215,UO2,Zircaloy,Zircaloy,Zircaloy,SS316,Light Water Reactor,mean,fixed_core_power,870.0,0.9,45.0,True,0.3,0.0,3.064457909962003,14578662.30602759,32620281.32260596,4757338.078827897,437359.8691808277,6525733.3940223595,6689217.320386176,1363711.5916190546,18041619.01657837,1.472748557409662,1590.5684420024347,1103.1904885378426,2468.4284012565995,0.6935825327635627,1.5519158660968964,2.101765250798675,4.702775351808777,18.0,0.24385540810749953,8.254999999999981e-05,True,True,True,True,False
3.6576,0.0085,0.007334900000000001,0.0005,13215,UO2,Zircaloy,Zircaloy,Zircaloy,SS316,Light Water Reactor,mean,fixed_core_power,870.0,0.9,45.0,True,0.3,0.0,2.903936192455536,14203920.623318864,31300487.772249162,4891264.711745677,426117.6186995659,6183903.953652997,6338824.303222591,1681192.3664432766,17096567.148930296,1.3956033869303903,1507.2516578848215,1074.8331913218967,2368.5575310063687,0.7131079841240628,1.5714413174573962,2.160933285224433,4.761943386234534,18.0,0.3010560593919746,8.254999999999981e-05,True,True,True,True,False
3.6576,0.0085,0.007134900000000001,0.0006000000000000001,13215,UO2,Zircaloy,Zircaloy,Zircaloy,SS316,Light Water Reactor,mean,fixed_core_power,870.0,0.9,45.0,True,0.3,0.0,2.747732534842448,13839445.078279885,30016382.406063013,5036678.38946829,415183.3523483965,5851269.779941406,5997856.914303194,1990318.3840352837,16176937.327783128,1.3205334338845547,1426.176108595319,1047.2527490185307,2271.387242229513,0.7343081564099397,1.5926414897432732,2.2251762315452717,4.826186332555373,18.0,0.35675143037949003,8.254999999999981e-05,True,True,True,True,False
3.6576,0.0085,0.006934900000000001,0.0007000000000000001,13215,UO2,Zircaloy,Zircaloy,Zircaloy,SS316,Light Water Reactor,mean,fixed_core_power,870.0,0.9,45.0,True,0.3,0.0,2.595846937122741,13485235.670910645,28767965.22404752,5194927.126888998,404557.07012731937,5527830.872887587,5666315.153627986,2291089.644395073,15282729.553136872,1.247538698272155,1347.3417941339274,1020.4491616277446,2176.9175349260327,0.75737957960674,1.6157129129400736,2.295089635171939,4.896099736182041,18.0,0.4109415210700454,8.254999999999981e-05,True,True,True,True,False
3.6576,0.0085,0.006734900000000001,0.0008,13215,UO2,Zircaloy,Zircaloy,Zircaloy,SS316,Light Water Reactor,mean,fixed_core_power,870.0,0.9,45.0,True,0.3,0.0,2.4482793992964136,13141292.401211154,27555236.226202678,5367562.380742859,394238.7720363346,5213587.232491541,5344199.021196965,2583506.147522646,14413943.824991524,1.1766191800931916,1270.7487145006467,994.4224291495386,2085.148409095927,0.7825484439229252,1.6408817772562585,2.3713589209785613,4.972369021988662,18.0,0.4636263314636409,8.254999999999981e-05,True,True,True,True,False
3.6576,0.009000000000000001,0.008034900000000001,0.0004,13215,UO2,Zircaloy,Zircaloy,Zircaloy,SS316,Light Water Reactor,mean,fixed_core_power,870.0,0.9,45.0,True,0.3,0.0,3.4846537157617132,16474232.43737821,36989702.57651825,4727652.668287326,494226.97312134627,7420536.286573525,7606436.986863467,1447259.1639412183,20515470.139140047,1.674690559879125,1808.6658046694554,1246.6312854618395,2799.069434469788,0.6892546330247389,1.5475879663580718,2.088650403105269,4.689660504115369,18.0,0.2589082110770982,8.254999999999981e-05,True,True,True,True,False
3.6576,0.009000000000000001,0.007834900000000002,0.0005,13215,UO2,Zircaloy,Zircaloy,Zircaloy,SS316,Light Water Reactor,mean,fixed_core_power,870.0,0.9,45.0,True,0.3,0.0,3.3133368485217947,16073825.410495127,35580688.565734826,4851250.007274772,482214.7623148538,7055718.679559732,7232479.899089411,1785626.8318459834,19506863.155239698,1.5923573458162632,1719.745933481564,1216.331850964444,2692.44711053612,0.7072741544456068,1.5656074877789403,2.143255013471536,4.744265114481637,18.0,0.3198720631039733,8.254999999999894e-05,True,True,True,True,False
3.6576,0.009000000000000001,0.007634900000000002,0.0006000000000000001,13215,UO2,Zircaloy,Zircaloy,Zircaloy,SS316,Light Water Reactor,mean,fixed_core_power,870.0,0.9,45.0,True,0.3,0.0,3.1463380411752557,15683684.521281777,34207362.739122026,4984742.362719369,470510.53563845326,6700096.339203708,6867948.439559541,2115639.7425185274,18523678.21784025,1.5120993491868369,1633.067297121784,1186.8092713796275,2588.5253680758246,0.7267362915608754,1.5850696248942082,2.202231186548107,4.8032412875582065,18.0,0.3793306348338878,8.254999999999981e-05,True,True,True,True,False
3.6576,0.009000000000000001,0.007434900000000001,0.0007000000000000001,13215,UO2,Zircaloy,Zircaloy,Zircaloy,SS316,Light Water Reactor,mean,fixed_core_power,870.0,0.9,45.0,True,0.3,0.0,2.9836572937220973,15303809.769738179,32869725.0966799,5129211.656425444,459114.29309214535,6353669.265505457,6512842.608273861,2437297.8959588595,17565915.32694172,1.4339165699908467,1548.6298955901143,1158.0635467073914,2487.3042070889064,0.74779878007334,1.6061321134066735,2.2660569093131513,4.867067010323253,18.0,0.43728392626684315,8.254999999999981e-05,True,True,True,True,False
3.6576,0.009000000000000001,0.007234900000000002,0.0008,13215,UO2,Zircaloy,Zircaloy,Zircaloy,SS316,Light Water Reactor,mean,fixed_core_power,870.0,0.9,45.0,True,0.3,0.0,2.82529460616232,14934201.155864324,31567775.638408422,5285891.645880387,448026.0346759297,6016437.45846498,6167162.405232369,2750601.292166974,16633574.482544098,1.357809008228293,1466.4337288865565,1130.0946769477355,2388.783627575363,0.770641492136028,1.6289748254693612,2.335277248897054,4.936287349907155,18.0,0.49373193740283833,8.254999999999981e-05,True,True,True,True,False
3.6576,0.0095,0.0085349,0.0004,13215,UO2,Zircaloy,Zircaloy,Zircaloy,SS316,Light Water Reactor,mean,fixed_core_power,870.0,0.9,45.0,True,0.3,0.0,3.931837395895048,18486183.16186608,41634392.214198485,4701665.226839286,554585.4948559824,8372809.595735766,8582566.829866933,1530806.7362633827,23148209.052332405,1.8896026713075635,2040.7708850121685,1398.8787863689806,3150.5404626710924,0.6854658681396464,1.54379920147298,2.0771692973928677,4.678179398402969,18.0,0.2739610140466971,8.254999999999981e-05,True,True,True,True,False
3.6576,0.0095,0.0083349,0.0005,13215,UO2,Zircaloy,Zircaloy,Zircaloy,SS316,Light Water Reactor,mean,fixed_core_power,870.0,0.9,45.0,True,0.3,0.0,3.749725378921677,18060110.79080862,40136157.74298839,4816382.258906181,541803.3237242587,7985003.822077537,8185045.671482402,1890061.2972486853,22076046.95217977,1.8020814136611105,1946.2479267539989,1366.6372145901341,3037.1666850539837,0.7021907105480882,1.5605240438814219,2.1278506380245097,4.728860739034611,18.0,0.33868806681597124,8.255000000000068e-05,True,True,True,True,False
3.6576,0.0095,0.0081349,0.0006000000000000001,13215,UO2,Zircaloy,Zircaloy,Zircaloy,SS316,Light Water Reactor,mean,fixed_core_power,870.0,0.9,45.0,True,0.3,0.0,3.5719314218416893,17644304.557420924,38673611.455948986,4939709.774249673,529329.1367226277,7606393.315077086,7796950.141342065,2240961.1010017744,21029306.89852806,1.7166353734480946,1853.9662033239422,1335.1724977238687,2926.4934889102524,0.7201708938005786,1.578504227133912,2.1823360418199353,4.783346142830037,18.0,0.4019098392882861,8.254999999999981e-05,True,True,True,True,False
3.6576,0.0095,0.0079349,0.0007000000000000001,13215,UO2,Zircaloy,Zircaloy,Zircaloy,SS316,Light Water Reactor,mean,fixed_core_power,870.0,0.9,45.0,True,0.3,0.0,3.3984555246550796,17238764.46170296,37246753.35308021,5072529.075822636,517162.9338510888,7236978.074734403,7418280.239445912,2583506.1475226474,20007988.891377248,1.633264550668514,1763.9257147219948,1304.4846357701824,2818.520874239895,0.7395349049468203,1.5978682382801537,2.241014863475213,4.842024964485314,18.0,0.4636263314636411,8.254999999999981e-05,True,True,True,True,False
3.6576,0.0095,0.0077349,0.0008,13215,UO2,Zircaloy,Zircaloy,Zircaloy,SS316,Light Water Reactor,mean,fixed_core_power,870.0,0.9,45.0,True,0.3,0.0,3.229297687361852,16843490.503654752,35855583.43438211,5215837.043940938,505304.71510964254,6876758.101049496,7049035.9657939505,2917696.436811304,19012092.930727355,1.55196894532237,1676.1264609481598,1274.573628729077,2713.248841042914,0.7604280813084173,1.6187614146417506,2.304327519116416,4.905337620126517,18.0,0.5238375433420362,8.254999999999938e-05,True,True,True,True,False
3.6576,0.01,0.0090349,0.0004,13215,UO2,Zircaloy,Zircaloy,Zircaloy,SS316,Light Water Reactor,mean,fixed_core_power,870.0,0.9,45.0,True,0.3,0.0,4.406008950362012,20614514.47949121,46554350.235646665,4678727.327096659,618435.4343847363,9382553.321509086,9617606.849396577,1614354.3085855476,25939835.75615545,2.117484891694978,2286.8836830305763,1559.9329912592668,3522.841485860512,0.6821217024873101,1.5404550358206437,2.0670354620827576,4.66804556309286,18.0,0.28901381701629597,8.254999999999981e-05,True,True,True,True,False
3.6576,0.01,0.0088349,0.0005,13215,UO2,Zircaloy,Zircaloy,Zircaloy,SS316,Light Water Reactor,mean,fixed_core_power,870.0,0.9,45.0,True,0.3,0.0,4.2131017836551905,20162776.764259394,44966895.30400994,4785732.175396587,604883.3029277818,8971759.381206427,9196521.620401576,1994495.7626513918,24804118.539750542,2.0247755904649347,2186.7576377021296,1525.7492821989704,3402.716254559965,0.6977221690659078,1.556055502399241,2.1143096032300237,4.715319704240124,18.0,0.35750407052796995,8.255000000000068e-05,True,True,True,True,False
3.6576,0.01,0.008634900000000001,0.0006000000000000001,13215,UO2,Zircaloy,Zircaloy,Zircaloy,SS316,Light Water Reactor,mean,fixed_core_power,870.0,0.9,45.0,True,0.3,0.0,4.02451267684175,19721305.18669733,43415128.55654389,4900296.450842264,591639.1556009199,8570160.707561543,8784862.019650767,2366282.459485022,23693823.369846556,1.9341415066683285,2088.8728272017943,1492.3424280512547,3285.291604732795,0.714424740758566,1.5727580740918994,2.1649234568441393,4.7659335578542406,18.0,0.4244890437426844,8.254999999999981e-05,True,True,True,True,False
3.6576,0.01,0.0084349,0.0007000000000000001,13215,UO2,Zircaloy,Zircaloy,Zircaloy,SS316,Light Water Reactor,mean,fixed_core_power,870.0,0.9,45.0,True,0.3,0.0,3.8402416299216915,19290099.746805012,41899049.99324849,5023147.3968991805,578702.9924041503,8177757.300574432,8382628.047144146,2729714.399086434,22608950.246443477,1.8455826403051578,1993.2292515295708,1459.712428816119,3170.5675363790006,0.7323354439515475,1.5906687772848809,2.2191983150046894,4.820208416014791,18.0,0.4899687366604389,8.254999999999981e-05,True,True,True,True,False
3.6576,0.01,0.0082349,0.0008,13215,UO2,Zircaloy,Zircaloy,Zircaloy,SS316,Light Water Reactor,mean,fixed_core_power,870.0,0.9,45.0,True,0.3,0.0,3.66028864289501,18869160.44458243,40418659.614123724,5155101.76532372,566074.8133374728,7794549.160245089,7989819.702881708,3084791.581455632,21549499.169541296,1.7590989913754227,1899.8269106854564,1427.8592844935624,3058.544049498579,0.7515733546370241,1.6099066879703574,2.277495014051588,4.878505115061689,18.0,0.5539431492812338,8.254999999999981e-05,True,True,True,True,False
3.6576,0.0105,0.0095349,0.0004,13215,UO2,Zircaloy,Zircaloy,Zircaloy,SS316,Light Water Reactor,mean,fixed_core_power,870.0,0.9,45.0,True,0.3,0.0,4.907168379162603,22859226.3902536,51749576.640862785,4658333.40614949,685776.7917076079,10449767.463893484,10711557.045452403,1697901.880907711,28890350.250609186,2.358337221041369,2547.004198724678,1729.7939001326977,3915.9725040380467,0.6791484289656179,1.5374817622989514,2.058025542320054,4.659035643330156,18.0,0.3040666199858947,8.254999999999981e-05,True,True,True,True,False
3.6576,0.0105,0.0093349,0.0005,13215,UO2,Zircaloy,Zircaloy,Zircaloy,SS316,Light Water Reactor,mean,fixed_core_power,870.0,0.9,45.0,True,0.3,0.0,4.70346606272233,22381823.33084742,50072901.24879943,4758580.806660055,671454.6999254226,10015985.356946394,10266907.74584693,2098930.228054096,27691077.917952005,2.260439876227735,2441.275066325954,1693.6680537909513,3789.095819054062,0.693763712722414,1.5520970460557473,2.102314280977012,4.7033243819871124,18.0,0.37632007423996827,8.255000000000068e-05,True,True,True,True,False
3.6576,0.0105,0.009134900000000001,0.0006000000000000001,13215,UO2,Zircaloy,Zircaloy,Zircaloy,SS316,Light Water Reactor,mean,fixed_core_power,870.0,0.9,45.0,True,0.3,0.0,4.50408180617544,21914686.409110993,48431914.04090674,4865516.958209836,657440.5922733297,9591398.51665708,9831684.074485648,2491603.817968266,26517227.631795745,2.1646177488475384,2337.787168755341,1658.3190623617854,3664.919715543454,0.7093541638543125,1.5676874971876462,2.1495580722857954,4.750568173295897,18.0,0.44706824819708235,8.254999999999981e-05,True,True,True,True,False
3.6576,0.0105,0.0089349,0.0007000000000000001,13215,UO2,Zircaloy,Zircaloy,Zircaloy,SS316,Light Water Reactor,mean,fixed_core_power,870.0,0.9,45.0,True,0.3,0.0,4.309015609521929,21457815.625044316,46826615.017184705,4979748.872950819,643734.4687513295,9176006.943025537,9405886.031368556,2875922.6506502237,25368799.39214039,2.0708708389007775,2236.5405060128396,1623.7469258452,3543.4441935062205,0.7260082799662374,1.5843416132995707,2.20002509080678,4.80103519181688,18.0,0.5163111418572371,8.254999999999981e-05,True,True,True,True,False
3.6576,0.0105,0.0087349,0.0008,13215,UO2,Zircaloy,Zircaloy,Zircaloy,SS316,Light Water Reactor,mean,fixed_core_power,870.0,0.9,45.0,True,0.3,0.0,4.118267472761798,21011210.978647374,45257004.177633315,5101953.944860412,630336.3293594212,8769810.636051765,8989513.616495648,3251886.726099961,24245793.198985938,1.9791991463874523,2137.5350780984486,1589.9516442411937,3424.669252942362,0.7438248197805553,1.6021581531138887,2.254014605395622,4.855024706405723,18.0,0.5840487552204314,8.254999999999981e-05,True,True,True,True,False
3.6576,0.011,0.0100349,0.0004,13215,UO2,Zircaloy,Zircaloy,Zircaloy,SS316,Light Water Reactor,mean,fixed_core_power,870.0,0.9,45.0,True,0.3,0.0,5.4353156822968165,25220318.89415323,57220071.42984682,4640083.551411279,756609.5668245968,11574452.022888957,11864417.418034399,1781449.453229876,31999752.535693593,2.612159659346734,2821.132432094472,1908.461512989272,4329.9335172036945,0.6764877434599508,1.5348210767932844,2.0499628589695478,4.65097295997965,18.0,0.31911942295549356,8.254999999999981e-05,True,True,True,True,False
3.6576,0.011,0.0098349,0.0005,13215,UO2,Zircaloy,Zircaloy,Zircaloy,SS316,Light Water Reactor,mean,fixed_core_power,870.0,0.9,45.0,True,0.3,0.0,5.220818216123097,24717250.490572702,55454175.57735685,4734363.363627583,741517.514717181,11117681.749297438,11396204.04781846,2203364.6934568034,30736925.08678415,2.5090742709495113,2709.800212625472,1870.3935293660766,4196.305378536274,0.6902329997066053,1.5485663330399388,2.0916151506260765,4.692625251636178,18.0,0.39513607795196715,8.254999999999894e-05,True,True,True,True,False
3.6576,0.011,0.0096349,0.0006000000000000001,13215,UO2,Zircaloy,Zircaloy,Zircaloy,SS316,Light Water Reactor,mean,fixed_core_power,870.0,0.9,45.0,True,0.3,0.0,5.010638809842753,24224448.224661905,53723967.909037516,4834602.761044381,726733.4467398571,10670106.74236369,10937416.305846704,2616925.1764515107,29499519.684375606,2.4080640999857232,2600.7092279845806,1833.10240065546,4065.377821342226,0.7048471166751781,1.5631804500085118,2.1359003535611456,4.736910454571247,18.0,0.46964745265148017,8.254999999999981e-05,True,True,True,True,False
3.6576,0.011,0.0094349,0.0007000000000000001,13215,UO2,Zircaloy,Zircaloy,Zircaloy,SS316,Light Water Reactor,mean,fixed_core_power,870.0,0.9,45.0,True,0.3,0.0,4.8047774634557925,23741912.09642086,52029448.424888834,4941313.573208593,712257.3628926259,10231727.002087714,10488054.19211914,3022130.902214007,28287536.328467973,2.309129146455372,2493.859478171801,1796.5881268574242,3937.150845621554,0.7204047150942391,1.5787380484275726,2.1830445911946637,4.784054692204765,18.0,0.5426535470540343,8.254999999999981e-05,True,True,True,True,False
3.6576,0.011,0.009234899999999999,0.0008,13215,UO2,Zircaloy,Zircaloy,Zircaloy,SS316,Light Water Reactor,mean,fixed_core_power,870.0,0.9,45.0,True,0.3,0.0,4.603234176962212,23269642.105849564,50370617.12491082,5055063.725045111,698089.2631754869,9802542.528469512,10048117.706635762,3418981.8707442875,27100975.019061252,2.2122694103584566,2389.250963187133,1760.8507079719686,3811.6244513742577,0.7369885939579524,1.5953219272912857,2.2332987695695525,4.834308870579654,18.0,0.6141543611596287,8.254999999999981e-05,True,True,True,True,False
3.6576,0.0115,0.0105349,0.0004,13215,UO2,Zircaloy,Zircaloy,Zircaloy,SS316,Light Water Reactor,mean,fixed_core_power,870.0,0.9,45.0,True,0.3,0.0,5.990450859764665,27697791.99119014,62965834.602598846,4623657.323896026,830933.7597357042,12756606.998495515,13076187.967142584,1864997.0255520383,35268042.61140871,2.8789522066110775,3109.2683831399636,2095.9358298289926,4764.724525357461,0.6740929284825408,1.532426261815874,2.042705843886487,4.643715944896588,18.0,0.33417222592509205,8.254999999999981e-05,True,True,True,True,False
3.6576,0.0115,0.010334900000000001,0.0005,13215,UO2,Zircaloy,Zircaloy,Zircaloy,SS316,Light Water Reactor,mean,fixed_core_power,870.0,0.9,45.0,True,0.3,0.0,5.765158243857492,27169058.243435245,61110718.28968224,4712630.095172603,815071.7473030573,12276848.558259565,12584410.526316173,2307799.1588595067,33941660.046247,2.7706787746302637,2992.3330766006843,2055.925708924347,4624.344933006601,0.6870644598361009,1.5453977931694343,2.082013514654851,4.683023615664952,18.0,0.4139520816639653,8.254999999999894e-05,True,True,True,True,False
3.6576,0.0115,0.0101349,0.0006000000000000001,13215,UO2,Zircaloy,Zircaloy,Zircaloy,SS316,Light Water Reactor,mean,fixed_core_power,870.0,0.9,45.0,True,0.3,0.0,5.544183687843699,26650590.63335008,59291290.16093625,4806945.825367359,799517.7190005024,11806285.384681383,12102058.713733943,2742246.5349347563,32640699.527586166,2.664480560082885,2877.6390048895164,2016.69244293228,4486.665922129115,0.7008149526419519,1.5591482859752852,2.1236816746725813,4.7246917756826825,18.0,0.49222665710587826,8.254999999999981e-05,True,True,True,True,False
3.6576,0.0115,0.0099349,0.0007000000000000001,13215,UO2,Zircaloy,Zircaloy,Zircaloy,SS316,Light Water Reactor,mean,fixed_core_power,870.0,0.9,45.0,True,0.3,0.0,5.327527191723285,26142389.16093468,57507550.21636094,4907040.024412987,784271.6748280403,11344917.477760978,11629132.529395908,3168339.1537777935,31365161.055426262,2.5603575629689432,2765.186168006459,1978.2360318527944,4351.687492725005,0.7154079008282431,1.5737412341615764,2.1679027297825546,4.768912830792655,18.0,0.5689959522508321,8.254999999999981e-05,True,True,True,True,False
3.6576,0.0115,0.0097349,0.0008,13215,UO2,Zircaloy,Zircaloy,Zircaloy,SS316,Light Water Reactor,mean,fixed_core_power,870.0,0.9,45.0,True,0.3,0.0,5.115188755496253,25644453.826189015,55759498.45595628,5013393.454666582,769333.6147856704,10892744.837498343,11165631.973302057,3586077.0153886145,30115044.62976726,2.4583097832884375,2654.974565951513,1940.5564756858885,4219.40964479427,0.7309133957712378,1.589246729104571,2.21488907809466,4.81589917910476,18.0,0.6442599670988262,8.254999999999981e-05,True,True,True,True,False
3.6576,0.012,0.0110349,0.0004,13215,UO2,Zircaloy,Zircaloy,Zircaloy,SS316,Light Water Reactor,mean,fixed_core_power,870.0,0.9,45.0,True,0.3,0.0,6.5725739115661375,30291645.68136429,68986866.1591188,4608794.984877741,908749.3704409287,13996232.390713148,14346868.69277694,1948544.5978742014,38695220.47775451,3.1587148628343953,3411.4120518611476,2292.216850651857,5220.3455284993415,0.6719261161668534,1.5302594495001864,2.0361397459601616,4.637149846970262,18.0,0.3492250288946906,8.254999999999981e-05,True,True,True,True,False
3.6576,0.012,0.010834900000000001,0.0005,13215,UO2,Zircaloy,Zircaloy,Zircaloy,SS316,Light Water Reactor,mean,fixed_core_power,870.0,0.9,45.0,True,0.3,0.0,6.336486145925514,29737246.58943504,67042529.38577556,4693018.481316601,892117.3976830512,13493485.783832766,13831527.18134006,2412233.624262212,37305282.79634052,3.0452533872699914,3288.873658251591,2250.264592465762,5073.214482465044,0.6842052405448837,1.5425385738782171,2.073349213772375,4.674359314782476,18.0,0.4327680853759638,8.254999999999894e-05,True,True,True,True,False
3.6576,0.012,0.010634900000000001,0.0006000000000000001,13215,UO2,Zircaloy,Zircaloy,Zircaloy,SS316,Light Water Reactor,mean,fixed_core_power,870.0,0.9,45.0,True,0.3,0.0,6.1047164401782705,29193113.635175522,65133880.79660295,4782058.908263235,875793.4090552656,12999934.443610158,13325611.298147362,2867567.8934180024,35940767.16142742,2.9338671291390233,3168.5764994701453,2209.089189192245,4928.78401790412,0.6971866355638416,1.555519968897175,2.1126867744358835,4.713696875445985,18.0,0.5148058615602764,8.254999999999981e-05,True,True,True,True,False
3.6576,0.012,0.0104349,0.0007000000000000001,13215,UO2,Zircaloy,Zircaloy,Zircaloy,SS316,Light Water Reactor,mean,fixed_core_power,870.0,0.9,45.0,True,0.3,0.0,5.877264794324406,28659246.81858575,63260920.39160098,4876289.876587081,859777.4045575724,12515578.370045317,12829121.043198852,3314547.40534158,34601673.573015235,2.824556088441491,3050.52057551681,2168.690640831309,4787.054134816571,0.7109247707545444,1.5692581040878777,2.154317487134983,4.755327588145084,18.0,0.5953383574476299,8.254999999999981e-05,True,True,True,True,False
3.6576,0.012,0.0102349,0.0008,13215,UO2,Zircaloy,Zircaloy,Zircaloy,SS316,Light Water Reactor,mean,fixed_core_power,870.0,0.9,45.0,True,0.3,0.0,5.654131208363923,28135646.13966573,61423648.17076969,4976121.901459561,844069.3841899718,12040417.563138252,12342056.416494533,3753172.160032942,33288002.031103965,2.7173202651773947,2934.705886391587,2129.0689473829534,4648.024833202398,0.7254794960052311,1.5838128293385643,2.198422715167367,4.799432816177467,18.0,0.6743655730380236,8.254999999999981e-05,True,True,True,True,False
3.6576,0.008,0.0070349,0.0004,13215,UO2,Zircaloy,Zircaloy,Zircaloy,SS316,Light Water Reactor,high,fixed_core_power,870.0,0.9,45.0,True,0.3,0.0,2.671249978495921,19266572.17125283,34993227.85590021,7212568.021095915,577997.1651375849,9649753.779317617,8336654.372638321,1280164.019296891,15726655.684647383,1.283776663899175,1386.4787970111088,1457.9320598753561,2647.993027309891,1.0515357775526624,1.9098691108859958,3.186472053189886,5.787482154199987,18.0,0.22880260513790085,8.254999999999981e-05,True,True,True,True,False
3.6576,0.008,0.0068349000000000005,0.0005,13215,UO2,Zircaloy,Zircaloy,Zircaloy,SS316,Light Water Reactor,high,fixed_core_power,870.0,0.9,45.0,True,0.3,0.0,2.5215234107229043,18555007.632468108,33400166.565719686,7358649.756556695,556650.2289740433,9108874.219237862,7869375.512189672,1576757.9010405715,14845158.93325158,1.2118195370034934,1308.765099963773,1404.086843168226,2527.4435539704646,1.0728333474105411,1.9311666807438743,3.2510101436683065,5.852020244678407,18.0,0.2822400556799761,8.254999999999981e-05,True,True,True,True,False
3.6576,0.008,0.006634900000000001,0.0006000000000000001,13215,UO2,Zircaloy,Zircaloy,Zircaloy,SS316,Light Water Reactor,high,fixed_core_power,870.0,0.9,45.0,True,0.3,0.0,2.3761149028432684,17864163.25953668,31853247.487893373,7518223.650784039,535924.8977861004,8583593.42943828,7415572.804546363,1864997.0255520376,13989084.228356691,1.1419376275412483,1233.2926377445483,1351.8095542593023,2410.3857349900395,1.0960979680633611,1.9544313013966943,3.3215089941313973,5.922519095141498,18.0,0.3341722259250919,8.254999999999981e-05,True,True,True,True,False
3.6576,0.008,0.0064349,0.0007000000000000001,13215,UO2,Zircaloy,Zircaloy,Zircaloy,SS316,Light Water Reactor,high,fixed_core_power,870.0,0.9,45.0,True,0.3,0.0,2.235024454857011,17194039.052458536,30352470.622421242,7692998.175073011,515821.17157375603,8073911.409918863,6975246.249708385,2144881.3928312873,13158431.569962705,1.0741309355124387,1160.0614103534335,1301.100193148584,2296.8195703686147,1.121578721209406,1.9799120545427396,3.39872339760426,5.999733498614362,18.0,0.3845991158732478,8.254999999999981e-05,True,True,True,True,False
3.6576,0.008,0.006234900000000001,0.0008,13215,UO2,Zircaloy,Zircaloy,Zircaloy,SS316,Light Water Reactor,high,fixed_core_power,870.0,0.9,45.0,True,0.3,0.0,2.0982520667641356,16544635.011233691,28897835.96930333,7884960.6647824515,496339.0503370107,7579828.160679622,6548395.847675749,2416411.0028783195,12353200.958069637,1.008399460917066,1089.071417790431,1251.958759836072,2186.745060106192,1.1495653447375525,2.0078986780708856,3.483531347689553,6.084541448699653,18.0,0.4335207255244436,8.254999999999981e-05,True,True,True,True,False
3.6576,0.0085,0.007534900000000001,0.0004,13215,UO2,Zircaloy,Zircaloy,Zircaloy,SS316,Light Water Reactor,high,fixed_core_power,870.0,0.9,45.0,True,0.3,0.0,3.064457909962003,21997718.58339509,40039337.599973455,7178339.278827897,659931.5575018526,11070197.299492747,9563809.69228329,1363711.5916190546,18041619.01657837,1.472748557409662,1590.5684420024347,1664.6022386224056,3029.840151341162,1.0465454957265257,1.9048788290598588,3.1713499870500774,5.772360088060178,18.0,0.24385540810749953,8.254999999999981e-05,True,True,True,True,False
3.6576,0.0085,0.007334900000000001,0.0005,13215,UO2,Zircaloy,Zircaloy,Zircaloy,SS316,Light Water Reactor,high,fixed_core_power,870.0,0.9,45.0,True,0.3,0.0,2.903936192455536,21234353.629977144,38330920.77890744,7312265.911745676,637030.6088993143,10490320.813712569,9062840.4498213,1681192.3664432766,17096567.148930296,1.3956033869303903,1507.2516578848215,1606.8372024197613,2900.561542104233,1.0660709470870258,1.924404280420359,3.2305180214758353,5.831528122485936,18.0,0.3010560593919746,8.254999999999981e-05,True,True,True,True,False
3.6576,0.0085,0.007134900000000001,0.0006000000000000001,13215,UO2,Zircaloy,Zircaloy,Zircaloy,SS316,Light Water Reactor,high,fixed_core_power,870.0,0.9,45.0,True,0.3,0.0,2.747732534842448,20491708.842412487,36668646.17019562,7457679.589468288,614751.2652723746,9926043.098212559,8575347.360164648,1990318.3840352837,16176937.327783128,1.3205334338845547,1426.176108595319,1550.6400940153226,2774.774587226305,1.0872711193729026,1.945604452706236,3.294760967796674,5.895771068806775,18.0,0.35675143037949003,8.254999999999981e-05,True,True,True,True,False
3.6576,0.0085,0.006934900000000001,0.0007000000000000001,13215,UO2,Zircaloy,Zircaloy,Zircaloy,SS316,Light Water Reactor,high,fixed_core_power,870.0,0.9,45.0,True,0.3,0.0,2.595846937122741,19769784.220701125,35052513.773838,7615928.326888997,593093.5266210337,9377364.15299272,8101330.423313332,2291089.644395073,15282729.553136872,1.247538698272155,1347.3417941339274,1496.01091340909,2652.479286707378,1.1103425425697029,1.9686758759030363,3.364674371423342,5.965684472433443,18.0,0.4109415210700454,8.254999999999981e-05,True,True,True,True,False
3.6576,0.0085,0.006734900000000001,0.0008,13215,UO2,Zircaloy,Zircaloy,Zircaloy,SS316,Light Water Reactor,high,fixed_core_power,870.0,0.9,45.0,True,0.3,0.0,2.4482793992964136,19068579.76484305,33482523.589834575,7788563.580742858,572057.3929452915,8844283.978053052,7640789.6392673515,2583506.147522646,14413943.824991524,1.1766191800931916,1270.7487145006467,1442.9496606010632,2533.6756405474516,1.1355114068858883,1.9938447402192216,3.440943657229964,6.041953758240065,18.0,0.4636263314636409,8.254999999999981e-05,True,True,True,True,False
3.6576,0.009000000000000001,0.008034900000000001,0.0004,13215,UO2,Zircaloy,Zircaloy,Zircaloy,SS316,Light Water Reactor,high,fixed_core_power,870.0,0.9,45.0,True,0.3,0.0,3.4846537157617132,24910583.264821775,45426053.40396182,7148653.868287326,747317.4979446533,12588133.13391894,10875190.966961617,1447259.1639412183,20515470.139140047,1.674690559879125,1808.6658046694554,1885.023326887762,3437.461475895711,1.0422175959877018,1.900550929321035,3.158235139356672,5.759245240366773,18.0,0.2589082110770982,8.254999999999981e-05,True,True,True,True,False
3.6576,0.009000000000000001,0.007834900000000002,0.0005,13215,UO2,Zircaloy,Zircaloy,Zircaloy,SS316,Light Water Reactor,high,fixed_core_power,870.0,0.9,45.0,True,0.3,0.0,3.3133368485217947,24095417.89677061,43602281.05201031,7272251.207274772,722862.5369031184,11969259.72243834,10340531.342486287,1785626.8318459834,19506863.155239698,1.5923573458162632,1719.745933481564,1823.3384711896035,3299.45373076128,1.0602371174085699,1.9185704507419037,3.2128397497229386,5.813849850733042,18.0,0.3198720631039733,8.254999999999894e-05,True,True,True,True,False
3.6576,0.009000000000000001,0.007634900000000002,0.0006000000000000001,13215,UO2,Zircaloy,Zircaloy,Zircaloy,SS316,Light Water Reactor,high,fixed_core_power,870.0,0.9,45.0,True,0.3,0.0,3.1463380411752557,23300972.694572717,41824650.91241297,7405743.562719368,699029.1808371815,11365985.081237901,9819347.870816289,2115639.7425185274,18523678.21784025,1.5120993491868369,1633.067297121784,1763.2215432896494,3164.9376399858475,1.0796992545238382,1.9380325878571716,3.2718159227995094,5.87282602380961,18.0,0.3793306348338878,8.254999999999981e-05,True,True,True,True,False
3.6576,0.009000000000000001,0.007434900000000001,0.0007000000000000001,13215,UO2,Zircaloy,Zircaloy,Zircaloy,SS316,Light Water Reactor,high,fixed_core_power,870.0,0.9,45.0,True,0.3,0.0,2.9836572937220973,22527247.658228125,40093162.98516984,7550212.856425444,675817.4297468438,10778309.210317638,9311640.55195163,2437297.8959588595,17565915.32694172,1.4339165699908467,1548.6298955901143,1704.672543187902,3033.913203569417,1.1007617430363028,1.9590950763696364,3.3356416455645537,5.936651746574656,18.0,0.43728392626684315,8.254999999999981e-05,True,True,True,True,False
3.6576,0.009000000000000001,0.007234900000000002,0.0008,13215,UO2,Zircaloy,Zircaloy,Zircaloy,SS316,Light Water Reactor,high,fixed_core_power,870.0,0.9,45.0,True,0.3,0.0,2.82529460616232,21774242.787736822,38407817.27028092,7706892.845880385,653227.2836321046,10206232.109677542,8817409.385892307,2750601.292166974,16633574.482544098,1.357809008228293,1466.4337288865565,1647.6914708843603,2906.380421511988,1.1236044550989905,1.981937788432324,3.404861985148456,6.005872086158557,18.0,0.49373193740283833,8.254999999999981e-05,True,True,True,True,False
3.6576,0.0095,0.0085349,0.0004,13215,UO2,Zircaloy,Zircaloy,Zircaloy,SS316,Light Water Reactor,high,fixed_core_power,870.0,0.9,45.0,True,0.3,0.0,3.931837395895048,28005166.215532865,51153375.26786527,7122666.4268392855,840154.9864659859,14203561.282596191,12270798.196673293,1530806.7362633827,23148209.052332405,1.8896026713075635,2040.7708850121685,2119.195324671424,3870.8570009735354,1.0384288311026093,1.896762164435943,3.1467540336442705,5.747764134654372,18.0,0.2739610140466971,8.254999999999981e-05,True,True,True,True,False
3.6576,0.0095,0.0083349,0.0005,13215,UO2,Zircaloy,Zircaloy,Zircaloy,SS316,Light Water Reactor,high,fixed_core_power,870.0,0.9,45.0,True,0.3,0.0,3.749725378921677,27138200.43284846,49214247.38502823,7237383.458906182,814146.0129854538,13545690.94541516,11702448.190184616,1890061.2972486853,22076046.95217977,1.8020814136611105,1946.2479267539989,2053.5906494777496,3724.1201199415987,1.0551536735110514,1.9134870068443848,3.197435374275913,5.798445475286014,18.0,0.33868806681597124,8.255000000000068e-05,True,True,True,True,False
3.6576,0.0095,0.0081349,0.0006000000000000001,13215,UO2,Zircaloy,Zircaloy,Zircaloy,SS316,Light Water Reactor,high,fixed_core_power,870.0,0.9,45.0,True,0.3,0.0,3.5719314218416893,26291954.81601736,47321261.71454542,7360710.974249673,788758.6444805207,12903419.378514305,11147574.336501282,2240961.1010017744,21029306.89852806,1.7166353734480946,1853.9662033239422,1989.5539020822823,3580.874893268666,1.0731338567635416,1.9314671900968747,3.2519207780713377,5.8529308790814385,18.0,0.4019098392882861,8.254999999999981e-05,True,True,True,True,False
3.6576,0.0095,0.0079349,0.0007000000000000001,13215,UO2,Zircaloy,Zircaloy,Zircaloy,SS316,Light Water Reactor,high,fixed_core_power,870.0,0.9,45.0,True,0.3,0.0,3.3984555246550796,25466429.36503954,45474418.25641678,7493530.275822636,763992.8809511862,12276746.581893612,10606176.635623278,2583506.1475226474,20007988.891377248,1.633264550668514,1763.9257147219948,1927.08508248502,3441.121320954732,1.0924978679097832,1.9508312012431164,3.3105995997266158,5.911609700736716,18.0,0.4636263314636411,8.254999999999981e-05,True,True,True,True,False
3.6576,0.0095,0.0077349,0.0008,13215,UO2,Zircaloy,Zircaloy,Zircaloy,SS316,Light Water Reactor,high,fixed_core_power,870.0,0.9,45.0,True,0.3,0.0,3.229297687361852,24661624.079915017,43673717.01064237,7636838.243940937,739848.7223974505,11665672.555553095,10078255.087550618,2917696.436811304,19012092.930727355,1.55196894532237,1676.1264609481598,1866.1841906859643,3304.859402999801,1.1133910442713801,1.9717243776047133,3.3739122553678182,5.974922356377919,18.0,0.5238375433420362,8.254999999999938e-05,True,True,True,True,False
3.6576,0.01,0.0090349,0.0004,13215,UO2,Zircaloy,Zircaloy,Zircaloy,SS316,Light Water Reactor,high,fixed_core_power,870.0,0.9,45.0,True,0.3,0.0,4.406008950362012,31281467.43552838,57221303.19168383,7099728.527096658,938444.0230658513,15916481.745524507,13750631.381418325,1614354.3085855476,25939835.75615545,2.117484891694978,2286.8836830305763,2367.118231973392,4330.026726574637,1.035084665450273,1.8934179987836064,3.1366201983341604,5.737630299344262,18.0,0.28901381701629597,8.254999999999981e-05,True,True,True,True,False
3.6576,0.01,0.0088349,0.0005,13215,UO2,Zircaloy,Zircaloy,Zircaloy,SS316,Light Water Reactor,high,fixed_core_power,870.0,0.9,45.0,True,0.3,0.0,4.2131017836551905,30362701.238210745,55166819.777961284,7206733.375396585,910881.0371463223,15219614.48264305,13148590.992916306,1994495.7626513918,24804118.539750542,2.0247755904649347,2186.7576377021296,2297.593737284203,4174.560709645198,1.0506851320288706,1.9090184653622038,3.183894339481426,5.784904440491526,18.0,0.35750407052796995,8.255000000000068e-05,True,True,True,True,False
3.6576,0.01,0.008634900000000001,0.0006000000000000001,13215,UO2,Zircaloy,Zircaloy,Zircaloy,SS316,Light Water Reactor,high,fixed_core_power,870.0,0.9,45.0,True,0.3,0.0,4.02451267684175,29464655.20674642,53158478.57659298,7321297.650842265,883939.6562023927,14538345.99004177,12560026.757219631,2366282.459485022,23693823.369846556,1.9341415066683285,2088.8728272017943,2229.6371703932214,4022.586347074762,1.067387703721529,1.9257210370548627,3.234508193095542,5.835518294105644,18.0,0.4244890437426844,8.254999999999981e-05,True,True,True,True,False
3.6576,0.01,0.0084349,0.0007000000000000001,13215,UO2,Zircaloy,Zircaloy,Zircaloy,SS316,Light Water Reactor,high,fixed_core_power,870.0,0.9,45.0,True,0.3,0.0,3.8402416299216915,28587329.34113538,51196279.587578855,7444148.59689918,857619.8802340614,13872676.267720656,11984938.67432829,2729714.399086434,22608950.246443477,1.8455826403051578,1993.2292515295708,2163.248531300445,3874.103638863326,1.0852984069145104,1.9436317402478434,3.288783051256092,5.889793152266192,18.0,0.4899687366604389,8.254999999999981e-05,True,True,True,True,False
3.6576,0.01,0.0082349,0.0008,13215,UO2,Zircaloy,Zircaloy,Zircaloy,SS316,Light Water Reactor,high,fixed_core_power,870.0,0.9,45.0,True,0.3,0.0,3.66028864289501,27730723.64137762,49280222.81091891,7576102.96532372,831921.7092413285,13222605.315679707,11423326.744242279,3084791.581455632,21549499.169541296,1.7590989913754227,1899.8269106854564,2098.427820005874,3729.11258501089,1.1045363175999872,1.9628696509333203,3.347079750302991,5.9480898513130915,18.0,0.5539431492812338,8.254999999999981e-05,True,True,True,True,False
3.6576,0.0105,0.0095349,0.0004,13215,UO2,Zircaloy,Zircaloy,Zircaloy,SS316,Light Water Reactor,high,fixed_core_power,870.0,0.9,45.0,True,0.3,0.0,4.907168379162603,34739486.924808316,63629837.1754175,7079334.60614949,1042184.6077442494,17726894.522703886,15314690.521196714,1697901.880907711,28890350.250609186,2.358337221041369,2547.004198724678,2628.7920487936676,4814.970652699016,1.032111391928581,1.890444725261914,3.1276102785714572,5.728620379581558,18.0,0.3040666199858947,8.254999999999981e-05,True,True,True,True,False
3.6576,0.0105,0.0093349,0.0005,13215,UO2,Zircaloy,Zircaloy,Zircaloy,SS316,Light Water Reactor,high,fixed_core_power,870.0,0.9,45.0,True,0.3,0.0,4.70346606272233,33768920.31285746,61459998.230809465,7179582.006660055,1013067.6093857237,16991030.334122006,14678959.750681354,2098930.228054096,27691077.917952005,2.260439876227735,2441.275066325954,2555.347734608964,4650.775499872075,1.046726675685377,1.9050600090187104,3.171899017228415,5.772909118238516,18.0,0.37632007423996827,8.255000000000068e-05,True,True,True,True,False
3.6576,0.0105,0.009134900000000001,0.0006000000000000001,13215,UO2,Zircaloy,Zircaloy,Zircaloy,SS316,Light Water Reactor,high,fixed_core_power,870.0,0.9,45.0,True,0.3,0.0,4.50408180617544,32819073.866759904,59336301.498555645,7286518.158209836,984572.2160027971,16270764.9158203,14056705.132971335,2491603.817968266,26517227.631795745,2.1646177488475384,2337.787168755341,2483.471348222467,4490.072001404135,1.0623171268172755,1.920650460150609,3.2191428085371983,5.8201529095473,18.0,0.44706824819708235,8.254999999999981e-05,True,True,True,True,False
3.6576,0.0105,0.0089349,0.0007000000000000001,13215,UO2,Zircaloy,Zircaloy,Zircaloy,SS316,Light Water Reactor,high,fixed_core_power,870.0,0.9,45.0,True,0.3,0.0,4.309015609521929,31889947.586515635,57258746.978656024,7400750.072950819,956698.427595469,15566098.26779876,13447926.668066652,2875922.6506502237,25368799.39214039,2.0708708389007775,2236.5405060128396,2413.162889634176,4332.860157295197,1.0789712429292002,1.9373045762625336,3.2696098270581824,5.870619928068283,18.0,0.5163111418572371,8.254999999999981e-05,True,True,True,True,False
3.6576,0.0105,0.0087349,0.0008,13215,UO2,Zircaloy,Zircaloy,Zircaloy,SS316,Light Water Reactor,high,fixed_core_power,870.0,0.9,45.0,True,0.3,0.0,4.118267472761798,30981541.47212465,55227334.671110585,7522955.144860411,929446.2441637395,14877030.390057389,12852624.355967302,3251886.726099961,24245793.198985938,1.9791991463874523,2137.5350780984486,2344.42235884409,4179.1399675452585,1.096787782743518,1.9551211160768514,3.3235993416470238,5.924609442657125,18.0,0.5840487552204314,8.254999999999981e-05,True,True,True,True,False
3.6576,0.011,0.0100349,0.0004,13215,UO2,Zircaloy,Zircaloy,Zircaloy,SS316,Light Water Reactor,high,fixed_core_power,870.0,0.9,45.0,True,0.3,0.0,5.4353156822968165,38379224.68337264,70378977.21906623,7061084.751411279,1151376.7405011791,19634799.61413432,16962975.616008446,1781449.453229876,31999752.535693593,2.612159659346734,2821.132432094472,2904.2167751322468,5325.688779346669,1.0294507064229137,1.8877840397562475,3.1195475952209506,5.720557696231053,18.0,0.31911942295549356,8.254999999999981e-05,True,True,True,True,False
3.6576,0.011,0.0098349,0.0005,13215,UO2,Zircaloy,Zircaloy,Zircaloy,SS316,Light Water Reactor,high,fixed_core_power,870.0,0.9,45.0,True,0.3,0.0,5.220818216123097,37356857.65678858,68093782.74357273,7155364.563627583,1120705.7297036573,18859938.49985202,16293554.463479752,2203364.6934568034,30736925.08678415,2.5090742709495113,2709.800212625472,2826.85264145203,5152.764490622227,1.0431959626695684,1.9015292960029015,3.1611998868774798,5.76220998788758,18.0,0.39513607795196715,8.254999999999894e-05,True,True,True,True,False
3.6576,0.011,0.0096349,0.0006000000000000001,13215,UO2,Zircaloy,Zircaloy,Zircaloy,SS316,Light Water Reactor,high,fixed_core_power,870.0,0.9,45.0,True,0.3,0.0,5.010638809842753,36355210.79605778,65854730.48043339,7255603.961044381,1090656.3238817335,18100676.155849885,15637609.463756388,2616925.1764515107,29499519.684375606,2.4080640999857232,2600.7092279845806,2751.0564355700176,4983.331856256783,1.057810079638141,1.9161434129714745,3.205485089812549,5.80649519082265,18.0,0.46964745265148017,8.254999999999981e-05,True,True,True,True,False
3.6576,0.011,0.0094349,0.0007000000000000001,13215,UO2,Zircaloy,Zircaloy,Zircaloy,SS316,Light Water Reactor,high,fixed_core_power,870.0,0.9,45.0,True,0.3,0.0,4.8047774634557925,35374284.10118029,63661820.429648265,7362314.773208593,1061228.5230354087,17357012.58212792,14995140.616838362,3022130.902214007,28287536.328467973,2.309129146455372,2493.859478171801,2676.828157486212,4817.3908762503415,1.0733676780572021,1.9317010113905355,3.252629327446067,5.853639428456168,18.0,0.5426535470540343,8.254999999999981e-05,True,True,True,True,False
3.6576,0.011,0.009234899999999999,0.0008,13215,UO2,Zircaloy,Zircaloy,Zircaloy,SS316,Light Water Reactor,high,fixed_core_power,870.0,0.9,45.0,True,0.3,0.0,4.603234176962212,34414077.57215609,61515052.59121734,7476064.92504511,1032422.3271646826,16628947.778686127,14366147.922725674,3418981.8707442875,27100975.019061252,2.2122694103584566,2389.250963187133,2604.167807200612,4654.941550602901,1.0899515569209153,1.9482848902542484,3.3028835058209554,5.903893606831056,18.0,0.6141543611596287,8.254999999999981e-05,True,True,True,True,False
3.6576,0.0115,0.0105349,0.0004,13215,UO2,Zircaloy,Zircaloy,Zircaloy,SS316,Light Water Reactor,high,fixed_core_power,870.0,0.9,45.0,True,0.3,0.0,5.990450859764665,42200680.71122142,77468723.32263014,7044658.5238960255,1266020.4213366425,21640197.019815832,18695486.66585355,1864997.0255520383,35268042.61140871,2.8789522066110775,3109.2683831399636,3193.392410989135,5862.181106517604,1.0270558914455037,1.885389224778837,3.11229058013789,5.713300681147991,18.0,0.33417222592509205,8.254999999999981e-05,True,True,True,True,False
3.6576,0.0115,0.010334900000000001,0.0005,13215,UO2,Zircaloy,Zircaloy,Zircaloy,SS316,Light Water Reactor,high,fixed_core_power,870.0,0.9,45.0,True,0.3,0.0,5.765158243857492,41126513.27000412,75068173.31625113,7133631.295172602,1233795.3981001237,20826338.979833107,17992375.131311513,2307799.1588595067,33941660.046247,2.7706787746302637,2992.3330766006843,3112.108457813403,5680.527681895659,1.0400274227990638,1.8983607561323976,3.151598250906254,5.752608351916356,18.0,0.4139520816639653,8.254999999999894e-05,True,True,True,True,False
3.6576,0.0115,0.0101349,0.0006000000000000001,13215,UO2,Zircaloy,Zircaloy,Zircaloy,SS316,Light Water Reactor,high,fixed_core_power,870.0,0.9,45.0,True,0.3,0.0,5.544183687843699,40073065.9946401,72713765.52222626,7227947.025367359,1202191.979839203,20028079.71013054,17302739.749574803,2742246.5349347563,32640699.527586166,2.664480560082885,2877.6390048895164,3032.392432435876,5502.36591163271,1.0537779156049147,1.912111248938248,3.193266410923984,5.794276511934084,18.0,0.49222665710587826,8.254999999999981e-05,True,True,True,True,False
3.6576,0.0115,0.0099349,0.0007000000000000001,13215,UO2,Zircaloy,Zircaloy,Zircaloy,SS316,Light Water Reactor,high,fixed_core_power,870.0,0.9,45.0,True,0.3,0.0,5.327527191723285,39040338.88512938,70405499.94055563,7328041.224412985,1171210.1665538813,19245419.210708153,16626580.520643435,3168339.1537777935,31365161.055426262,2.5603575629689432,2765.186168006459,2954.2443348565553,5327.695795728765,1.068370863791206,1.9267041971245389,3.2374874660339574,5.838497567044057,18.0,0.5689959522508321,8.254999999999981e-05,True,True,True,True,False
3.6576,0.0115,0.0097349,0.0008,13215,UO2,Zircaloy,Zircaloy,Zircaloy,SS316,Light Water Reactor,high,fixed_core_power,870.0,0.9,45.0,True,0.3,0.0,5.115188755496253,38028331.94147195,68143376.5712392,7434394.654666582,1140849.9582441584,18478357.48156593,15963897.444517402,3586077.0153886145,30115044.62976726,2.4583097832884375,2654.974565951513,2877.664165075441,5156.517334183822,1.0838763587342009,1.9422096920675336,3.2844738143460632,5.885483915356162,18.0,0.6442599670988262,8.254999999999981e-05,True,True,True,True,False
3.6576,0.012,0.0110349,0.0004,13215,UO2,Zircaloy,Zircaloy,Zircaloy,SS316,Light Water Reactor,high,fixed_core_power,870.0,0.9,45.0,True,0.3,0.0,6.5725739115661375,46203855.0083546,84899075.48610911,7029796.18487774,1386115.650250638,23743086.739748396,20512223.670732003,1948544.5978742014,38695220.47775451,3.1587148628343953,3411.4120518611476,3496.318956364328,6424.447634211813,1.0248890791298162,1.8832224124631496,3.105724482211564,5.706734583221665,18.0,0.3492250288946906,8.254999999999981e-05,True,True,True,True,False
3.6576,0.012,0.010834900000000001,0.0005,13215,UO2,Zircaloy,Zircaloy,Zircaloy,SS316,Light Water Reactor,high,fixed_core_power,870.0,0.9,45.0,True,0.3,0.0,6.336486145925514,45077887.15250408,82383169.9488446,7114019.6813166,1352336.6145751223,22890231.774065245,19775421.75417662,2412233.624262212,37305282.79634052,3.0452533872699914,3288.873658251591,3411.115183693082,6234.065073692364,1.0371682035078467,1.8955015368411798,3.1429339500237776,5.743944051033878,18.0,0.4327680853759638,8.254999999999894e-05,True,True,True,True,False
3.6576,0.012,0.010634900000000001,0.0006000000000000001,13215,UO2,Zircaloy,Zircaloy,Zircaloy,SS316,Light Water Reactor,high,fixed_core_power,870.0,0.9,45.0,True,0.3,0.0,6.1047164401782705,43972639.46250683,79913406.62393425,7203060.108263233,1319179.1838752048,22052975.57866226,19052095.990426574,2867567.8934180024,35940767.16142742,2.9338671291390233,3168.5764994701453,3327.47933882004,6047.1741675319145,1.0501495985268043,1.9084829318601375,3.182271510687286,5.783281611697386,18.0,0.5148058615602764,8.254999999999981e-05,True,True,True,True,False
3.6576,0.012,0.0104349,0.0007000000000000001,13215,UO2,Zircaloy,Zircaloy,Zircaloy,SS316,Light Water Reactor,high,fixed_core_power,870.0,0.9,45.0,True,0.3,0.0,5.877264794324406,42888111.93836289,77489785.51137812,7297291.076587081,1286643.3581508866,21231318.153539445,18342246.379481863,3314547.40534158,34601673.573015235,2.824556088441491,3050.52057551681,3245.411421745205,5863.774915730467,1.0638877337175074,1.9222210670508406,3.223902223386386,5.824912324396487,18.0,0.5953383574476299,8.254999999999981e-05,True,True,True,True,False
3.6576,0.012,0.0102349,0.0008,13215,UO2,Zircaloy,Zircaloy,Zircaloy,SS316,Light Water Reactor,high,fixed_core_power,870.0,0.9,45.0,True,0.3,0.0,5.654131208363923,41824304.58007223,75112306.6111762,7397123.10145956,1254729.1374021668,20425259.4986968,17645872.92134249,3753172.160032942,33288002.031103965,2.7173202651773947,2934.705886391587,3164.911432468576,5683.86731828802,1.078442458968194,1.936775792301527,3.26800745141877,5.869017552428869,18.0,0.6743655730380236,8.254999999999981e-05,True,True,True,True,False
3.6576,0.008,0.0070349,0.0004,13215,UO2,SS316,Zircaloy,Zircaloy,SS316,Light Water Reactor,low,fixed_core_power,870.0,0.9,45.0,True,0.3,0.0,2.671249978495921,7333756.918034064,23060412.602681447,2745440.1411594665,220012.7075410219,2841655.6927491226,3337036.864261208,1155064.361023733,15726655.684647383,1.283776663899175,1386.4787970111088,554.9570123370461,1745.0179797715814,0.4002636127818114,1.258596946115145,1.2129200387327617,3.813930139742863,18.0,0.2794535635272071,8.254999999999981e-05,True,True,True,True,False
3.6576,0.008,0.0068349000000000005,0.0005,13215,UO2,SS316,Zircaloy,Zircaloy,SS316,Light Water Reactor,low,fixed_core_power,870.0,0.9,45.0,True,0.3,0.0,2.5215234107229043,7254810.773470815,22099969.706722394,2877153.843830825,217644.32320412446,2682377.692901445,3149992.192201279,1422440.8883680904,14845158.93325158,1.2118195370034934,1308.765099963773,548.9830324230659,1672.3397432253041,0.41946643629040986,1.2777997696237429,1.2711104130012418,3.8721205140113417,18.0,0.3447206786931006,8.254999999999981e-05,True,True,True,True,False
3.6576,0.008,0.006634900000000001,0.0006000000000000001,13215,UO2,SS316,Zircaloy,Zircaloy,SS316,Light Water Reactor,low,fixed_core_power,870.0,0.9,45.0,True,0.3,0.0,2.3761149028432684,7178320.715953977,21167404.94431067,3021032.6560236504,215349.6214786193,2527693.2127828975,2968341.820623259,1682285.68254782,13989084.228356691,1.1419376275412483,1233.2926377445483,543.1949085095707,1601.771089240308,0.4404428372352634,1.2987761705685965,1.334675264349283,3.935685365359383,18.0,0.4081492835726313,8.254999999999981e-05,True,True,True,True,False
3.6576,0.008,0.0064349,0.0007000000000000001,13215,UO2,SS316,Zircaloy,Zircaloy,SS316,Light Water Reactor,low,fixed_core_power,870.0,0.9,45.0,True,0.3,0.0,2.235024454857011,7104286.745483542,20262718.315446246,3178617.0079906574,213128.60236450625,2377602.2523934767,2792085.7495271456,1934598.74356292,13158431.569962705,1.0741309355124387,1160.0614103534335,537.5926405965602,1533.3120178165907,0.4634173982502986,1.321750731583632,1.404295146213026,4.005305247223127,18.0,0.46973937816579886,8.254999999999981e-05,True,True,True,True,False
3.6576,0.008,0.006234900000000001,0.0008,13215,UO2,SS316,Zircaloy,Zircaloy,SS316,Light Water Reactor,low,fixed_core_power,870.0,0.9,45.0,True,0.3,0.0,2.0982520667641356,7032708.862059517,19385909.820129156,3351698.7655849946,210981.2658617855,2232104.8117331867,2621223.978912942,2179380.0714133885,12353200.958069637,1.008399460917066,1089.071417790431,532.1762286840345,1466.9625289541548,0.48865135930547454,1.346984692638808,1.4807616948650744,4.081771795875175,18.0,0.5294909624726029,8.254999999999981e-05,True,True,True,True,False
3.6576,0.0085,0.007534900000000001,0.0004,13215,UO2,SS316,Zircaloy,Zircaloy,SS316,Light Water Reactor,low,fixed_core_power,870.0,0.9,45.0,True,0.3,0.0,3.064457909962003,8318577.642872665,26360196.659451034,2714534.8010264593,249557.32928617994,3259947.3411832545,3828248.6090193796,1230381.692670031,18041619.01657837,1.472748557409662,1590.5684420024347,629.4799578412914,1994.717870560048,0.39575785688845433,1.2540911902217877,1.199266232995316,3.8002763340054173,18.0,0.2978386663908391,8.254999999999981e-05,True,True,True,True,False
3.6576,0.0085,0.007334900000000001,0.0005,13215,UO2,SS316,Zircaloy,Zircaloy,SS316,Light Water Reactor,low,fixed_core_power,870.0,0.9,45.0,True,0.3,0.0,2.903936192455536,8233491.2806934,25330058.429623697,2835286.567963896,247004.738420802,3089185.5420127558,3627718.1857546805,1516587.552925964,17096567.148930296,1.3956033869303903,1507.2516578848215,623.0413379260991,1916.7656776105712,0.4133625162505607,1.2716958495838941,1.2526136856077597,3.853623786617861,18.0,0.36770205727264077,8.254999999999981e-05,True,True,True,True,False
3.6576,0.0085,0.007134900000000001,0.0006000000000000001,13215,UO2,SS316,Zircaloy,Zircaloy,SS316,Light Water Reactor,low,fixed_core_power,870.0,0.9,45.0,True,0.3,0.0,2.747732534842448,8150861.0055605415,24327798.33334367,2966395.346782871,244525.83016681625,2923017.262571385,3432582.062971889,1795261.6800172676,16176937.327783128,1.3205334338845547,1426.176108595319,616.7885740113917,1840.923067222374,0.4324771466119175,1.2908104799452509,1.3105368079149013,3.9115469089250023,18.0,0.4357269378680794,8.254999999999981e-05,True,True,True,True,False
3.6576,0.0085,0.006934900000000001,0.0007000000000000001,13215,UO2,SS316,Zircaloy,Zircaloy,SS316,Light Water Reactor,low,fixed_core_power,870.0,0.9,45.0,True,0.3,0.0,2.595846937122741,8070686.8174740905,23353416.370610964,3109076.5414773296,242120.6045242227,2761442.5028591435,3242840.240671006,2066404.073943941,15282729.553136872,1.247538698272155,1347.3417941339274,610.7216660971692,1767.190039395457,0.4532789443303373,1.3116122776636707,1.3735725585767795,3.974582659586881,18.0,0.5019133081771547,8.254999999999981e-05,True,True,True,True,False
3.6576,0.0085,0.006734900000000001,0.0008,13215,UO2,SS316,Zircaloy,Zircaloy,SS316,Light Water Reactor,low,fixed_core_power,870.0,0.9,45.0,True,0.3,0.0,2.4482793992964136,7992968.716434047,22406912.54142557,3264728.984253621,239789.06149302138,2604461.2628760305,3058492.718852031,2330014.7347059846,14413943.824991524,1.1766191800931916,1270.7487145006467,604.8406141834314,1695.56659412982,0.4759718481565488,1.3343051814898823,1.4423389338077235,4.043349034817825,18.0,0.5662611681998668,8.254999999999981e-05,True,True,True,True,False
3.6576,0.009000000000000001,0.008034900000000001,0.0004,13215,UO2,SS316,Zircaloy,Zircaloy,SS316,Light Water Reactor,low,fixed_core_power,870.0,0.9,45.0,True,0.3,0.0,3.4846537157617132,9365822.24403025,29881292.3831703,2687733.992524697,280974.6673209075,3706948.487924442,4353174.731789479,1305699.0243163293,20515470.139140047,1.674690559879125,1808.6658046694554,708.7266170283958,2261.164766036345,0.39185050947425853,1.250183842807592,1.187425786285632,3.788435887295733,18.0,0.31622376925447115,8.254999999999981e-05,True,True,True,True,False
3.6576,0.009000000000000001,0.007834900000000002,0.0005,13215,UO2,SS316,Zircaloy,Zircaloy,SS316,Light Water Reactor,low,fixed_core_power,870.0,0.9,45.0,True,0.3,0.0,3.3133368485217947,9274595.664234968,28781458.819474667,2799170.7720187632,278237.86992704903,3524702.8894311213,4139158.557320009,1610734.2174838379,19506863.155239698,1.5923573458162632,1719.745933481564,701.8233571119915,2177.9386166836675,0.4080971168172355,1.266430450150569,1.2366579297491984,3.8376680307593,18.0,0.3906834358521811,8.254999999999894e-05,True,True,True,True,False
3.6576,0.009000000000000001,0.007634900000000002,0.0006000000000000001,13215,UO2,SS316,Zircaloy,Zircaloy,SS316,Light Water Reactor,low,fixed_core_power,870.0,0.9,45.0,True,0.3,0.0,3.1463380411752557,9185825.171486087,27709503.389326338,2919529.0052352077,275574.7551445826,3347050.810666928,3930536.683332446,1908237.6774867135,18523678.21784025,1.5120993491868369,1633.067297121784,695.1059531960717,2096.822049892269,0.4256444020532211,1.2839777353865542,1.2898315213733973,3.8908416223834976,18.0,0.4633045921635271,8.254999999999981e-05,True,True,True,True,False
3.6576,0.009000000000000001,0.007434900000000001,0.0007000000000000001,13215,UO2,SS316,Zircaloy,Zircaloy,SS316,Light Water Reactor,low,fixed_core_power,870.0,0.9,45.0,True,0.3,0.0,2.9836572937220973,9099510.76578362,26665426.09272534,3049784.1641966947,272985.32297350856,3173992.2516318643,3727309.109826792,2198209.4043249628,17565915.32694172,1.4339165699908467,1548.6298955901143,688.574405280637,2017.8150656621522,0.4446345813427887,1.3029679146761222,1.3473775192205717,3.948387620230673,18.0,0.5340872381885108,8.254999999999981e-05,True,True,True,True,False
3.6576,0.009000000000000001,0.007234900000000002,0.0008,13215,UO2,SS316,Zircaloy,Zircaloy,SS316,Light Water Reactor,low,fixed_core_power,870.0,0.9,45.0,True,0.3,0.0,2.82529460616232,9015652.447127556,25649226.929671653,3191048.6175364843,270469.5734138267,3005527.212325929,3529475.836803046,2480649.3979985807,16633574.482544098,1.357809008228293,1466.4337288865565,682.2287133656872,1940.9176639933146,0.4652298292972941,1.3235631626306272,1.4097873615069518,4.010797462517052,18.0,0.6030313739271308,8.254999999999981e-05,True,True,True,True,False
3.6576,0.0095,0.0085349,0.0004,13215,UO2,SS316,Zircaloy,Zircaloy,SS316,Light Water Reactor,low,fixed_core_power,870.0,0.9,45.0,True,0.3,0.0,3.931837395895048,10475490.721506815,33623699.77383922,2664273.637674724,314264.72164520447,4182659.1329726833,4911815.232571503,1381016.355962628,23148209.052332405,1.8896026713075635,2040.7708850121685,792.6969898983591,2544.358666200471,0.3884301739700841,1.2467635073034178,1.177061133242679,3.778071234252781,18.0,0.33460887211810336,8.254999999999981e-05,True,True,True,True,False
3.6576,0.0095,0.0083349,0.0005,13215,UO2,SS316,Zircaloy,Zircaloy,SS316,Light Water Reactor,low,fixed_core_power,870.0,0.9,45.0,True,0.3,0.0,3.749725378921677,10378123.924095508,32454170.87627528,2767702.3982700263,311343.7177228652,3988929.735156539,4684313.30689726,1704880.8820417086,22076046.95217977,1.8020814136611105,1946.2479267539989,785.3290899807422,2455.8585604445916,0.4035092750441789,1.2618426083775125,1.2227553789217542,3.823765479931856,18.0,0.41366481443172065,8.255000000000068e-05,True,True,True,True,False
3.6576,0.0095,0.0081349,0.0006000000000000001,13215,UO2,SS316,Zircaloy,Zircaloy,SS316,Light Water Reactor,low,fixed_core_power,870.0,0.9,45.0,True,0.3,0.0,3.5719314218416893,10283213.213730616,31312520.11225868,2878894.3569438932,308496.3964119185,3799793.8570695254,4462205.681704929,2021213.6749561618,21029306.89852806,1.7166353734480946,1853.9662033239422,778.1470460636108,2369.4680372499947,0.4197201894341359,1.2780535227674694,1.271879361921624,3.872889462931725,18.0,0.4908822464589754,8.254999999999981e-05,True,True,True,True,False
3.6576,0.0095,0.0079349,0.0007000000000000001,13215,UO2,SS316,Zircaloy,Zircaloy,SS316,Light Water Reactor,low,fixed_core_power,870.0,0.9,45.0,True,0.3,0.0,3.3984555246550796,10190758.590412127,30198747.481789373,2998644.0947896237,305722.7577123638,3615251.4987116386,4245492.356994503,2330014.734705985,20007988.891377248,1.633264550668514,1763.9257147219948,771.1508581469639,2285.187096616676,0.43717876082355417,1.2955120941568876,1.3247841237077398,3.925794224717841,18.0,0.5662611681998669,8.254999999999981e-05,True,True,True,True,False
3.6576,0.0095,0.0077349,0.0008,13215,UO2,SS316,Zircaloy,Zircaloy,SS316,Light Water Reactor,low,fixed_core_power,870.0,0.9,45.0,True,0.3,0.0,3.229297687361852,10100760.05414005,29112852.984867405,3127850.397214938,303022.8016242015,3435302.6600828827,4034173.332765988,2631284.061291179,19012092.930727355,1.55196894532237,1676.1264609481598,764.3405262308021,2203.015738544639,0.45601602506676375,1.3143493584000971,1.3818667426265567,3.982876843636658,18.0,0.6398015796543954,8.254999999999938e-05,True,True,True,True,False
3.6576,0.01,0.0090349,0.0004,13215,UO2,SS316,Zircaloy,Zircaloy,SS316,Light Water Reactor,low,fixed_core_power,870.0,0.9,45.0,True,0.3,0.0,4.406008950362012,11647583.075302362,37587418.83145781,2643567.7290999056,349427.49225907086,4687079.276327981,5504170.111365454,1456333.687608927,25939835.75615545,2.117484891694978,2286.8836830305763,881.3910764511814,2844.299571052426,0.3854114151023032,1.2437447484356365,1.1679133790978884,3.7689234801079894,18.0,0.35299397498173557,8.254999999999981e-05,True,True,True,True,False
3.6576,0.01,0.0088349,0.0005,13215,UO2,SS316,Zircaloy,Zircaloy,SS316,Light Water Reactor,low,fixed_core_power,870.0,0.9,45.0,True,0.3,0.0,4.2131017836551905,11544076.060275037,36348194.60002558,2740042.0528790695,346322.2818082511,4481866.079189014,5263182.434486441,1799027.5465995825,24804118.539750542,2.0247755904649347,2186.7576377021296,873.5585365323524,2750.525508893347,0.3994766139014371,1.2578099472347704,1.2105351936407185,3.811545294650819,18.0,0.436646193011261,8.255000000000068e-05,True,True,True,True,False
3.6576,0.01,0.008634900000000001,0.0006000000000000001,13215,UO2,SS316,Zircaloy,Zircaloy,SS316,Light Water Reactor,low,fixed_core_power,870.0,0.9,45.0,True,0.3,0.0,4.02451267684175,11443025.132294126,35136848.502140686,2843331.864287747,343290.75396882376,4281246.4017791785,5027589.058089339,2134189.67242561,23693823.369846556,1.9341415066683285,2088.8728272017943,865.9118526140088,2658.8610292955495,0.4145354572752829,1.2728687906086165,1.2561680523493421,3.8571781533594436,18.0,0.5184599007544237,8.254999999999981e-05,True,True,True,True,False
3.6576,0.01,0.0084349,0.0007000000000000001,13215,UO2,SS316,Zircaloy,Zircaloy,SS316,Light Water Reactor,low,fixed_core_power,870.0,0.9,45.0,True,0.3,0.0,3.8402416299216915,11344430.291359622,33953380.5378031,2954092.837015298,340332.90874078864,4085220.244098471,4797389.982174144,2461820.065087007,22608950.246443477,1.8455826403051578,1993.2292515295708,858.45102469615,2569.306132259031,0.43068353729877734,1.2890168706321103,1.3051016281781131,3.906111729188213,18.0,0.598435098211223,8.254999999999981e-05,True,True,True,True,False
3.6576,0.01,0.0082349,0.0008,13215,UO2,SS316,Zircaloy,Zircaloy,SS316,Light Water Reactor,low,fixed_core_power,870.0,0.9,45.0,True,0.3,0.0,3.66028864289501,11248291.537471522,32797790.707012817,3073061.344302885,337448.74612414563,3893787.60614689,4572585.206740855,2781918.724583776,21549499.169541296,1.7590989913754227,1899.8269106854564,851.1760527787758,2481.8608177837923,0.4480282114077814,1.3063615447411145,1.3576612466902465,3.958671347700347,18.0,0.6765717853816596,8.254999999999981e-05,True,True,True,True,False
3.6576,0.0105,0.0095349,0.0004,13215,UO2,SS316,Zircaloy,Zircaloy,SS316,Light Water Reactor,low,fixed_core_power,870.0,0.9,45.0,True,0.3,0.0,4.907168379162603,12882099.305416891,41772449.55602608,2625159.4219017182,386462.9791625067,5220208.9179903325,6130239.368171334,1531651.0192552248,28890350.250609186,2.358337221041369,2547.004198724678,974.8088766868627,3160.987480592212,0.3827276284722905,1.241060961805624,1.1597806923402743,3.7607907933503757,18.0,0.37137907784536756,8.254999999999981e-05,True,True,True,True,False
3.6576,0.0105,0.0093349,0.0005,13215,UO2,SS316,Zircaloy,Zircaloy,SS316,Light Water Reactor,low,fixed_core_power,870.0,0.9,45.0,True,0.3,0.0,4.70346606272233,12772452.07277355,40463529.990725555,2715540.3913727724,383173.5621832065,5003511.921528545,5875765.94008755,1893174.2111574546,27691077.917952005,2.260439876227735,2441.275066325954,966.5116967668217,3061.939462029932,0.39590446406409785,1.2542377973974312,1.1997104971639327,3.800720598174034,18.0,0.4596275715908009,8.255000000000068e-05,True,True,True,True,False
3.6576,0.0105,0.009134900000000001,0.0006000000000000001,13215,UO2,SS316,Zircaloy,Zircaloy,SS316,Light Water Reactor,low,fixed_core_power,870.0,0.9,45.0,True,0.3,0.0,4.50408180617544,12665260.92717662,39182488.558972366,2811951.79665955,379957.82781529863,4791408.444795887,5626686.812485677,2247165.6698950566,26517227.631795745,2.1646177488475384,2337.787168755341,958.400372847266,2965.001026028934,0.40996048984113764,1.2682938231744711,1.242304514670114,3.8433146156802156,18.0,0.5460375550498716,8.254999999999981e-05,True,True,True,True,False
3.6576,0.0105,0.0089349,0.0007000000000000001,13215,UO2,SS316,Zircaloy,Zircaloy,SS316,Light Water Reactor,low,fixed_core_power,870.0,0.9,45.0,True,0.3,0.0,4.309015609521929,12560525.8686261,37929325.26076649,2914940.906890715,376815.77605878294,4583898.487792357,5383001.985365711,2593625.395468031,25368799.39214039,2.0708708389007775,2236.5405060128396,950.4749049281952,2870.172172589216,0.4249754933446927,1.2833088266780261,1.2878045252869474,3.888814626297049,18.0,0.6306090282225797,8.254999999999981e-05,True,True,True,True,False
3.6576,0.0105,0.0087349,0.0008,13215,UO2,SS316,Zircaloy,Zircaloy,SS316,Light Water Reactor,low,fixed_core_power,870.0,0.9,45.0,True,0.3,0.0,4.118267472761798,12458246.89712198,36704040.096107915,3025118.445929209,373747.4069136594,4380982.050517955,5144711.458727652,2932553.387876373,24245793.198985938,1.9791991463874523,2137.5350780984486,942.7352930096089,2777.4529017107766,0.44103851331799726,1.2993718466513302,1.3364803433878705,3.9374904443979704,18.0,0.7133419911089238,8.254999999999981e-05,True,True,True,True,False
3.6576,0.011,0.0100349,0.0004,13215,UO2,SS316,Zircaloy,Zircaloy,SS316,Light Water Reactor,low,fixed_core_power,870.0,0.9,45.0,True,0.3,0.0,5.4353156822968165,14179039.411850398,46178791.94754399,2608687.3772635637,425371.18235551193,5782048.057959737,6790023.002989137,1606968.3509015238,31999752.535693593,2.612159659346734,2821.132432094472,1072.9503906054028,3494.4223948198255,0.380326133718161,1.2386594670514948,1.1525034355095787,3.753513536519681,18.0,0.38976418070899976,8.254999999999981e-05,True,True,True,True,False
3.6576,0.011,0.0098349,0.0005,13215,UO2,SS316,Zircaloy,Zircaloy,SS316,Light Water Reactor,low,fixed_core_power,870.0,0.9,45.0,True,0.3,0.0,5.220818216123097,14063251.961591044,44800177.0483752,2693687.345435714,421897.5588477313,5553867.26217513,6522063.8237005845,1987320.8757153298,30736925.08678415,2.5090742709495113,2709.800212625472,1064.1885706841501,3390.100419854347,0.3927184615773127,1.251051794910646,1.1900559441736749,3.791066045183776,18.0,0.48260895017034156,8.254999999999894e-05,True,True,True,True,False
3.6576,0.011,0.0096349,0.0006000000000000001,13215,UO2,SS316,Zircaloy,Zircaloy,SS316,Light Water Reactor,low,fixed_core_power,870.0,0.9,45.0,True,0.3,0.0,5.010638809842753,13949920.59837809,43449440.2827537,2784060.3020467716,418497.61795134266,5330279.986119648,6259498.9448939385,2360141.6673645023,29499519.684375606,2.4080640999857232,2600.7092279845806,1055.6126067633818,3287.8880274501475,0.4058941289570571,1.2642274622903906,1.229982208960779,3.8309923099708807,18.0,0.5736152093453193,8.254999999999981e-05,True,True,True,True,False
3.6576,0.011,0.0094349,0.0007000000000000001,13215,UO2,SS316,Zircaloy,Zircaloy,SS316,Light Water Reactor,low,fixed_core_power,870.0,0.9,45.0,True,0.3,0.0,4.8047774634557925,13839045.322211549,42126581.65067952,2880267.697613188,415171.35966634646,5111286.229793296,6002328.366569201,2725430.72584905,28287536.328467973,2.309129146455372,2493.859478171801,1047.2224988430987,3187.7852176072283,0.41992041171894606,1.2782537450522795,1.2724860961180182,3.8734961971281194,18.0,0.6627829582339351,8.254999999999981e-05,True,True,True,True,False
3.6576,0.011,0.009234899999999999,0.0008,13215,UO2,SS316,Zircaloy,Zircaloy,SS316,Light Water Reactor,low,fixed_core_power,870.0,0.9,45.0,True,0.3,0.0,4.603234176962212,13730626.133091414,40831601.152152665,2982821.5565936286,411918.7839927424,4896885.993196073,5750552.088726373,3083188.051168969,27100975.019061252,2.2122694103584566,2389.250963187133,1039.0182469233005,3089.7919903255893,0.4348719590081511,1.2932052923414843,1.3177938151762154,3.9188039161863157,18.0,0.7501121968361878,8.254999999999981e-05,True,True,True,True,False
3.6576,0.0115,0.0105349,0.0004,13215,UO2,SS316,Zircaloy,Zircaloy,SS316,Light Water Reactor,low,fixed_core_power,870.0,0.9,45.0,True,0.3,0.0,5.990450859764665,15538403.394602895,50806446.006011605,2593862.0912438836,466152.10183808685,6372596.6962362025,7483521.015818872,1682285.682547821,35268042.61140871,2.8789522066110775,3109.2683831399636,1175.8156182068026,3844.604313735271,0.37816472343869495,1.236498056772028,1.1459537073899846,3.7469638084000847,18.0,0.4081492835726315,8.254999999999981e-05,True,True,True,True,False
3.6576,0.0115,0.010334900000000001,0.0005,13215,UO2,SS316,Zircaloy,Zircaloy,SS316,Light Water Reactor,low,fixed_core_power,870.0,0.9,45.0,True,0.3,0.0,5.765158243857492,15416475.726727521,49358135.77297452,2674076.768517683,462494.2718018256,6132932.101128772,7202076.085325548,2081467.5402732014,33941660.046247,2.7706787746302637,2992.3330766006843,1166.5891582843376,3735.0083823665927,0.3898593934635087,1.2481927267968425,1.1813921014045716,3.7824022024146737,18.0,0.5055903287498813,8.254999999999894e-05,True,True,True,True,False
3.6576,0.0115,0.0101349,0.0006000000000000001,13215,UO2,SS316,Zircaloy,Zircaloy,SS316,Light Water Reactor,low,fixed_core_power,870.0,0.9,45.0,True,0.3,0.0,5.544183687843699,15297004.145898547,47937703.67348471,2759108.4652261976,458910.1243769564,5897861.025750467,6926025.4553141305,2473117.66483395,32640699.527586166,2.664480560082885,2877.6390048895164,1157.548554362357,3627.522033559191,0.4022563470940997,1.2605896804274328,1.2189586275578779,3.819968728567978,18.0,0.6011928636407674,8.254999999999981e-05,True,True,True,True,False
3.6576,0.0115,0.0099349,0.0007000000000000001,13215,UO2,SS316,Zircaloy,Zircaloy,SS316,Light Water Reactor,low,fixed_core_power,870.0,0.9,45.0,True,0.3,0.0,5.327527191723285,15179988.652115988,46545149.70754225,2849349.8213766497,455399.6595634796,5667383.470101293,6655369.1257846225,2857236.056230072,31365161.055426262,2.5603575629689432,2765.186168006459,1148.6938064408616,3522.145267313072,0.41541282816013947,1.2737461614934726,1.2588267520004226,3.859836853010523,18.0,0.6949568882452911,8.254999999999981e-05,True,True,True,True,False
3.6576,0.0115,0.0097349,0.0008,13215,UO2,SS316,Zircaloy,Zircaloy,SS316,Light Water Reactor,low,fixed_core_power,870.0,0.9,45.0,True,0.3,0.0,5.115188755496253,15065429.245379835,45180473.8751471,2945234.2749213474,451962.87736139505,5441499.434181248,6390107.0967370225,3233822.7144615646,30115044.62976726,2.4583097832884375,2654.974565951513,1140.0249145198513,3418.8780836282326,0.42939202851130864,1.2877253618446418,1.3011879651857836,3.902198066195884,18.0,0.7868824025634518,8.254999999999981e-05,True,True,True,True,False
3.6576,0.012,0.0110349,0.0004,13215,UO2,SS316,Zircaloy,Zircaloy,SS316,Light Water Reactor,low,fixed_core_power,870.0,0.9,45.0,True,0.3,0.0,6.5725739115661375,16960191.25367437,55655411.73142888,2580448.920297198,508805.73761023104,6991854.83281972,8210733.406660531,1757603.0141941183,38695220.47775451,3.1587148628343953,3411.4120518611476,1283.4045594910608,4211.533237338545,0.37620918844760487,1.234542521780938,1.1400278437806208,3.741037944790721,18.0,0.4265343864362633,8.254999999999981e-05,True,True,True,True,False
3.6576,0.012,0.010834900000000001,0.0005,13215,UO2,SS316,Zircaloy,Zircaloy,SS316,Light Water Reactor,low,fixed_core_power,870.0,0.9,45.0,True,0.3,0.0,6.336486145925514,16832123.36818298,54137406.1645235,2656381.3098536273,504963.70104548935,6740706.438389467,7915802.724962437,2175614.2048310745,37305282.79634052,3.0452533872699914,3288.873658251591,1273.713459567384,4096.6633495666665,0.38727953455180975,1.245612867885143,1.1735743471266962,3.774584448136797,18.0,0.5285717073294214,8.254999999999894e-05,True,True,True,True,False
3.6576,0.012,0.010634900000000001,0.0006000000000000001,13215,UO2,SS316,Zircaloy,Zircaloy,SS316,Light Water Reactor,low,fixed_core_power,870.0,0.9,45.0,True,0.3,0.0,6.1047164401782705,16706511.56973799,52647278.73116541,2736656.4415316437,501195.34709213965,6494151.563688342,7626266.34374625,2586093.6623033974,35940767.16142742,2.9338671291390233,3168.5764994701453,1264.2082156441913,3983.903044356066,0.398983018354013,1.2573163516873462,1.209039449557615,3.8100495505677157,18.0,0.6287705179362155,8.254999999999981e-05,True,True,True,True,False
3.6576,0.012,0.0104349,0.0007000000000000001,13215,UO2,SS316,Zircaloy,Zircaloy,SS316,Light Water Reactor,low,fixed_core_power,870.0,0.9,45.0,True,0.3,0.0,5.877264794324406,16583355.85833941,51185029.43135464,2821611.147136629,497500.6757501823,6252190.208716345,7342124.263011971,2989041.3866110938,34601673.573015235,2.824556088441491,3050.52057551681,1254.888827721484,3873.2523217067455,0.41136874728631667,1.26970208061965,1.2465719614736868,3.8475820624837875,18.0,0.7271308182566472,8.254999999999981e-05,True,True,True,True,False
3.6576,0.012,0.0102349,0.0008,13215,UO2,SS316,Zircaloy,Zircaloy,SS316,Light Water Reactor,low,fixed_core_power,870.0,0.9,45.0,True,0.3,0.0,5.654131208363923,16462656.233987238,49750658.2650912,2911615.52983325,493879.6870196171,6014822.3734734785,7063376.4827596005,3384457.37775416,33288002.031103965,2.7173202651773947,2934.705886391587,1245.7552957992614,3764.711181618706,0.42449067948372815,1.2828240128170614,1.2863353923749337,3.8873454933850344,18.0,0.8236526082907157,8.254999999999981e-05,True,True,True,True,False
3.6576,0.008,0.0070349,0.0004,13215,UO2,SS316,Zircaloy,Zircaloy,SS316,Light Water Reactor,mean,fixed_core_power,870.0,0.9,45.0,True,0.3,0.0,2.671249978495921,12674373.109541072,28401028.794188455,4744734.941159467,380231.1932862321,5688400.918082274,5830907.830435065,1155064.361023733,15726655.684647383,1.283776663899175,1386.4787970111088,959.0899061325064,2149.150873567042,0.6917450942632929,1.5500784275966264,2.096197255343312,4.697207356353413,18.0,0.2794535635272071,8.254999999999981e-05,True,True,True,True,False
3.6576,0.008,0.0068349000000000005,0.0005,13215,UO2,SS316,Zircaloy,Zircaloy,SS316,Light Water Reactor,mean,fixed_core_power,870.0,0.9,45.0,True,0.3,0.0,2.5215234107229043,12296079.416607382,27141238.349858962,4876448.643830825,368882.3824982214,5369559.644357341,5504078.883881951,1422440.8883680904,14845158.93325158,1.2118195370034934,1308.765099963773,930.4638226717656,2053.820533474004,0.7109479177718913,1.5692812511052245,2.1543876296117914,4.755397730621892,18.0,0.3447206786931006,8.254999999999981e-05,True,True,True,True,False
3.6576,0.008,0.006634900000000001,0.0006000000000000001,13215,UO2,SS316,Zircaloy,Zircaloy,SS316,Light Water Reactor,mean,fixed_core_power,870.0,0.9,45.0,True,0.3,0.0,2.3761149028432684,11928874.88541103,25917959.11376772,5020327.45602365,357866.24656233087,5059913.6372901825,5186675.5655730255,1682285.68254782,13989084.228356691,1.1419376275412483,1233.2926377445483,902.6768736595558,1961.2530543902928,0.7319243187167449,1.590257652050078,2.2179524809598328,4.818962581969933,18.0,0.4081492835726313,8.254999999999981e-05,True,True,True,True,False
3.6576,0.008,0.0064349,0.0007000000000000001,13215,UO2,SS316,Zircaloy,Zircaloy,SS316,Light Water Reactor,mean,fixed_core_power,870.0,0.9,45.0,True,0.3,0.0,2.235024454857011,11572759.515952,24731191.085914705,5177911.807990658,347182.78547856,4759462.896880793,4878697.875508286,1934598.74356292,13158431.569962705,1.0741309355124387,1160.0614103534335,875.729059095876,1871.4484363159065,0.7548988797317803,1.6132322130651136,2.2875723628235765,4.888582463833677,18.0,0.46973937816579886,8.254999999999981e-05,True,True,True,True,False
3.6576,0.008,0.006234900000000001,0.0008,13215,UO2,SS316,Zircaloy,Zircaloy,SS316,Light Water Reactor,mean,fixed_core_power,870.0,0.9,45.0,True,0.3,0.0,2.0982520667641356,11227733.308230307,23580934.266299944,5350993.565584995,336831.9992469092,4468207.4231291795,4580145.813687739,2179380.0714133885,12353200.958069637,1.008399460917066,1089.071417790431,849.620378980727,1784.406679250847,0.7801328407869562,1.6384661741202895,2.3640389114756246,4.965049012485726,18.0,0.5294909624726029,8.254999999999981e-05,True,True,True,True,False
3.6576,0.0085,0.007534900000000001,0.0004,13215,UO2,SS316,Zircaloy,Zircaloy,SS316,Light Water Reactor,mean,fixed_core_power,870.0,0.9,45.0,True,0.3,0.0,3.064457909962003,14445332.407078566,32486951.423656933,4713829.60102646,433359.972212357,6525733.3940223595,6689217.320386176,1230381.692670031,18041619.01657837,1.472748557409662,1590.5684420024347,1093.1012037138528,2458.3391164326094,0.6872393383699358,1.5455726717032692,2.082543449605866,4.683553550615967,18.0,0.2978386663908391,8.254999999999981e-05,True,True,True,True,False
3.6576,0.0085,0.007334900000000001,0.0005,13215,UO2,SS316,Zircaloy,Zircaloy,SS316,Light Water Reactor,mean,fixed_core_power,870.0,0.9,45.0,True,0.3,0.0,2.903936192455536,14039315.809801552,31135882.95873185,4834581.367963896,421179.4742940466,6183903.953652997,6338824.303222591,1516587.552925964,17096567.148930296,1.3956033869303903,1507.2516578848215,1062.377284131786,2356.101623816258,0.7048439977320422,1.5631773310653756,2.1358909022183097,4.736901003228411,18.0,0.36770205727264077,8.254999999999981e-05,True,True,True,True,False
3.6576,0.0085,0.007134900000000001,0.0006000000000000001,13215,UO2,SS316,Zircaloy,Zircaloy,SS316,Light Water Reactor,mean,fixed_core_power,870.0,0.9,45.0,True,0.3,0.0,2.747732534842448,13644388.37426187,29821325.702044997,4965690.146782872,409331.65122785605,5851269.779941406,5997856.914303194,1795261.6800172676,16176937.327783128,1.3205334338845547,1426.176108595319,1032.4924989982496,2256.626992209232,0.7239586280933991,1.5822919614267326,2.1938140245254516,4.794824125535553,18.0,0.4357269378680794,8.254999999999981e-05,True,True,True,True,False
3.6576,0.0085,0.006934900000000001,0.0007000000000000001,13215,UO2,SS316,Zircaloy,Zircaloy,SS316,Light Water Reactor,mean,fixed_core_power,870.0,0.9,45.0,True,0.3,0.0,2.595846937122741,13260550.100459514,28543279.653596386,5108371.34147733,397816.5030137854,5527830.872887587,5666315.153627986,2066404.073943941,15282729.553136872,1.247538698272155,1347.3417941339274,1003.4468483132435,2159.9152216115313,0.7447604258118188,1.6030937591451522,2.2568497751873293,4.8578598761974305,18.0,0.5019133081771547,8.254999999999981e-05,True,True,True,True,False
3.6576,0.0085,0.006734900000000001,0.0008,13215,UO2,SS316,Zircaloy,Zircaloy,SS316,Light Water Reactor,mean,fixed_core_power,870.0,0.9,45.0,True,0.3,0.0,2.4482793992964136,12887800.988394491,27301744.813386016,5264023.784253622,386634.02965183475,5213587.232491541,5344199.021196965,2330014.7347059846,14413943.824991524,1.1766191800931916,1270.7487145006467,975.2403320767681,2065.9663120231567,0.7674533296380304,1.6257866629713638,2.3256161504182735,4.926626251428375,18.0,0.5662611681998668,8.254999999999981e-05,True,True,True,True,False
3.6576,0.009000000000000001,0.008034900000000001,0.0004,13215,UO2,SS316,Zircaloy,Zircaloy,SS316,Light Water Reactor,mean,fixed_core_power,870.0,0.9,45.0,True,0.3,0.0,3.4846537157617132,16332672.297753321,36848142.43689337,4687028.792524697,489980.1689325996,7420536.286573525,7606436.986863467,1305699.0243163293,20515470.139140047,1.674690559879125,1808.6658046694554,1235.9192052783444,2788.3573542862932,0.6833319909557399,1.541665324289073,2.0707030028961815,4.671713103906281,18.0,0.31622376925447115,8.254999999999981e-05,True,True,True,True,False
3.6576,0.009000000000000001,0.007834900000000002,0.0005,13215,UO2,SS316,Zircaloy,Zircaloy,SS316,Light Water Reactor,mean,fixed_core_power,870.0,0.9,45.0,True,0.3,0.0,3.3133368485217947,15898932.79613298,35405795.951372676,4798465.572018763,476967.9838839894,7055718.679559732,7232479.899089411,1610734.2174838379,19506863.155239698,1.5923573458162632,1719.745933481564,1203.0974495749513,2679.212709146627,0.699578598298717,1.5579119316320502,2.1199351463597487,4.7209452473698486,18.0,0.3906834358521811,8.254999999999894e-05,True,True,True,True,False
3.6576,0.009000000000000001,0.007634900000000002,0.0006000000000000001,13215,UO2,SS316,Zircaloy,Zircaloy,SS316,Light Water Reactor,mean,fixed_core_power,870.0,0.9,45.0,True,0.3,0.0,3.1463380411752557,15476282.456249963,33999960.674090214,4918823.805235209,464288.4736874989,6700096.339203708,6867948.439559541,1908237.6774867135,18523678.21784025,1.5120993491868369,1633.067297121784,1171.114828320088,2572.8309250162856,0.7171258835347026,1.575459216868036,2.1731087379839473,4.774118838994048,18.0,0.4633045921635271,8.254999999999981e-05,True,True,True,True,False
3.6576,0.009000000000000001,0.007434900000000001,0.0007000000000000001,13215,UO2,SS316,Zircaloy,Zircaloy,SS316,Light Water Reactor,mean,fixed_core_power,870.0,0.9,45.0,True,0.3,0.0,2.9836572937220973,15064721.278104283,32630636.605046004,5049078.964196696,451941.6383431285,6353669.265505457,6512842.608273861,2198209.4043249628,17565915.32694172,1.4339165699908467,1548.6298955901143,1139.9713415137558,2469.212001895271,0.7361160628242703,1.5944493961576038,2.230654735831122,4.831664836841224,18.0,0.5340872381885108,8.254999999999981e-05,True,True,True,True,False
3.6576,0.009000000000000001,0.007234900000000002,0.0008,13215,UO2,SS316,Zircaloy,Zircaloy,SS316,Light Water Reactor,mean,fixed_core_power,870.0,0.9,45.0,True,0.3,0.0,2.82529460616232,14664249.26169593,31297823.74424003,5190343.417536484,439927.4778508779,6016437.45846498,6167162.405232369,2480649.3979985807,16633574.482544098,1.357809008228293,1466.4337288865565,1109.6669891559538,2368.3559397835816,0.7567113107787756,1.615044644112109,2.2930645781175016,4.894074679127603,18.0,0.6030313739271308,8.254999999999981e-05,True,True,True,True,False
3.6576,0.0095,0.0085349,0.0004,13215,UO2,SS316,Zircaloy,Zircaloy,SS316,Light Water Reactor,mean,fixed_core_power,870.0,0.9,45.0,True,0.3,0.0,3.931837395895048,18336392.781565323,41484601.833897725,4663568.437674724,550091.7834469597,8372809.595735766,8582566.829866933,1381016.355962628,23148209.052332405,1.8896026713075635,2040.7708850121685,1387.5439108259798,3139.2055871280913,0.6799116554515654,1.538244988784899,2.0603383498532284,4.66134845086333,18.0,0.33460887211810336,8.254999999999981e-05,True,True,True,True,False
3.6576,0.0095,0.0083349,0.0005,13215,UO2,SS316,Zircaloy,Zircaloy,SS316,Light Water Reactor,mean,fixed_core_power,870.0,0.9,45.0,True,0.3,0.0,3.749725378921677,17874930.375601646,39950977.32778142,4766997.198270026,536247.9112680494,7985003.822077537,8185045.671482402,1704880.8820417086,22076046.95217977,1.8020814136611105,1946.2479267539989,1352.6243190012597,3023.153789465109,0.6949907565256603,1.553324089858994,2.106032595532304,4.7070426965424055,18.0,0.41366481443172065,8.255000000000068e-05,True,True,True,True,False
3.6576,0.0095,0.0081349,0.0006000000000000001,13215,UO2,SS316,Zircaloy,Zircaloy,SS316,Light Water Reactor,mean,fixed_core_power,870.0,0.9,45.0,True,0.3,0.0,3.5719314218416893,17424557.131375313,38453864.029903375,4878189.156943893,522736.71394125937,7606393.315077086,7796950.141342065,2021213.6749561618,21029306.89852806,1.7166353734480946,1853.9662033239422,1318.543861625071,2909.864852811455,0.7112016709156175,1.5695350042489509,2.155156578532174,4.756166679542275,18.0,0.4908822464589754,8.254999999999981e-05,True,True,True,True,False
3.6576,0.0095,0.0079349,0.0007000000000000001,13215,UO2,SS316,Zircaloy,Zircaloy,SS316,Light Water Reactor,mean,fixed_core_power,870.0,0.9,45.0,True,0.3,0.0,3.3984555246550796,16985273.0488863,36993261.94026355,4997938.894789624,509558.19146658893,7236978.074734403,7418280.239445912,2330014.734705985,20007988.891377248,1.633264550668514,1763.9257147219948,1285.302538697412,2799.338777167124,0.7286602423050357,1.5869935756383688,2.20806134031829,4.80907144132839,18.0,0.5662611681998669,8.254999999999981e-05,True,True,True,True,False
3.6576,0.0095,0.0077349,0.0008,13215,UO2,SS316,Zircaloy,Zircaloy,SS316,Light Water Reactor,mean,fixed_core_power,870.0,0.9,45.0,True,0.3,0.0,3.229297687361852,16557078.128134625,35569171.05886198,5127145.197214938,496712.3438440387,6876758.101049496,7049035.9657939505,2631284.061291179,19012092.930727355,1.55196894532237,1676.1264609481598,1252.900350218284,2691.575562532121,0.7474975065482452,1.6058308398815782,2.2651439592371068,4.866154060247206,18.0,0.6398015796543954,8.254999999999938e-05,True,True,True,True,False
3.6576,0.01,0.0090349,0.0004,13215,UO2,SS316,Zircaloy,Zircaloy,SS316,Light Water Reactor,mean,fixed_core_power,870.0,0.9,45.0,True,0.3,0.0,4.406008950362012,20456493.858514592,46396329.61467004,4642862.529099906,613694.8157554377,9382553.321509086,9617606.849396577,1456333.687608927,25939835.75615545,2.117484891694978,2286.8836830305763,1547.9753203567607,3510.883814958005,0.6768928965837847,1.535226229917118,2.051190595708438,4.652200696718539,18.0,0.35299397498173557,8.254999999999981e-05,True,True,True,True,False
3.6576,0.01,0.0088349,0.0005,13215,UO2,SS316,Zircaloy,Zircaloy,SS316,Light Water Reactor,mean,fixed_core_power,870.0,0.9,45.0,True,0.3,0.0,4.2131017836551905,19967308.548207585,44771427.08795813,4739336.85287907,599019.2564462275,8971759.381206427,9196521.620401576,1799027.5465995825,24804118.539750542,2.0247755904649347,2186.7576377021296,1510.9578924107138,3387.9248647717086,0.6909580953829186,1.549291428716252,2.0938124102512683,4.6948225112613695,18.0,0.436646193011261,8.255000000000068e-05,True,True,True,True,False
3.6576,0.01,0.008634900000000001,0.0006000000000000001,13215,UO2,SS316,Zircaloy,Zircaloy,SS316,Light Water Reactor,mean,fixed_core_power,870.0,0.9,45.0,True,0.3,0.0,4.02451267684175,19489212.39963792,43183035.769484475,4842626.664287748,584676.3719891375,8570160.707561543,8784862.019650767,2134189.67242561,23693823.369846556,1.9341415066683285,2088.8728272017943,1474.7795989131985,3267.728775594739,0.7060169387567644,1.564350272090098,2.139445268959892,4.740455369969993,18.0,0.5184599007544237,8.254999999999981e-05,True,True,True,True,False
3.6576,0.01,0.0084349,0.0007000000000000001,13215,UO2,SS316,Zircaloy,Zircaloy,SS316,Light Water Reactor,mean,fixed_core_power,870.0,0.9,45.0,True,0.3,0.0,3.8402416299216915,19022205.412805583,41631155.65924906,4953387.637015298,570666.1623841674,8177757.300574432,8382628.047144146,2461820.065087007,22608950.246443477,1.8455826403051578,1993.2292515295708,1439.4404398642137,3150.295547427095,0.7221650187802588,1.5804983521135918,2.188378844788663,4.789388945798763,18.0,0.598435098211223,8.254999999999981e-05,True,True,True,True,False
3.6576,0.01,0.0082349,0.0008,13215,UO2,SS316,Zircaloy,Zircaloy,SS316,Light Water Reactor,mean,fixed_core_power,870.0,0.9,45.0,True,0.3,0.0,3.66028864289501,18566287.58771057,40115786.757251866,5072356.144302884,556988.6276313171,7794549.160245089,7989819.702881708,2781918.724583776,21549499.169541296,1.7590989913754227,1899.8269106854564,1404.9404152637587,3035.6251802687752,0.7395096928892628,1.597843026222596,2.2409384633007963,4.841948564310897,18.0,0.6765717853816596,8.254999999999981e-05,True,True,True,True,False
3.6576,0.0105,0.0095349,0.0004,13215,UO2,SS316,Zircaloy,Zircaloy,SS316,Light Water Reactor,mean,fixed_core_power,870.0,0.9,45.0,True,0.3,0.0,4.907168379162603,22692975.528601114,51583325.7792103,4624454.2219017185,680789.2658580334,10449767.463893484,10711557.045452403,1531651.0192552248,28890350.250609186,2.358337221041369,2547.004198724678,1717.2134338706858,3903.3920377760346,0.6742091099537721,1.5325424432871055,2.0430579089508245,4.644068009960925,18.0,0.37137907784536756,8.254999999999981e-05,True,True,True,True,False
3.6576,0.0105,0.0093349,0.0005,13215,UO2,SS316,Zircaloy,Zircaloy,SS316,Light Water Reactor,mean,fixed_core_power,870.0,0.9,45.0,True,0.3,0.0,4.70346606272233,22176067.31395078,49867145.231902786,4714835.191372773,665282.0194185234,10015985.356946394,10266907.74584693,1893174.2111574546,27691077.917952005,2.260439876227735,2441.275066325954,1678.0981698033129,3773.5259350664232,0.6873859455455794,1.5457192788789127,2.0829877137744828,4.6839978147845835,18.0,0.4596275715908009,8.255000000000068e-05,True,True,True,True,False
3.6576,0.0105,0.009134900000000001,0.0006000000000000001,13215,UO2,SS316,Zircaloy,Zircaloy,SS316,Light Water Reactor,mean,fixed_core_power,870.0,0.9,45.0,True,0.3,0.0,4.50408180617544,21670248.261037786,48187475.89283353,4811246.5966595495,650107.4478311335,9591398.51665708,9831684.074485648,2247165.6698950566,26517227.631795745,2.1646177488475384,2337.787168755341,1639.822040184471,3646.4226933661394,0.7014419713226192,1.5597753046559528,2.125581731280664,4.726591832290766,18.0,0.5460375550498716,8.254999999999981e-05,True,True,True,True,False
3.6576,0.0105,0.0089349,0.0007000000000000001,13215,UO2,SS316,Zircaloy,Zircaloy,SS316,Light Water Reactor,mean,fixed_core_power,870.0,0.9,45.0,True,0.3,0.0,4.309015609521929,21175518.36986212,46544317.76200251,4914235.706890714,635265.5510958636,9176006.943025537,9405886.031368556,2593625.395468031,25368799.39214039,2.0708708389007775,2236.5405060128396,1602.3850450141597,3522.0823126751807,0.7164569748261741,1.5747903081595076,2.1710817418974973,4.7720918429075985,18.0,0.6306090282225797,8.254999999999981e-05,True,True,True,True,False
3.6576,0.0105,0.0087349,0.0008,13215,UO2,SS316,Zircaloy,Zircaloy,SS316,Light Water Reactor,mean,fixed_core_power,870.0,0.9,45.0,True,0.3,0.0,4.118267472761798,20691877.640423786,44937670.839409724,5024413.245929209,620756.3292127135,8769810.636051765,8989513.616495648,2932553.387876373,24245793.198985938,1.9791991463874523,2137.5350780984486,1565.7871842923787,3400.504792993547,0.7325199947994786,1.590853328132812,2.21975755999842,4.820767661008522,18.0,0.7133419911089238,8.254999999999981e-05,True,True,True,True,False
3.6576,0.011,0.0100349,0.0004,13215,UO2,SS316,Zircaloy,Zircaloy,SS316,Light Water Reactor,mean,fixed_core_power,870.0,0.9,45.0,True,0.3,0.0,5.4353156822968165,25045837.79182488,57045590.32751848,4607982.177263564,751375.1337547464,11574452.022888957,11864417.418034399,1606968.3509015238,31999752.535693593,2.612159659346734,2821.132432094472,1895.2582513677548,4316.730255582178,0.6718076151996426,1.5301409485329764,2.035780652120129,4.6367907531302315,18.0,0.38976418070899976,8.254999999999981e-05,True,True,True,True,False
3.6576,0.011,0.0098349,0.0005,13215,UO2,SS316,Zircaloy,Zircaloy,SS316,Light Water Reactor,mean,fixed_core_power,870.0,0.9,45.0,True,0.3,0.0,5.220818216123097,24501206.67283123,55238131.75961538,4692982.145435714,735036.2001849369,11117681.749297438,11396204.04781846,1987320.8757153298,30736925.08678415,2.5090742709495113,2709.800212625472,1854.0451511790563,4179.957000349253,0.6841999430587943,1.5425332763921273,2.073333160784225,4.674343261794325,18.0,0.48260895017034156,8.254999999999894e-05,True,True,True,True,False
3.6576,0.011,0.0096349,0.0006000000000000001,13215,UO2,SS316,Zircaloy,Zircaloy,SS316,Light Water Reactor,mean,fixed_core_power,870.0,0.9,45.0,True,0.3,0.0,5.010638809842753,23967664.715574898,53467184.399950504,4783355.102046772,719029.9414672469,10670106.74236369,10937416.305846704,2360141.6673645023,29499519.684375606,2.4080640999857232,2600.7092279845806,1813.6711854388875,4045.946606125653,0.6973756104385387,1.5557089437718723,2.113259425571329,4.714269526581431,18.0,0.5736152093453193,8.254999999999981e-05,True,True,True,True,False
3.6576,0.011,0.0094349,0.0007000000000000001,13215,UO2,SS316,Zircaloy,Zircaloy,SS316,Light Water Reactor,mean,fixed_core_power,870.0,0.9,45.0,True,0.3,0.0,4.8047774634557925,23445211.920055907,51732748.248523876,4879562.497613189,703356.3576016772,10231727.002087714,10488054.19211914,2725430.72584905,28287536.328467973,2.309129146455372,2493.859478171801,1774.13635414725,3914.699072911379,0.7114018932004277,1.569735226533761,2.1557633127285687,4.756773413738669,18.0,0.6627829582339351,8.254999999999981e-05,True,True,True,True,False
3.6576,0.011,0.009234899999999999,0.0008,13215,UO2,SS316,Zircaloy,Zircaloy,SS316,Light Water Reactor,mean,fixed_core_power,870.0,0.9,45.0,True,0.3,0.0,4.603234176962212,22933848.286274247,50034823.3053355,4982116.356593629,688015.4485882274,9802542.528469512,10048117.706635762,3083188.051168969,27100975.019061252,2.2122694103584566,2389.250963187133,1735.4406573041429,3786.214400706432,0.7263534404896327,1.584686773822966,2.2010710317867654,4.802081132796866,18.0,0.7501121968361878,8.254999999999981e-05,True,True,True,True,False
3.6576,0.0115,0.0105349,0.0004,13215,UO2,SS316,Zircaloy,Zircaloy,SS316,Light Water Reactor,mean,fixed_core_power,870.0,0.9,45.0,True,0.3,0.0,5.990450859764665,27515080.648185924,62783123.259594634,4593156.891243884,825452.4194455777,12756606.998495515,13076187.967142584,1682285.682547821,35268042.61140871,2.8789522066110775,3109.2683831399636,2082.10977284797,4750.898468376438,0.6696462049201765,1.5279795382535097,2.029230924000535,4.630241025010635,18.0,0.4081492835726315,8.254999999999981e-05,True,True,True,True,False
3.6576,0.0115,0.010334900000000001,0.0005,13215,UO2,SS316,Zircaloy,Zircaloy,SS316,Light Water Reactor,mean,fixed_core_power,870.0,0.9,45.0,True,0.3,0.0,5.765158243857492,26942726.62484894,60884386.67109594,4673371.568517683,808281.7987454681,12276848.558259565,12584410.526316173,2081467.5402732014,33941660.046247,2.7706787746302637,2992.3330766006843,2038.7988365379447,4607.218060620199,0.6813408749449902,1.5396742082783237,2.0646693180151217,4.665679419025223,18.0,0.5055903287498813,8.254999999999894e-05,True,True,True,True,False
3.6576,0.0115,0.0101349,0.0006000000000000001,13215,UO2,SS316,Zircaloy,Zircaloy,SS316,Light Water Reactor,mean,fixed_core_power,870.0,0.9,45.0,True,0.3,0.0,5.544183687843699,26381461.763249278,59022161.29083544,4758403.265226197,791443.8528974783,11806285.384681383,12102058.713733943,2473117.66483395,32640699.527586166,2.664480560082885,2877.6390048895164,1996.3270346764493,4466.300513873283,0.6937378285755812,1.5520711619089143,2.102235844168428,4.703245945178528,18.0,0.6011928636407674,8.254999999999981e-05,True,True,True,True,False
3.6576,0.0115,0.0099349,0.0007000000000000001,13215,UO2,SS316,Zircaloy,Zircaloy,SS316,Light Water Reactor,mean,fixed_core_power,870.0,0.9,45.0,True,0.3,0.0,5.327527191723285,25831286.063386958,57196447.11881322,4848644.62137665,774938.5819016087,11344917.477760978,11629132.529395908,2857236.056230072,31365161.055426262,2.5603575629689432,2765.186168006459,1954.6943672634852,4328.145828135695,0.706894309641621,1.565227642974954,2.142103968610973,4.743114069621073,18.0,0.6949568882452911,8.254999999999981e-05,True,True,True,True,False
3.6576,0.0115,0.0097349,0.0008,13215,UO2,SS316,Zircaloy,Zircaloy,SS316,Light Water Reactor,mean,fixed_core_power,870.0,0.9,45.0,True,0.3,0.0,5.115188755496253,25292199.525261965,55407244.15502922,4944529.074921347,758765.985757859,10892744.837498343,11165631.973302057,3233822.7144615646,30115044.62976726,2.4583097832884375,2654.974565951513,1913.9008342990514,4192.754003407433,0.7208735099927901,1.5792068433261233,2.1844651817963334,4.785475282806434,18.0,0.7868824025634518,8.254999999999981e-05,True,True,True,True,False
3.6576,0.012,0.0110349,0.0004,13215,UO2,SS316,Zircaloy,Zircaloy,SS316,Light Water Reactor,mean,fixed_core_power,870.0,0.9,45.0,True,0.3,0.0,6.5725739115661375,30100704.09768421,68795924.57543872,4579743.720297198,903021.1229305263,13996232.390713148,14346868.69277694,1757603.0141941183,38695220.47775451,3.1587148628343953,3411.4120518611476,2277.7679983113285,5205.8966761588135,0.6676906699290863,1.5260240032624197,2.0233050603911704,4.624315161401272,18.0,0.4265343864362633,8.254999999999981e-05,True,True,True,True,True
3.6576,0.012,0.010834900000000001,0.0005,13215,UO2,SS316,Zircaloy,Zircaloy,SS316,Light Water Reactor,mean,fixed_core_power,870.0,0.9,45.0,True,0.3,0.0,6.336486145925514,29500627.170003902,66805909.966344416,4655676.109853627,885018.815100117,13493485.783832766,13831527.18134006,2175614.2048310745,37305282.79634052,3.0452533872699914,3288.873658251591,2232.3592258799777,5055.3091158792595,0.6787610160332913,1.5370943493666245,2.056851563737246,4.6578616647473465,18.0,0.5285717073294214,8.254999999999894e-05,True,True,True,True,False
3.6576,0.012,0.010634900000000001,0.0006000000000000001,13215,UO2,SS316,Zircaloy,Zircaloy,SS316,Light Water Reactor,mean,fixed_core_power,870.0,0.9,45.0,True,0.3,0.0,6.1047164401782705,28911639.404060915,64852406.56548834,4735951.241531643,867349.1821218274,12999934.443610158,13325611.298147362,2586093.6623033974,35940767.16142742,2.9338671291390233,3168.5764994701453,2187.789587897156,4907.484416609031,0.6904644998354945,1.548797833168828,2.092316666168165,4.693326767178267,18.0,0.6287705179362155,8.254999999999981e-05,True,True,True,True,False
3.6576,0.012,0.0104349,0.0007000000000000001,13215,UO2,SS316,Zircaloy,Zircaloy,SS316,Light Water Reactor,mean,fixed_core_power,870.0,0.9,45.0,True,0.3,0.0,5.877264794324406,28333740.799855262,62935414.3728705,4820905.947136628,850012.2239956579,12515578.370045317,12829121.043198852,2989041.3866110938,34601673.573015235,2.824556088441491,3050.52057551681,2144.059084362865,4762.422578348127,0.7028502287677981,1.5611835621011314,2.129849178084237,4.730859279094338,18.0,0.7271308182566472,8.254999999999981e-05,True,True,True,True,False
3.6576,0.012,0.0102349,0.0008,13215,UO2,SS316,Zircaloy,Zircaloy,SS316,Light Water Reactor,mean,fixed_core_power,870.0,0.9,45.0,True,0.3,0.0,5.654131208363923,27766931.357386947,61054933.388490915,4910910.3298332505,833007.9407216083,12040417.563138252,12342056.416494533,3384457.37775416,33288002.031103965,2.7173202651773947,2934.705886391587,2101.1677152771053,4620.12360109655,0.7159721609652097,1.5743054942985428,2.1696126089854837,4.7706227099955845,18.0,0.8236526082907157,8.254999999999981e-05,True,True,True,True,False
3.6576,0.008,0.0070349,0.0004,13215,UO2,SS316,Zircaloy,Zircaloy,SS316,Light Water Reactor,high,fixed_core_power,870.0,0.9,45.0,True,0.3,0.0,2.671249978495921,19141472.51297967,34868128.19762705,7165736.141159467,574244.1753893901,9649753.779317617,8336654.372638321,1155064.361023733,15726655.684647383,1.283776663899175,1386.4787970111088,1448.4655704108718,2638.526537845407,1.044708057226256,1.9030413905595893,3.1657819915947147,5.766792092604816,18.0,0.2794535635272071,8.254999999999981e-05,True,True,True,True,False
3.6576,0.008,0.0068349000000000005,0.0005,13215,UO2,SS316,Zircaloy,Zircaloy,SS316,Light Water Reactor,high,fixed_core_power,870.0,0.9,45.0,True,0.3,0.0,2.5215234107229043,18400690.619795624,33245849.553047203,7297449.843830824,552020.7185938687,9108874.219237862,7869375.512189672,1422440.8883680904,14845158.93325158,1.2118195370034934,1308.765099963773,1392.4094301774971,2515.766140979735,1.063910880734854,1.922244214068187,3.223972365863194,5.824982466873294,18.0,0.3447206786931006,8.254999999999981e-05,True,True,True,True,False
3.6576,0.008,0.006634900000000001,0.0006000000000000001,13215,UO2,SS316,Zircaloy,Zircaloy,SS316,Light Water Reactor,high,fixed_core_power,870.0,0.9,45.0,True,0.3,0.0,2.3761149028432684,17681451.91653246,31670536.144889154,7441328.656023649,530443.5574959738,8583593.42943828,7415572.804546363,1682285.68254782,13989084.228356691,1.1419376275412483,1233.2926377445483,1337.9834972782792,2396.5596780090164,1.0848872816797075,1.9432206150130407,3.2875372172112347,5.8885473182213355,18.0,0.4081492835726313,8.254999999999981e-05,True,True,True,True,False
3.6576,0.008,0.0064349,0.0007000000000000001,13215,UO2,SS316,Zircaloy,Zircaloy,SS316,Light Water Reactor,high,fixed_core_power,870.0,0.9,45.0,True,0.3,0.0,2.235024454857011,16983756.403190166,30142187.97315287,7598913.007990656,509512.69209570496,8073911.409918863,6975246.249708385,1934598.74356292,13158431.569962705,1.0741309355124387,1160.0614103534335,1285.1877717132172,2280.9071489332478,1.1078618426947429,1.9661951760280763,3.3571570990749784,5.95816720008508,18.0,0.46973937816579886,8.254999999999981e-05,True,True,True,True,False
3.6576,0.008,0.006234900000000001,0.0008,13215,UO2,SS316,Zircaloy,Zircaloy,SS316,Light Water Reactor,high,fixed_core_power,870.0,0.9,45.0,True,0.3,0.0,2.0982520667641356,16307604.07976876,28660805.0378384,7771994.765584996,489228.1223930628,7579828.160679622,6548395.847675749,2179380.0714133885,12353200.958069637,1.008399460917066,1089.071417790431,1234.0222534823126,2168.808553752433,1.1330958037499193,1.991429137083253,3.433623647727028,6.03463374873713,18.0,0.5294909624726029,8.254999999999981e-05,True,True,True,True,False
3.6576,0.0085,0.007534900000000001,0.0004,13215,UO2,SS316,Zircaloy,Zircaloy,SS316,Light Water Reactor,high,fixed_core_power,870.0,0.9,45.0,True,0.3,0.0,3.064457909962003,21864388.684446067,39906007.701024435,7134830.801026459,655931.660533382,11070197.299492747,9563809.69228329,1230381.692670031,18041619.01657837,1.472748557409662,1590.5684420024347,1654.512953798416,3019.7508665171727,1.0402023013328987,1.8985356346662323,3.1521281858572685,5.753138286867371,18.0,0.2978386663908391,8.254999999999981e-05,True,True,True,True,False
3.6576,0.0085,0.007334900000000001,0.0005,13215,UO2,SS316,Zircaloy,Zircaloy,SS316,Light Water Reactor,high,fixed_core_power,870.0,0.9,45.0,True,0.3,0.0,2.903936192455536,21069748.81645983,38166315.96539013,7255582.567963894,632092.464493795,10490320.813712569,9062840.4498213,1516587.552925964,17096567.148930296,1.3956033869303903,1507.2516578848215,1594.3812952296505,2888.1056349141227,1.057806960695005,1.9161402940283385,3.2054756384697116,5.806485739479814,18.0,0.36770205727264077,8.254999999999981e-05,True,True,True,True,False
3.6576,0.0085,0.007134900000000001,0.0006000000000000001,13215,UO2,SS316,Zircaloy,Zircaloy,SS316,Light Water Reactor,high,fixed_core_power,870.0,0.9,45.0,True,0.3,0.0,2.747732534842448,20296652.13839447,36473589.4661776,7386691.34678287,608899.5641518341,9926043.098212559,8575347.360164648,1795261.6800172676,16176937.327783128,1.3205334338845547,1426.176108595319,1535.8798439950413,2760.0143372060234,1.0769215910563616,1.935254924389695,3.2633987607768535,5.864408861786955,18.0,0.4357269378680794,8.254999999999981e-05,True,True,True,True,False
3.6576,0.0085,0.006934900000000001,0.0007000000000000001,13215,UO2,SS316,Zircaloy,Zircaloy,SS316,Light Water Reactor,high,fixed_core_power,870.0,0.9,45.0,True,0.3,0.0,2.595846937122741,19545098.650249995,34827828.203386866,7529372.54147733,586352.9595074998,9377364.15299272,8101330.423313332,2066404.073943941,15282729.553136872,1.247538698272155,1347.3417941339274,1479.0086000945892,2635.4769733928765,1.0977233887747817,1.9560567221081149,3.326434511438732,5.9274446124488325,18.0,0.5019133081771547,8.254999999999981e-05,True,True,True,True,False
3.6576,0.0085,0.006734900000000001,0.0008,13215,UO2,SS316,Zircaloy,Zircaloy,SS316,Light Water Reactor,high,fixed_core_power,870.0,0.9,45.0,True,0.3,0.0,2.4482793992964136,18815088.352026388,33229032.177017912,7685024.984253622,564452.6505607916,8844283.978053052,7640789.6392673515,2330014.7347059846,14413943.824991524,1.1766191800931916,1270.7487145006467,1423.7675635282926,2514.4935434746812,1.1204162926009933,1.978749625934327,3.3952008866696763,5.9962109876797784,18.0,0.5662611681998668,8.254999999999981e-05,True,True,True,True,False
3.6576,0.009000000000000001,0.008034900000000001,0.0004,13215,UO2,SS316,Zircaloy,Zircaloy,SS316,Light Water Reactor,high,fixed_core_power,870.0,0.9,45.0,True,0.3,0.0,3.4846537157617132,24769023.125196885,45284493.26433693,7108029.9925246965,743070.6937559065,12588133.13391894,10875190.966961617,1305699.0243163293,20515470.139140047,1.674690559879125,1808.6658046694554,1874.3112467042668,3426.7493957122156,1.0362949539187027,1.894628287252036,3.140287739147584,5.741297840157684,18.0,0.31622376925447115,8.254999999999981e-05,True,True,True,True,False
3.6576,0.009000000000000001,0.007834900000000002,0.0005,13215,UO2,SS316,Zircaloy,Zircaloy,SS316,Light Water Reactor,high,fixed_core_power,870.0,0.9,45.0,True,0.3,0.0,3.3133368485217947,23920525.282408465,43427388.43764816,7219466.772018764,717615.7584722539,11969259.72243834,10340531.342486287,1610734.2174838379,19506863.155239698,1.5923573458162632,1719.745933481564,1810.104069800111,3286.219329371787,1.0525415612616802,1.9108748945950136,3.189519882611152,5.790529983621253,18.0,0.3906834358521811,8.254999999999894e-05,True,True,True,True,False
3.6576,0.009000000000000001,0.007634900000000002,0.0006000000000000001,13215,UO2,SS316,Zircaloy,Zircaloy,SS316,Light Water Reactor,high,fixed_core_power,870.0,0.9,45.0,True,0.3,0.0,3.1463380411752557,23093570.6295409,41617248.84738115,7339825.005235206,692807.118886227,11365985.081237901,9819347.870816289,1908237.6774867135,18523678.21784025,1.5120993491868369,1633.067297121784,1747.52710023011,3149.2431969263075,1.0700888464976654,1.9284221798309986,3.2426934742353497,5.84370357524545,18.0,0.4633045921635271,8.254999999999981e-05,True,True,True,True,False
3.6576,0.009000000000000001,0.007434900000000001,0.0007000000000000001,13215,UO2,SS316,Zircaloy,Zircaloy,SS316,Light Water Reactor,high,fixed_core_power,870.0,0.9,45.0,True,0.3,0.0,2.9836572937220973,22288159.16659423,39854074.49353595,7470080.164196694,668644.7749978269,10778309.210317638,9311640.55195163,2198209.4043249628,17565915.32694172,1.4339165699908467,1548.6298955901143,1686.5803379942663,3015.8209983757815,1.0890790257872331,1.9474123591205668,3.3002394720825245,5.901249573092627,18.0,0.5340872381885108,8.254999999999981e-05,True,True,True,True,False
3.6576,0.009000000000000001,0.007234900000000002,0.0008,13215,UO2,SS316,Zircaloy,Zircaloy,SS316,Light Water Reactor,high,fixed_core_power,870.0,0.9,45.0,True,0.3,0.0,2.82529460616232,21504290.893568426,38137865.37611252,7611344.6175364815,645128.7268070527,10206232.109677542,8817409.385892307,2480649.3979985807,16633574.482544098,1.357809008228293,1466.4337288865565,1627.2637830925787,2885.9527337202057,1.1096742737417382,1.9680076070750712,3.3626493143689036,5.963659415379003,18.0,0.6030313739271308,8.254999999999981e-05,True,True,True,True,False
3.6576,0.0095,0.0085349,0.0004,13215,UO2,SS316,Zircaloy,Zircaloy,SS316,Light Water Reactor,high,fixed_core_power,870.0,0.9,45.0,True,0.3,0.0,3.931837395895048,27855375.83523211,51003584.88756451,7084569.637674724,835661.2750569632,14203561.282596191,12270798.196673293,1381016.355962628,23148209.052332405,1.8896026713075635,2040.7708850121685,2107.8604491284227,3859.5221254305343,1.0328746184145283,1.8912079517478617,3.129923086104631,5.730933187114732,18.0,0.33460887211810336,8.254999999999981e-05,True,True,True,True,False
3.6576,0.0095,0.0083349,0.0005,13215,UO2,SS316,Zircaloy,Zircaloy,SS316,Light Water Reactor,high,fixed_core_power,870.0,0.9,45.0,True,0.3,0.0,3.749725378921677,26953020.017641485,49029066.96982126,7187998.398270028,808590.6005292445,13545690.94541516,11702448.190184616,1704880.8820417086,22076046.95217977,1.8020814136611105,1946.2479267539989,2039.5777538888751,3710.107224352725,1.0479537194886235,1.9062870528219573,3.1756173317837075,5.77662743279381,18.0,0.41366481443172065,8.255000000000068e-05,True,True,True,True,False
3.6576,0.0095,0.0081349,0.0006000000000000001,13215,UO2,SS316,Zircaloy,Zircaloy,SS316,Light Water Reactor,high,fixed_core_power,870.0,0.9,45.0,True,0.3,0.0,3.5719314218416893,26072207.389971748,47101514.28849981,7299190.356943893,782166.2216991524,12903419.378514305,11147574.336501282,2021213.6749561618,21029306.89852806,1.7166353734480946,1853.9662033239422,1972.9252659834845,3564.2462571698684,1.0641646338785802,1.9224979672119138,3.224741314783576,5.825751415793678,18.0,0.4908822464589754,8.254999999999981e-05,True,True,True,True,False
3.6576,0.0095,0.0079349,0.0007000000000000001,13215,UO2,SS316,Zircaloy,Zircaloy,SS316,Light Water Reactor,high,fixed_core_power,870.0,0.9,45.0,True,0.3,0.0,3.3984555246550796,25212937.952222876,45220926.843600124,7418940.094789623,756388.1385666863,12276746.581893612,10606176.635623278,2330014.734705985,20007988.891377248,1.633264550668514,1763.9257147219948,1907.9029854122493,3421.939223881962,1.0816232052679986,1.939956538601332,3.2776460765696926,5.878656177579794,18.0,0.5662611681998669,8.254999999999981e-05,True,True,True,True,False
3.6576,0.0095,0.0077349,0.0008,13215,UO2,SS316,Zircaloy,Zircaloy,SS316,Light Water Reactor,high,fixed_core_power,870.0,0.9,45.0,True,0.3,0.0,3.229297687361852,24375211.70439489,43387304.63512225,7548146.397214937,731256.3511318468,11665672.555553095,10078255.087550618,2631284.061291179,19012092.930727355,1.55196894532237,1676.1264609481598,1844.5109121751716,3283.1861244890083,1.1004604695112081,1.9587938028445413,3.334728695488509,5.93573879649861,18.0,0.6398015796543954,8.254999999999938e-05,True,True,True,True,False
3.6576,0.01,0.0090349,0.0004,13215,UO2,SS316,Zircaloy,Zircaloy,SS316,Light Water Reactor,high,fixed_core_power,870.0,0.9,45.0,True,0.3,0.0,4.406008950362012,31123446.81455176,57063282.57070721,7063863.729099904,933703.4044365528,15916481.745524507,13750631.381418325,1456333.687608927,25939835.75615545,2.117484891694978,2286.8836830305763,2355.160561070886,4318.069055672131,1.0298558595467477,1.8881891928800811,3.1207753319598415,5.721785432969942,18.0,0.35299397498173557,8.254999999999981e-05,True,True,True,True,False
3.6576,0.01,0.0088349,0.0005,13215,UO2,SS316,Zircaloy,Zircaloy,SS316,Light Water Reactor,high,fixed_core_power,870.0,0.9,45.0,True,0.3,0.0,4.2131017836551905,30167233.022158936,54971351.56190948,7160338.052879068,905016.990664768,15219614.48264305,13148590.992916306,1799027.5465995825,24804118.539750542,2.0247755904649347,2186.7576377021296,2282.802347495947,4159.769319856941,1.0439210583458816,1.9022543916792147,3.163397146502671,5.7644072475127714,18.0,0.436646193011261,8.255000000000068e-05,True,True,True,True,False
3.6576,0.01,0.008634900000000001,0.0006000000000000001,13215,UO2,SS316,Zircaloy,Zircaloy,SS316,Light Water Reactor,high,fixed_core_power,870.0,0.9,45.0,True,0.3,0.0,4.02451267684175,29232562.41968701,52926385.78953357,7263627.864287748,876976.8725906103,14538345.99004177,12560026.757219631,2134189.67242561,23693823.369846556,1.9341415066683285,2088.8728272017943,2212.0743412551656,4005.023517936706,1.0589799017197277,1.917313235053061,3.2090300052112957,5.810040106221397,18.0,0.5184599007544237,8.254999999999981e-05,True,True,True,True,False
3.6576,0.01,0.0084349,0.0007000000000000001,13215,UO2,SS316,Zircaloy,Zircaloy,SS316,Light Water Reactor,high,fixed_core_power,870.0,0.9,45.0,True,0.3,0.0,3.8402416299216915,28319435.00713595,50928385.25357942,7374388.837015296,849583.0502140785,13872676.267720656,11984938.67432829,2461820.065087007,22608950.246443477,1.8455826403051578,1993.2292515295708,2142.9765423485396,3853.8316499114208,1.0751279817432216,1.9334613150765547,3.257963581040065,5.858973682050165,18.0,0.598435098211223,8.254999999999981e-05,True,True,True,True,False
3.6576,0.01,0.0082349,0.0008,13215,UO2,SS316,Zircaloy,Zircaloy,SS316,Light Water Reactor,high,fixed_core_power,870.0,0.9,45.0,True,0.3,0.0,3.66028864289501,27427850.784505762,48977349.954047054,7493357.344302884,822835.5235351728,13222605.315679707,11423326.744242279,2781918.724583776,21549499.169541296,1.7590989913754227,1899.8269106854564,2075.50895077607,3706.193715781086,1.0924726558522257,1.950805989185559,3.310523199552199,5.9115333005623,18.0,0.6765717853816596,8.254999999999981e-05,True,True,True,True,False
3.6576,0.0105,0.0095349,0.0004,13215,UO2,SS316,Zircaloy,Zircaloy,SS316,Light Water Reactor,high,fixed_core_power,870.0,0.9,45.0,True,0.3,0.0,4.907168379162603,34573236.06315583,63463586.31376502,7045455.421901719,1037197.0818946748,17726894.522703886,15314690.521196714,1531651.0192552248,28890350.250609186,2.358337221041369,2547.004198724678,2616.2115825316555,4802.390186437005,1.027172072916735,1.8855054062500685,3.1126426452022273,5.713652746212328,18.0,0.37137907784536756,8.254999999999981e-05,True,True,True,True,False
3.6576,0.0105,0.0093349,0.0005,13215,UO2,SS316,Zircaloy,Zircaloy,SS316,Light Water Reactor,high,fixed_core_power,870.0,0.9,45.0,True,0.3,0.0,4.70346606272233,33563164.295960814,61254242.213912815,7135836.391372772,1006894.9288788243,16991030.334122006,14678959.750681354,1893174.2111574546,27691077.917952005,2.260439876227735,2441.275066325954,2539.7778506213253,4635.205615884435,1.0403489085085422,1.8986822418418754,3.1525724500258856,5.7535825510359855,18.0,0.4596275715908009,8.255000000000068e-05,True,True,True,True,False
3.6576,0.0105,0.009134900000000001,0.0006000000000000001,13215,UO2,SS316,Zircaloy,Zircaloy,SS316,Light Water Reactor,high,fixed_core_power,870.0,0.9,45.0,True,0.3,0.0,4.50408180617544,32574635.718686692,59091863.350482434,7232247.79665955,977239.0715606008,16270764.9158203,14056705.132971335,2247165.6698950566,26517227.631795745,2.1646177488475384,2337.787168755341,2464.974326045153,4471.574979226821,1.0544049342855824,1.9127382676189155,3.1951664675320677,5.796176568542168,18.0,0.5460375550498716,8.254999999999981e-05,True,True,True,True,False
3.6576,0.0105,0.0089349,0.0007000000000000001,13215,UO2,SS316,Zircaloy,Zircaloy,SS316,Light Water Reactor,high,fixed_core_power,870.0,0.9,45.0,True,0.3,0.0,4.309015609521929,31607650.331333444,56976449.72347383,7335236.906890715,948229.5099400033,15566098.26779876,13447926.668066652,2593625.395468031,25368799.39214039,2.0708708389007775,2236.5405060128396,2391.801008803136,4311.498276464157,1.0694199377891371,1.9277532711224705,3.2406664781489,5.841676579159001,18.0,0.6306090282225797,8.254999999999981e-05,True,True,True,True,False
3.6576,0.0105,0.0087349,0.0008,13215,UO2,SS316,Zircaloy,Zircaloy,SS316,Light Water Reactor,high,fixed_core_power,870.0,0.9,45.0,True,0.3,0.0,4.118267472761798,30662208.133901063,54908001.332887,7445414.445929208,919866.2440170319,14877030.390057389,12852624.355967302,2932553.387876373,24245793.198985938,1.9791991463874523,2137.5350780984486,2320.2578988952755,4154.975507596443,1.0854829577624416,1.9438162910957746,3.289342296249823,5.890352397259923,18.0,0.7133419911089238,8.254999999999981e-05,True,True,True,True,False
3.6576,0.011,0.0100349,0.0004,13215,UO2,SS316,Zircaloy,Zircaloy,SS316,Light Water Reactor,high,fixed_core_power,870.0,0.9,45.0,True,0.3,0.0,5.4353156822968165,38204743.58104429,70204496.11673787,7028983.377263564,1146142.3074313286,19634799.61413432,16962975.616008446,1606968.3509015238,31999752.535693593,2.612159659346734,2821.132432094472,2891.0135135107294,5312.485517725151,1.0247705781626055,1.883103911495939,3.1053653883715318,5.7063754893816325,18.0,0.38976418070899976,8.254999999999981e-05,True,True,True,True,False
3.6576,0.011,0.0098349,0.0005,13215,UO2,SS316,Zircaloy,Zircaloy,SS316,Light Water Reactor,high,fixed_core_power,870.0,0.9,45.0,True,0.3,0.0,5.220818216123097,37140813.839047104,67877738.92583126,7113983.345435714,1114224.415171413,18859938.49985202,16293554.463479752,1987320.8757153298,30736925.08678415,2.5090742709495113,2709.800212625472,2810.5042632650097,5136.416112435207,1.037162906021757,1.8954962393550905,3.1429178970356273,5.743927998045728,18.0,0.48260895017034156,8.254999999999894e-05,True,True,True,True,False
3.6576,0.011,0.0096349,0.0006000000000000001,13215,UO2,SS316,Zircaloy,Zircaloy,SS316,Light Water Reactor,high,fixed_core_power,870.0,0.9,45.0,True,0.3,0.0,5.010638809842753,36098427.28697077,65597946.97134638,7204356.302046771,1082952.8186091231,18100676.155849885,15637609.463756388,2360141.6673645023,29499519.684375606,2.4080640999857232,2600.7092279845806,2731.6252203534445,4963.90064104021,1.0503385734015014,1.9086719067348348,3.1828441618227314,5.783854262832833,18.0,0.5736152093453193,8.254999999999981e-05,True,True,True,True,False
3.6576,0.011,0.0094349,0.0007000000000000001,13215,UO2,SS316,Zircaloy,Zircaloy,SS316,Light Water Reactor,high,fixed_core_power,870.0,0.9,45.0,True,0.3,0.0,4.8047774634557925,35077583.924815334,63365120.25328331,7300563.697613188,1052327.51774446,17357012.58212792,14995140.616838362,2725430.72584905,28287536.328467973,2.309129146455372,2493.859478171801,2654.3763847760374,4794.939103540167,1.0643648561633905,1.9226981894967239,3.225348048979971,5.826358149990072,18.0,0.6627829582339351,8.254999999999981e-05,True,True,True,True,False
3.6576,0.011,0.009234899999999999,0.0008,13215,UO2,SS316,Zircaloy,Zircaloy,SS316,Light Water Reactor,high,fixed_core_power,870.0,0.9,45.0,True,0.3,0.0,4.603234176962212,34078283.75258077,61179258.77164202,7403117.556593629,1022348.512577423,16628947.778686127,14366147.922725674,3083188.051168969,27100975.019061252,2.2122694103584566,2389.250963187133,2578.757756532786,4629.531499935076,1.0793164034525955,1.937649736785929,3.270655768038168,5.87166586904827,18.0,0.7501121968361878,8.254999999999981e-05,True,True,True,True,False
3.6576,0.0115,0.0105349,0.0004,13215,UO2,SS316,Zircaloy,Zircaloy,SS316,Light Water Reactor,high,fixed_core_power,870.0,0.9,45.0,True,0.3,0.0,5.990450859764665,42017969.3682172,77286011.97962591,7014158.091243883,1260539.0810465158,21640197.019815832,18695486.66585355,1682285.682547821,35268042.61140871,2.8789522066110775,3109.2683831399636,3179.566354008112,5848.355049536581,1.0226091678831393,1.8809425012164727,3.098815660251937,5.699825761262038,18.0,0.4081492835726315,8.254999999999981e-05,True,True,True,True,False
3.6576,0.0115,0.010334900000000001,0.0005,13215,UO2,SS316,Zircaloy,Zircaloy,SS316,Light Water Reactor,high,fixed_core_power,870.0,0.9,45.0,True,0.3,0.0,5.765158243857492,40900181.65141782,74841841.69766483,7094372.768517683,1227005.4495425345,20826338.979833107,17992375.131311513,2081467.5402732014,33941660.046247,2.7706787746302637,2992.3330766006843,3094.9815854270014,5663.400809509257,1.0343038379079532,1.892637171241287,3.134254054266525,5.735264155276627,18.0,0.5055903287498813,8.254999999999894e-05,True,True,True,True,False
3.6576,0.0115,0.0101349,0.0006000000000000001,13215,UO2,SS316,Zircaloy,Zircaloy,SS316,Light Water Reactor,high,fixed_core_power,870.0,0.9,45.0,True,0.3,0.0,5.544183687843699,39803937.124539286,72444636.65212545,7179404.465226196,1194118.1137361785,20028079.71013054,17302739.749574803,2473117.66483395,32640699.527586166,2.664480560082885,2877.6390048895164,3012.0270241800445,5482.000503376878,1.0467007915385438,1.905034124871877,3.1718205804198294,5.77283068142993,18.0,0.6011928636407674,8.254999999999981e-05,True,True,True,True,False
3.6576,0.0115,0.0099349,0.0007000000000000001,13215,UO2,SS316,Zircaloy,Zircaloy,SS316,Light Water Reactor,high,fixed_core_power,870.0,0.9,45.0,True,0.3,0.0,5.327527191723285,38729235.78758165,70094396.84300792,7269645.821376649,1161877.0736274496,19245419.210708153,16626580.520643435,2857236.056230072,31365161.055426262,2.5603575629689432,2765.186168006459,2930.7026702672456,5304.154131139457,1.0598572726045836,1.9181906059379172,3.2116887048623743,5.8126988058724764,18.0,0.6949568882452911,8.254999999999981e-05,True,True,True,True,False
3.6576,0.0115,0.0097349,0.0008,13215,UO2,SS316,Zircaloy,Zircaloy,SS316,Light Water Reactor,high,fixed_core_power,870.0,0.9,45.0,True,0.3,0.0,5.115188755496253,37676077.6405449,67791122.27031216,7365530.274921347,1130282.3292163468,18478357.48156593,15963897.444517402,3233822.7144615646,30115044.62976726,2.4583097832884375,2654.974565951513,2851.008523688604,5129.861692796985,1.073836472955753,1.9321698062890862,3.2540499180477362,5.855060019057837,18.0,0.7868824025634518,8.254999999999981e-05,True,True,True,True,False
3.6576,0.012,0.0110349,0.0004,13215,UO2,SS316,Zircaloy,Zircaloy,SS316,Light Water Reactor,high,fixed_core_power,870.0,0.9,45.0,True,0.3,0.0,6.5725739115661375,46012913.42467451,84708133.90242901,7000744.920297196,1380387.4027402352,23743086.739748396,20512223.670732003,1757603.0141941183,38695220.47775451,3.1587148628343953,3411.4120518611476,3481.8701040237997,6409.998781871283,1.020653632892049,1.878986966225382,3.092889796642573,5.693899897652672,18.0,0.4265343864362633,8.254999999999981e-05,True,True,True,True,False
3.6576,0.012,0.010834900000000001,0.0005,13215,UO2,SS316,Zircaloy,Zircaloy,SS316,Light Water Reactor,high,fixed_core_power,870.0,0.9,45.0,True,0.3,0.0,6.336486145925514,44841267.73307294,82146550.52941346,7076677.3098536255,1345238.031992188,22890231.774065245,19775421.75417662,2175614.2048310745,37305282.79634052,3.0452533872699914,3288.873658251591,3393.2098171072976,6216.159707106581,1.031723978996254,1.8900573123295874,3.1264362999886486,5.727446400998749,18.0,0.5285717073294214,8.254999999999894e-05,True,True,True,True,False
3.6576,0.012,0.010634900000000001,0.0006000000000000001,13215,UO2,SS316,Zircaloy,Zircaloy,SS316,Light Water Reactor,high,fixed_core_power,870.0,0.9,45.0,True,0.3,0.0,6.1047164401782705,43691165.23139223,79631932.39281964,7156952.441531642,1310734.9569417667,22052975.57866226,19052095.990426574,2586093.6623033974,35940767.16142742,2.9338671291390233,3168.5764994701453,3306.179737524951,6025.874566236825,1.0434274627984572,1.9017607961317902,3.1619014024195673,5.762911503429667,18.0,0.6287705179362155,8.254999999999981e-05,True,True,True,True,False
3.6576,0.012,0.0104349,0.0007000000000000001,13215,UO2,SS316,Zircaloy,Zircaloy,SS316,Light Water Reactor,high,fixed_core_power,870.0,0.9,45.0,True,0.3,0.0,5.877264794324406,42562605.919632405,77164279.49264765,7241907.14713663,1276878.177588972,21231318.153539445,18342246.379481863,2989041.3866110938,34601673.573015235,2.824556088441491,3050.52057551681,3220.7798652767615,5839.143359262024,1.0558131917307612,1.9141465250640948,3.1994339143356396,5.800444015345741,18.0,0.7271308182566472,8.254999999999981e-05,True,True,True,True,False
3.6576,0.012,0.0102349,0.0008,13215,UO2,SS316,Zircaloy,Zircaloy,SS316,Light Water Reactor,high,fixed_core_power,870.0,0.9,45.0,True,0.3,0.0,5.654131208363923,41455589.79779345,74743591.82889742,7331911.529833249,1243667.6939338034,20425259.4986968,17645872.92134249,3384457.37775416,33288002.031103965,2.7173202651773947,2934.705886391587,3137.010200362728,5655.966086182173,1.0689351239281724,1.9272684572615058,3.2391973452368856,5.840207446246987,18.0,0.8236526082907157,8.254999999999981e-05,True,True,True,True,False
3.6576,0.008,0.0070349,0.0004,13215,UO2,Inconel,Zircaloy,Zircaloy,SS316,Light Water Reactor,low,fixed_core_power,870.0,0.9,45.0,True,0.3,0.0,2.671249978495921,7870208.257071838,23596863.94171922,2946264.2285179356,236106.24771215513,2841655.6927491226,3337036.864261208,1691515.7000615075,15726655.684647383,1.283776663899175,1386.4787970111088,595.551135608917,1785.6121030434522,0.42954218765751906,1.2878755209908526,1.301642992901573,3.9026530939116744,18.0,0.2958714603844306,8.254999999999981e-05,True,True,True,True,False
3.6576,0.008,0.0068349000000000005,0.0005,13215,UO2,Inconel,Zircaloy,Zircaloy,SS316,Light Water Reactor,low,fixed_core_power,870.0,0.9,45.0,True,0.3,0.0,2.5215234107229043,7916551.734454911,22761710.66770649,3139590.8127560425,237496.5520336473,2682377.692901445,3149992.192201279,2084181.8493521868,14845158.93325158,1.2118195370034934,1308.765099963773,599.0580200117224,1722.4147308139607,0.4577276854557816,1.3160610187891146,1.3870535922902472,3.9880636933003473,18.0,0.36497301856632025,8.254999999999981e-05,True,True,True,True,False
3.6576,0.008,0.006634900000000001,0.0006000000000000001,13215,UO2,Inconel,Zircaloy,Zircaloy,SS316,Light Water Reactor,low,fixed_core_power,870.0,0.9,45.0,True,0.3,0.0,2.3761149028432684,7961822.013759147,21950906.24211584,3350773.1483153445,238854.66041277442,2527693.2127828975,2968341.820623259,2465786.9803529903,13989084.228356691,1.1419376275412483,1233.2926377445483,602.4836938145401,1661.0598745452774,0.48851641157638404,1.3468497449097174,1.4803527623526789,4.08136286336278,18.0,0.4321280539825234,8.254999999999981e-05,True,True,True,True,False
3.6576,0.008,0.0064349,0.0007000000000000001,13215,UO2,Inconel,Zircaloy,Zircaloy,SS316,Light Water Reactor,low,fixed_core_power,870.0,0.9,45.0,True,0.3,0.0,2.235024454857011,8006019.094984537,21164450.66494724,3582072.25768218,240180.5728495361,2377602.2523934767,2792085.7495271456,2836331.0930639156,13158431.569962705,1.0741309355124387,1160.0614103534335,605.8281570173694,1601.5475342374,0.5222380053421423,1.3805713386754757,1.5825394101277037,4.183549511137805,18.0,0.49733656663303955,8.254999999999981e-05,True,True,True,True,False
3.6576,0.008,0.006234900000000001,0.0008,13215,UO2,Inconel,Zircaloy,Zircaloy,SS316,Light Water Reactor,low,fixed_core_power,870.0,0.9,45.0,True,0.3,0.0,2.0982520667641356,8049142.978131089,20402343.936200727,3836118.2174571846,241474.28934393267,2232104.8117331867,2621223.978912942,3195814.1874849605,12353200.958069637,1.008399460917066,1089.071417790431,609.091409620211,1543.8777098903313,0.559275911267573,1.4176092446009065,1.6947754886896151,4.295785589699716,18.0,0.5605985565178683,8.254999999999981e-05,True,True,True,True,False
3.6576,0.0085,0.007534900000000001,0.0004,13215,UO2,Inconel,Zircaloy,Zircaloy,SS316,Light Water Reactor,low,fixed_core_power,870.0,0.9,45.0,True,0.3,0.0,3.064457909962003,8890321.833162926,26931940.849741295,2901107.502329232,266709.65499488777,3259947.3411832545,3828248.6090193796,1802125.8829602906,18041619.01657837,1.472748557409662,1590.5684420024347,672.7447471178907,2037.9826598366474,0.4229586915926381,1.2812920249259716,1.281693004826176,3.8827031058362773,18.0,0.31533668804130094,8.254999999999981e-05,True,True,True,True,False
3.6576,0.0085,0.007334900000000001,0.0005,13215,UO2,Inconel,Zircaloy,Zircaloy,SS316,Light Water Reactor,low,fixed_core_power,870.0,0.9,45.0,True,0.3,0.0,2.903936192455536,8939348.305743102,26035915.4546734,3078355.6226089424,268180.44917229307,3089185.5420127558,3627718.1857546805,2222444.5779756666,17096567.148930296,1.3956033869303903,1507.2516578848215,676.4546580206661,1970.178997705138,0.4488000756091112,1.3071334089424447,1.3600002291185187,3.96101033012862,18.0,0.3893045531374084,8.254999999999981e-05,True,True,True,True,False
3.6576,0.0085,0.007134900000000001,0.0006000000000000001,13215,UO2,Inconel,Zircaloy,Zircaloy,SS316,Light Water Reactor,low,fixed_core_power,870.0,0.9,45.0,True,0.3,0.0,2.747732534842448,8987301.58024444,25164238.908027567,3270806.5527781663,269619.0474073332,2923017.262571385,3432582.062971889,2631702.2547011655,16176937.327783128,1.3205334338845547,1426.176108595319,680.0833583234537,1904.2178515344356,0.4768579099205967,1.33519124325393,1.4450239694563536,4.046034070466454,18.0,0.4613258954678291,8.254999999999981e-05,True,True,True,True,False
3.6576,0.0085,0.006934900000000001,0.0007000000000000001,13215,UO2,Inconel,Zircaloy,Zircaloy,SS316,Light Water Reactor,low,fixed_core_power,870.0,0.9,45.0,True,0.3,0.0,2.595846937122741,9034181.656666934,24316911.209803805,3480244.3578127525,271025.44970000803,2761442.5028591435,3242840.240671006,3029898.913136785,15282729.553136872,1.247538698272155,1347.3417941339274,683.630848026253,1840.0992213245406,0.5073922971904035,1.3657256305237366,1.5375524157284952,4.138562516738595,18.0,0.5314007150325625,8.254999999999981e-05,True,True,True,True,False
3.6576,0.0085,0.006734900000000001,0.0008,13215,UO2,Inconel,Zircaloy,Zircaloy,SS316,Light Water Reactor,low,fixed_core_power,870.0,0.9,45.0,True,0.3,0.0,2.4482793992964136,9079988.535010587,23493932.36000211,3708722.3531840337,272399.65605031763,2604461.2628760305,3058492.718852031,3417034.5532825254,14413943.824991524,1.1766191800931916,1270.7487145006467,687.0971271290645,1777.823107075453,0.5407025946896716,1.3990359280230051,1.638492711180823,4.239502812190924,18.0,0.5995290118316089,8.254999999999981e-05,True,True,True,True,False
3.6576,0.009000000000000001,0.008034900000000001,0.0004,13215,UO2,Inconel,Zircaloy,Zircaloy,SS316,Light Water Reactor,low,fixed_core_power,870.0,0.9,45.0,True,0.3,0.0,3.4846537157617132,9972859.285572995,30488329.42471304,2861936.9667820837,299185.7785671898,3706948.487924442,4353174.731789479,1912736.0658590738,20515470.139140047,1.674690559879125,1808.6658046694554,754.6620723097234,2307.1002213176725,0.4172479351140508,1.2755812684473842,1.2643876821637903,3.8653977831738913,18.0,0.3348019156981713,8.254999999999981e-05,True,True,True,True,False
3.6576,0.009000000000000001,0.007834900000000002,0.0005,13215,UO2,Inconel,Zircaloy,Zircaloy,SS316,Light Water Reactor,low,fixed_core_power,870.0,0.9,45.0,True,0.3,0.0,3.3133368485217947,10024568.753350278,29531431.908589974,3025520.5587752475,300737.06260050833,3524702.8894311213,4139158.557320009,2360707.3065991476,19506863.155239698,1.5923573458162632,1719.745933481564,758.5750097124691,2234.690269284145,0.4410971382131785,1.299430471546512,1.3366579945853894,3.9376680955954906,18.0,0.41363608770849675,8.254999999999894e-05,True,True,True,True,False
3.6576,0.009000000000000001,0.007634900000000002,0.0006000000000000001,13215,UO2,Inconel,Zircaloy,Zircaloy,SS316,Light Water Reactor,low,fixed_core_power,870.0,0.9,45.0,True,0.3,0.0,3.1463380411752557,10075205.023048712,28598883.24088896,3202200.428306587,302256.15069146134,3347050.810666928,3930536.683332446,2797617.529049338,18523678.21784025,1.5120993491868369,1633.067297121784,762.406736515226,2164.1228332114233,0.4668556757329827,1.3251890090663156,1.4147141688878262,4.015724269897926,18.0,0.4905237369531343,8.254999999999981e-05,True,True,True,True,False
3.6576,0.009000000000000001,0.007434900000000001,0.0007000000000000001,13215,UO2,Inconel,Zircaloy,Zircaloy,SS316,Light Water Reactor,low,fixed_core_power,870.0,0.9,45.0,True,0.3,0.0,2.9836572937220973,10124768.094668312,27690683.421610035,3393408.5244883187,303743.04284004937,3173992.2516318643,3727309.109826792,3223466.7332096556,17565915.32694172,1.4339165699908467,1548.6298955901143,766.1572527179956,2095.397913099511,0.4947323146090028,1.3530656479423364,1.4991888321484932,4.100198933158595,18.0,0.5654648634320857,8.254999999999981e-05,True,True,True,True,False
3.6576,0.009000000000000001,0.007234900000000002,0.0008,13215,UO2,Inconel,Zircaloy,Zircaloy,SS316,Light Water Reactor,low,fixed_core_power,870.0,0.9,45.0,True,0.3,0.0,2.82529460616232,10173257.96820907,26806832.450753167,3600777.7546525323,305197.73904627207,3005527.212325929,3529475.836803046,3638254.9190800926,16633574.482544098,1.357809008228293,1466.4337288865565,769.826558320777,2028.5155089484047,0.5249651199071206,1.3832984532404538,1.590803393657941,4.191813494668041,18.0,0.6384594671453497,8.254999999999981e-05,True,True,True,True,False
3.6576,0.0095,0.0085349,0.0004,13215,UO2,Inconel,Zircaloy,Zircaloy,SS316,Light Water Reactor,low,fixed_core_power,870.0,0.9,45.0,True,0.3,0.0,3.931837395895048,11117820.614302045,34266029.66663445,2827639.9796973728,333534.6184290613,4182659.1329726833,4911815.232571503,2023346.248757858,23148209.052332405,1.8896026713075635,2040.7708850121685,841.303111184415,2592.9647874865263,0.41224770372956326,1.2705810370628965,1.2492354658471614,3.8502455668572617,18.0,0.3542671433550419,8.254999999999981e-05,True,True,True,True,False
3.6576,0.0095,0.0083349,0.0005,13215,UO2,Inconel,Zircaloy,Zircaloy,SS316,Light Water Reactor,low,fixed_core_power,870.0,0.9,45.0,True,0.3,0.0,3.749725378921677,11172213.077276424,33248260.029456194,2979475.0143780555,335166.3923182927,3988929.735156539,4684313.30689726,2498970.035222624,22076046.95217977,1.8020814136611105,1946.2479267539989,845.4190750871301,2515.9485455509794,0.43438405943334324,1.2927173927666766,1.3163153316161915,3.9173254326262925,18.0,0.43796762227958425,8.255000000000068e-05,True,True,True,True,False
3.6576,0.0095,0.0081349,0.0006000000000000001,13215,UO2,Inconel,Zircaloy,Zircaloy,SS316,Light Water Reactor,low,fixed_core_power,870.0,0.9,45.0,True,0.3,0.0,3.5719314218416893,11225532.34217197,32254839.240700033,3142706.568645173,336765.9702651591,3799793.8570695254,4462205.681704929,2963532.803397515,21029306.89852806,1.7166353734480946,1853.9662033239422,849.4538283898578,2440.7748195762415,0.45818193819654723,1.3165152715298805,1.3884301157471128,3.989440216757213,18.0,0.5197215784384402,8.254999999999981e-05,True,True,True,True,False
3.6576,0.0095,0.0079349,0.0007000000000000001,13215,UO2,Inconel,Zircaloy,Zircaloy,SS316,Light Water Reactor,low,fixed_core_power,870.0,0.9,45.0,True,0.3,0.0,3.3984555246550796,11277778.40898867,31285767.300365917,3318501.103566241,338333.3522696601,3615251.4987116386,4245492.356994503,3417034.5532825277,20007988.891377248,1.633264550668514,1763.9257147219948,853.407371092597,2367.443609562309,0.48381140088266084,1.342144734215994,1.4660951541898812,4.067105255199982,18.0,0.5995290118316092,8.254999999999981e-05,True,True,True,True,False
3.6576,0.0095,0.0077349,0.0008,13215,UO2,Inconel,Zircaloy,Zircaloy,SS316,Light Water Reactor,low,fixed_core_power,870.0,0.9,45.0,True,0.3,0.0,3.229297687361852,11328951.277726535,30341044.20845389,3508178.0543377614,339868.538331796,3435302.6600828827,4034173.332765988,3859475.2848776625,19012092.930727355,1.55196894532237,1676.1264609481598,857.2797031953488,2295.954915509186,0.5114648107818777,1.369798144115211,1.5498933660056897,4.150903467015791,18.0,0.6773899224590911,8.254999999999938e-05,True,True,True,True,False
3.6576,0.01,0.0090349,0.0004,13215,UO2,Inconel,Zircaloy,Zircaloy,SS316,Light Water Reactor,low,fixed_core_power,870.0,0.9,45.0,True,0.3,0.0,4.406008950362012,12325205.819350079,38265041.575505525,2797362.8647162416,369756.1745805023,4687079.276327981,5504170.111365454,2133956.431656643,25939835.75615545,2.117484891694978,2286.8836830305763,932.6678637419659,2895.5763583432104,0.4078335381299303,1.2661668714632635,1.2358592064543341,3.8368693074644344,18.0,0.37373237101191253,8.254999999999981e-05,True,True,True,True,False
3.6576,0.01,0.0088349,0.0005,13215,UO2,Inconel,Zircaloy,Zircaloy,SS316,Light Water Reactor,low,fixed_core_power,870.0,0.9,45.0,True,0.3,0.0,4.2131017836551905,12382281.27752156,37186399.817272104,2938994.098257692,371468.4383256468,4481866.079189014,5263182.434486441,2637232.7638461045,24804118.539750542,2.0247755904649347,2186.7576377021296,936.9868541446508,2813.9538265056453,0.42848225975753196,1.2868155930908654,1.2984310901743392,3.89944119118444,18.0,0.4622991568506726,8.255000000000068e-05,True,True,True,True,False
3.6576,0.01,0.008634900000000001,0.0006000000000000001,13215,UO2,Inconel,Zircaloy,Zircaloy,SS316,Light Water Reactor,low,fixed_core_power,870.0,0.9,45.0,True,0.3,0.0,4.02451267684175,12438283.537614208,36132106.907460764,3090630.9748228183,373148.50612842623,4281246.4017791785,5027589.058089339,3129448.0777456914,23693823.369846556,1.9341415066683285,2088.8728272017943,941.2246339473483,2734.1738106288885,0.4505897255641891,1.3089230588975225,1.365423410800573,3.966433511810674,18.0,0.5489194199237462,8.254999999999981e-05,True,True,True,True,False
3.6576,0.01,0.0084349,0.0007000000000000001,13215,UO2,Inconel,Zircaloy,Zircaloy,SS316,Light Water Reactor,low,fixed_core_power,870.0,0.9,45.0,True,0.3,0.0,3.8402416299216915,12493212.599628013,35102162.84607149,3253236.073033969,374796.37798884034,4085220.244098471,4797389.982174144,3610602.373355398,22608950.246443477,1.8455826403051578,1993.2292515295708,945.3812031500577,2656.236310712939,0.4742962719539601,1.3326296052872932,1.4372614301635154,4.038271531173615,18.0,0.6335931602311324,8.254999999999981e-05,True,True,True,True,False
3.6576,0.01,0.0082349,0.0008,13215,UO2,Inconel,Zircaloy,Zircaloy,SS316,Light Water Reactor,low,fixed_core_power,870.0,0.9,45.0,True,0.3,0.0,3.66028864289501,12547068.463562975,34096567.63310427,3427890.4446287593,376412.0539068892,3893787.60614689,4572585.206740855,4080695.6506752297,21549499.169541296,1.7590989913754227,1899.8269106854564,949.4565617527791,2580.141326757796,0.49975950778074607,1.3580928411140794,1.5144227508507455,4.115432851860846,18.0,0.7163203777728321,8.254999999999981e-05,True,True,True,True,False
3.6576,0.0105,0.0095349,0.0004,13215,UO2,Inconel,Zircaloy,Zircaloy,SS316,Light Water Reactor,low,fixed_core_power,870.0,0.9,45.0,True,0.3,0.0,4.907168379162603,13595014.900717093,42485365.15132628,2770439.864759043,407850.4470215128,5220208.9179903325,6130239.368171334,2244566.6145554255,28890350.250609186,2.358337221041369,2547.004198724678,1028.7563299823755,3214.934933887724,0.40390837616109493,1.2622417094944283,1.2239647762457422,3.824974877255843,18.0,0.3931975986687829,8.254999999999981e-05,True,True,True,True,False
3.6576,0.0105,0.0093349,0.0005,13215,UO2,Inconel,Zircaloy,Zircaloy,SS316,Light Water Reactor,low,fixed_core_power,870.0,0.9,45.0,True,0.3,0.0,4.70346606272233,13654773.354085678,41345851.272037685,2903129.983717242,409643.20062257035,5003511.921528545,5875765.94008755,2775495.492469583,27691077.917952005,2.260439876227735,2441.275066325954,1033.2783468850305,3128.706112148141,0.4232535534965683,1.2815868868299016,1.2825865257471767,3.8835966267572775,18.0,0.4866306914217605,8.255000000000068e-05,True,True,True,True,False
3.6576,0.0105,0.009134900000000001,0.0006000000000000001,13215,UO2,Inconel,Zircaloy,Zircaloy,SS316,Light Water Reactor,low,fixed_core_power,870.0,0.9,45.0,True,0.3,0.0,4.50408180617544,13713458.609375428,40230686.241171174,3044673.5204882887,411403.7582812628,4791408.444795887,5626686.812485677,3295363.352093865,26517227.631795745,2.1646177488475384,2337.787168755341,1037.7191531876979,3044.3198063693662,0.4438894896237235,1.3022228229570572,1.3451196655264348,3.9461297665365365,18.0,0.5781172614090515,8.254999999999981e-05,True,True,True,True,False
3.6576,0.0105,0.0089349,0.0007000000000000001,13215,UO2,Inconel,Zircaloy,Zircaloy,SS316,Light Water Reactor,low,fixed_core_power,870.0,0.9,45.0,True,0.3,0.0,4.309015609521929,13771070.666586341,39139870.05872673,3195873.9337484543,413132.1199975902,4583898.487792357,5383001.985365711,3804170.193428273,25368799.39214039,2.0708708389007775,2236.5405060128396,1042.0787488903777,2961.7760165513982,0.46593332250804104,1.3242666558413743,1.4119191591152758,4.012929260125376,18.0,0.6676573086306563,8.254999999999981e-05,True,True,True,True,False
3.6576,0.0105,0.0087349,0.0008,13215,UO2,Inconel,Zircaloy,Zircaloy,SS316,Light Water Reactor,low,fixed_core_power,870.0,0.9,45.0,True,0.3,0.0,4.118267472761798,13827609.525718406,38073402.72470434,3357627.8416043036,414828.2857715522,4380982.050517955,5144711.458727652,4301916.016472797,24245793.198985938,1.9791991463874523,2137.5350780984486,1046.3571339930688,2881.0747426942366,0.4895157720283628,1.3478491053616959,1.483381127358675,4.0843912283687756,18.0,0.755250833086573,8.254999999999981e-05,True,True,True,True,False
3.6576,0.011,0.0100349,0.0004,13215,UO2,Inconel,Zircaloy,Zircaloy,SS316,Light Water Reactor,low,fixed_core_power,870.0,0.9,45.0,True,0.3,0.0,5.4353156822968165,14927247.858403085,46927000.39409668,2746344.229282233,447817.4357520925,5782048.057959737,6790023.002989137,2355176.7974542095,31999752.535693593,2.612159659346734,2821.132432094472,1129.5685099056439,3551.0405141200667,0.4003954217303535,1.2587287550636872,1.2133194597889498,3.814329560799052,18.0,0.4126628263256535,8.254999999999981e-05,True,True,True,True,False
3.6576,0.011,0.0098349,0.0005,13215,UO2,Inconel,Zircaloy,Zircaloy,SS316,Light Water Reactor,low,fixed_core_power,870.0,0.9,45.0,True,0.3,0.0,5.220818216123097,14989689.30696878,45726614.39375293,2871137.9493499976,449690.6792090634,5553867.26217513,6522063.8237005845,2913758.2210930656,30736925.08678415,2.5090742709495113,2709.800212625472,1134.2935533082693,3460.205402478466,0.41858936611761305,1.2769226994509464,1.2684526245988275,3.8694627256089285,18.0,0.5109622259928491,8.254999999999894e-05,True,True,True,True,False
3.6576,0.011,0.0096349,0.0006000000000000001,13215,UO2,Inconel,Zircaloy,Zircaloy,SS316,Light Water Reactor,low,fixed_core_power,870.0,0.9,45.0,True,0.3,0.0,5.010638809842753,15051057.557455625,44550577.24183123,3003820.097327663,451531.72672366875,5330279.986119648,6259498.9448939385,3461278.626442037,29499519.684375606,2.4080640999857232,2600.7092279845806,1138.9373861109061,3371.2128067976714,0.4379333813467204,1.296266714680054,1.3270708525658192,3.928080953575921,18.0,0.6073151028943568,8.254999999999981e-05,True,True,True,True,False
3.6576,0.011,0.0094349,0.0007000000000000001,13215,UO2,Inconel,Zircaloy,Zircaloy,SS316,Light Water Reactor,low,fixed_core_power,870.0,0.9,45.0,True,0.3,0.0,4.8047774634557925,15111352.609863637,43398888.93833161,3145068.1586811584,453340.5782959091,5111286.229793296,6002328.366569201,3997738.01350114,28287536.328467973,2.309129146455372,2493.859478171801,1143.5000083135556,3284.0627270776854,0.4585262394783497,1.3168595728116832,1.389473452964696,3.9904835539747974,18.0,0.7017214570301789,8.254999999999981e-05,True,True,True,True,False
3.6576,0.011,0.009234899999999999,0.0008,13215,UO2,Inconel,Zircaloy,Zircaloy,SS316,Light Water Reactor,low,fixed_core_power,870.0,0.9,45.0,True,0.3,0.0,4.603234176962212,15170574.464192808,42271549.48325406,3295633.869794616,455117.23392578424,4896885.993196073,5750552.088726373,4523136.382270363,27100975.019061252,2.2122694103584566,2389.250963187133,1147.981419916217,3198.755163318506,0.4804775377739604,1.3388108711072937,1.455992538708971,4.057002639719071,18.0,0.7941812884003139,8.254999999999981e-05,True,True,True,True,False
3.6576,0.0115,0.0105349,0.0004,13215,UO2,Inconel,Zircaloy,Zircaloy,SS316,Light Water Reactor,low,fixed_core_power,870.0,0.9,45.0,True,0.3,0.0,5.990450859764665,16321904.692408066,51589947.30381678,2724653.79893781,489657.140772242,6372596.6962362025,7483521.015818872,2465786.9803529917,35268042.61140871,2.8789522066110775,3109.2683831399636,1235.104403511772,3903.8930990402405,0.3972331273199628,1.2555664606532961,1.2037367494544327,3.8047468504645336,18.0,0.43212805398252363,8.254999999999981e-05,True,True,True,True,False
3.6576,0.0115,0.010334900000000001,0.0005,13215,UO2,Inconel,Zircaloy,Zircaloy,SS316,Light Water Reactor,low,fixed_core_power,870.0,0.9,45.0,True,0.3,0.0,5.765158243857492,16387029.136170862,50328689.18241786,2842424.8638154,491610.87408512586,6132932.101128772,7202076.085325548,3052020.9497165424,33941660.046247,2.7706787746302637,2992.3330766006843,1240.0324734143671,3808.4516974966223,0.41440322372904237,1.272736557062376,1.2557673446334616,3.856777445643564,18.0,0.5352937605639367,8.254999999999894e-05,True,True,True,True,False
3.6576,0.0115,0.0101349,0.0006000000000000001,13215,UO2,Inconel,Zircaloy,Zircaloy,SS316,Light Water Reactor,low,fixed_core_power,870.0,0.9,45.0,True,0.3,0.0,5.544183687843699,16451080.38185481,49091779.90944098,2967268.277551088,493532.4114556443,5897861.025750467,6926025.4553141305,3627193.9007902127,32640699.527586166,2.664480560082885,2877.6390048895164,1244.879332716974,3714.8528119138086,0.4326044130628434,1.2909377463961766,1.3109224638267982,3.9119325648368988,18.0,0.6365129443796624,8.254999999999981e-05,True,True,True,True,False
3.6576,0.0115,0.0099349,0.0007000000000000001,13215,UO2,Inconel,Zircaloy,Zircaloy,SS316,Light Water Reactor,low,fixed_core_power,870.0,0.9,45.0,True,0.3,0.0,5.327527191723285,16514058.429459926,47879219.484886184,3099760.5146184443,495421.75288379774,5667383.470101293,6655369.1257846225,4191305.83357401,31365161.055426262,2.5603575629689432,2765.186168006459,1249.6449814195933,3623.0964422918037,0.45192074077258815,1.3102540741059214,1.369456790219964,3.970466891230065,18.0,0.7357856054297021,8.254999999999981e-05,True,True,True,True,False
3.6576,0.0115,0.0097349,0.0008,13215,UO2,Inconel,Zircaloy,Zircaloy,SS316,Light Water Reactor,low,fixed_core_power,870.0,0.9,45.0,True,0.3,0.0,5.115188755496253,16575963.2789862,46691007.90875346,3240537.9490982387,497278.898369586,5441499.434181248,6390107.0967370225,4744356.748067929,30115044.62976726,2.4583097832884375,2654.974565951513,1254.3294195222247,3533.1825886306065,0.47244498520184025,1.3307783185351736,1.4316514703086067,4.032661571318708,18.0,0.8331117437140546,8.254999999999981e-05,True,True,True,True,False
3.6576,0.012,0.0110349,0.0004,13215,UO2,Inconel,Zircaloy,Zircaloy,SS316,Light Water Reactor,low,fixed_core_power,870.0,0.9,45.0,True,0.3,0.0,6.5725739115661375,17778985.402732022,56474205.88048653,2705026.317230958,533369.5620819606,6991854.83281972,8210733.406660531,2576397.1632517735,38695220.47775451,3.1587148628343953,3411.4120518611476,1345.3640108007585,4273.4926886482435,0.39437159462070104,1.2527049279540343,1.1950654382445485,3.7960755392546495,18.0,0.4515932816393938,8.254999999999981e-05,True,True,True,True,False
3.6576,0.012,0.010834900000000001,0.0005,13215,UO2,Inconel,Zircaloy,Zircaloy,SS316,Light Water Reactor,low,fixed_core_power,870.0,0.9,45.0,True,0.3,0.0,6.336486145925514,17846792.841691926,55152075.638032444,2816512.564012748,535403.7852507578,6740706.438389467,7915802.724962437,3190283.6783400225,37305282.79634052,3.0452533872699914,3288.873658251591,1350.4951072033239,4173.444997202607,0.410625413905764,1.2689587472390975,1.2443194360780727,3.845329537088174,18.0,0.5596252951350249,8.254999999999894e-05,True,True,True,True,False
3.6576,0.012,0.010634900000000001,0.0006000000000000001,13215,UO2,Inconel,Zircaloy,Zircaloy,SS316,Light Water Reactor,low,fixed_core_power,870.0,0.9,45.0,True,0.3,0.0,6.1047164401782705,17913527.08257298,53854294.244000405,2934374.9637042712,537405.8124771895,6494151.563688342,7626266.34374625,3793109.175138388,35940767.16142742,2.9338671291390233,3168.5764994701453,1355.544993005901,4075.2398217177756,0.4278088262134676,1.286142159546801,1.2963903824650533,3.8974004834751543,18.0,0.6657107858649681,8.254999999999981e-05,True,True,True,True,False
3.6576,0.012,0.0104349,0.0007000000000000001,13215,UO2,Inconel,Zircaloy,Zircaloy,SS316,Light Water Reactor,low,fixed_core_power,870.0,0.9,45.0,True,0.3,0.0,5.877264794324406,17979188.125375196,52580861.69839043,3059108.0637948206,539375.6437612559,6252190.208716345,7342124.263011971,4384873.653646881,34601673.573015235,2.824556088441491,3050.52057551681,1360.5136682084901,3978.8771621937517,0.44599393268409476,1.304327266017428,1.351496765709378,3.952506866719479,18.0,0.7698497538292253,8.254999999999981e-05,True,True,True,True,False
3.6576,0.012,0.0102349,0.0008,13215,UO2,Inconel,Zircaloy,Zircaloy,SS316,Light Water Reactor,low,fixed_core_power,870.0,0.9,45.0,True,0.3,0.0,5.654131208363923,18043775.970098574,51331778.00120254,3191255.2618883625,541313.2791029572,6014822.3734734785,7063376.4827596005,4965577.113865496,33288002.031103965,2.7173202651773947,2934.705886391587,1365.4011328110914,3884.3570186305365,0.4652599564210305,1.3235932897543639,1.4098786558213046,4.010888756831405,18.0,0.8720421990277953,8.254999999999981e-05,True,True,True,True,False
3.6576,0.008,0.0070349,0.0004,13215,UO2,Inconel,Zircaloy,Zircaloy,SS316,Light Water Reactor,mean,fixed_core_power,870.0,0.9,45.0,True,0.3,0.0,2.671249978495921,13210824.448578846,28937480.13322623,4945559.028517936,396324.73345736536,5688400.918082274,5830907.830435065,1691515.7000615075,15726655.684647383,1.283776663899175,1386.4787970111088,999.6840294043773,2189.744996838913,0.7210236691390006,1.5793570024723342,2.184920209512123,4.785930310522224,18.0,0.2958714603844306,8.254999999999981e-05,True,True,True,True,False
3.6576,0.008,0.0068349000000000005,0.0005,13215,UO2,Inconel,Zircaloy,Zircaloy,SS316,Light Water Reactor,mean,fixed_core_power,870.0,0.9,45.0,True,0.3,0.0,2.5215234107229043,12957820.377591478,27802979.310843058,5138885.612756042,388734.6113277443,5369559.644357341,5504078.883881951,2084181.8493521868,14845158.93325158,1.2118195370034934,1308.765099963773,980.5388102604221,2103.8955210626605,0.7492091669372629,1.607542500270596,2.2703308089007965,4.871340909910897,18.0,0.36497301856632025,8.254999999999981e-05,True,True,True,True,False
3.6576,0.008,0.006634900000000001,0.0006000000000000001,13215,UO2,Inconel,Zircaloy,Zircaloy,SS316,Light Water Reactor,mean,fixed_core_power,870.0,0.9,45.0,True,0.3,0.0,2.3761149028432684,12712376.1832162,26701460.41157289,5350067.948315345,381371.28549648594,5059913.6372901825,5186675.5655730255,2465786.9803529903,13989084.228356691,1.1419376275412483,1233.2926377445483,961.9656589645251,2020.541839695262,0.7799978930578656,1.6383312263911987,2.363629978963229,4.9646400799733295,18.0,0.4321280539825234,8.254999999999981e-05,True,True,True,True,False
3.6576,0.008,0.0064349,0.0007000000000000001,13215,UO2,Inconel,Zircaloy,Zircaloy,SS316,Light Water Reactor,mean,fixed_core_power,870.0,0.9,45.0,True,0.3,0.0,2.235024454857011,12474491.865452996,25632923.4354157,5581367.057682181,374234.7559635899,4759462.896880793,4878697.875508286,2836331.0930639156,13158431.569962705,1.0741309355124387,1160.0614103534335,943.9645755166853,1939.6839527367158,0.8137194868236238,1.6720528201569573,2.465816626738254,5.066826727748356,18.0,0.49733656663303955,8.254999999999981e-05,True,True,True,True,False
3.6576,0.008,0.006234900000000001,0.0008,13215,UO2,Inconel,Zircaloy,Zircaloy,SS316,Light Water Reactor,mean,fixed_core_power,870.0,0.9,45.0,True,0.3,0.0,2.0982520667641356,12244167.42430188,24597368.382371515,5835413.017457185,367325.02272905636,4468207.4231291795,4580145.813687739,3195814.1874849605,12353200.958069637,1.008399460917066,1089.071417790431,926.5355599169035,1861.3218601870235,0.8507573927490546,1.709090726082388,2.5780527053001654,5.179062806310267,18.0,0.5605985565178683,8.254999999999981e-05,True,True,True,True,False
3.6576,0.0085,0.007534900000000001,0.0004,13215,UO2,Inconel,Zircaloy,Zircaloy,SS316,Light Water Reactor,mean,fixed_core_power,870.0,0.9,45.0,True,0.3,0.0,3.064457909962003,15017076.597368825,33058695.613947194,4900402.302329232,450512.2979210647,6525733.3940223595,6689217.320386176,1802125.8829602906,18041619.01657837,1.472748557409662,1590.5684420024347,1136.3659929904522,2501.603905709209,0.7144401730741196,1.572773506407453,2.1649702214367257,4.765980322446827,18.0,0.31533668804130094,8.254999999999981e-05,True,True,True,True,False
3.6576,0.0085,0.007334900000000001,0.0005,13215,UO2,Inconel,Zircaloy,Zircaloy,SS316,Light Water Reactor,mean,fixed_core_power,870.0,0.9,45.0,True,0.3,0.0,2.903936192455536,14745172.834851254,31841739.98378155,5077650.422608942,442355.1850455376,6183903.953652997,6338824.303222591,2222444.5779756666,17096567.148930296,1.3956033869303903,1507.2516578848215,1115.790604226353,2409.514943910825,0.7402815570905927,1.5986148904239261,2.2432774457290687,4.84428754673917,18.0,0.3893045531374084,8.254999999999981e-05,True,True,True,True,False
3.6576,0.0085,0.007134900000000001,0.0006000000000000001,13215,UO2,Inconel,Zircaloy,Zircaloy,SS316,Light Water Reactor,mean,fixed_core_power,870.0,0.9,45.0,True,0.3,0.0,2.747732534842448,14480828.948945766,30657766.276728895,5270101.3527781665,434424.86846837297,5851269.779941406,5997856.914303194,2631702.2547011655,16176937.327783128,1.3205334338845547,1426.176108595319,1095.7872833103115,2319.9217765212934,0.7683393914020782,1.6266727247354114,2.3283011860669034,4.929311287077004,18.0,0.4613258954678291,8.254999999999981e-05,True,True,True,True,False
3.6576,0.0085,0.006934900000000001,0.0007000000000000001,13215,UO2,Inconel,Zircaloy,Zircaloy,SS316,Light Water Reactor,mean,fixed_core_power,870.0,0.9,45.0,True,0.3,0.0,2.595846937122741,14224044.939652357,29506774.49278923,5479539.157812753,426721.3481895707,5527830.872887587,5666315.153627986,3029898.913136785,15282729.553136872,1.247538698272155,1347.3417941339274,1076.3560302423275,2232.824403540615,0.798873778671885,1.6572071120052183,2.4208296323390455,5.021839733349146,18.0,0.5314007150325625,8.254999999999981e-05,True,True,True,True,False
3.6576,0.0085,0.006734900000000001,0.0008,13215,UO2,Inconel,Zircaloy,Zircaloy,SS316,Light Water Reactor,mean,fixed_core_power,870.0,0.9,45.0,True,0.3,0.0,2.4482793992964136,13974820.806971032,28388764.631962556,5708017.153184034,419244.62420913094,5213587.232491541,5344199.021196965,3417034.5532825254,14413943.824991524,1.1766191800931916,1270.7487145006467,1057.4968450224012,2148.2228249687896,0.8321840761711532,1.6905174095044866,2.521769927791373,5.122780028801475,18.0,0.5995290118316089,8.254999999999981e-05,True,True,True,True,False
3.6576,0.009000000000000001,0.008034900000000001,0.0004,13215,UO2,Inconel,Zircaloy,Zircaloy,SS316,Light Water Reactor,mean,fixed_core_power,870.0,0.9,45.0,True,0.3,0.0,3.4846537157617132,16939709.339296065,37455179.47843611,4861231.766782084,508191.28017888195,7420536.286573525,7606436.986863467,1912736.0658590738,20515470.139140047,1.674690559879125,1808.6658046694554,1281.854660559672,2834.292809567621,0.7087294165955323,1.5670627499288656,2.1476648987743405,4.748674999784441,18.0,0.3348019156981713,8.254999999999981e-05,True,True,True,True,False
3.6576,0.009000000000000001,0.007834900000000002,0.0005,13215,UO2,Inconel,Zircaloy,Zircaloy,SS316,Light Water Reactor,mean,fixed_core_power,870.0,0.9,45.0,True,0.3,0.0,3.3133368485217947,16648905.88524829,36155769.04048799,5024815.358775248,499467.1765574487,7055718.679559732,7232479.899089411,2360707.3065991476,19506863.155239698,1.5923573458162632,1719.745933481564,1259.8491021754287,2735.9643617471047,0.73257861969466,1.5909119530279936,2.2199352111959394,4.820945312206041,18.0,0.41363608770849675,8.254999999999894e-05,True,True,True,True,False
3.6576,0.009000000000000001,0.007634900000000002,0.0006000000000000001,13215,UO2,Inconel,Zircaloy,Zircaloy,SS316,Light Water Reactor,mean,fixed_core_power,870.0,0.9,45.0,True,0.3,0.0,3.1463380411752557,16365662.307812586,34889340.52565284,5201495.228306587,490969.8692343776,6700096.339203708,6867948.439559541,2797617.529049338,18523678.21784025,1.5120993491868369,1633.067297121784,1238.4156116392423,2640.13170833544,0.7583371572144642,1.6166704905477975,2.297991385498376,4.899001486508477,18.0,0.4905237369531343,8.254999999999981e-05,True,True,True,True,False
3.6576,0.009000000000000001,0.007434900000000001,0.0007000000000000001,13215,UO2,Inconel,Zircaloy,Zircaloy,SS316,Light Water Reactor,mean,fixed_core_power,870.0,0.9,45.0,True,0.3,0.0,2.9836572937220973,16089978.606988974,33655893.933930695,5392703.3244883185,482699.3582096692,6353669.265505457,6512842.608273861,3223466.7332096556,17565915.32694172,1.4339165699908467,1548.6298955901143,1217.5541889511142,2546.7948493326294,0.7862137960904844,1.6445471294238179,2.3824660487590434,4.983476149769145,18.0,0.5654648634320857,8.254999999999981e-05,True,True,True,True,False
3.6576,0.009000000000000001,0.007234900000000002,0.0008,13215,UO2,Inconel,Zircaloy,Zircaloy,SS316,Light Water Reactor,mean,fixed_core_power,870.0,0.9,45.0,True,0.3,0.0,2.82529460616232,15821854.782777444,32455429.26532154,5600072.554652533,474655.6434833233,6016437.45846498,6167162.405232369,3638254.9190800926,16633574.482544098,1.357809008228293,1466.4337288865565,1197.2648341110437,2455.9537847386714,0.816446601388602,1.6747799347219354,2.4740806102684907,5.075090711278592,18.0,0.6384594671453497,8.254999999999981e-05,True,True,True,True,False
3.6576,0.0095,0.0085349,0.0004,13215,UO2,Inconel,Zircaloy,Zircaloy,SS316,Light Water Reactor,mean,fixed_core_power,870.0,0.9,45.0,True,0.3,0.0,3.931837395895048,18978722.674360555,42126931.72669296,4826934.779697373,569361.6802308166,8372809.595735766,8582566.829866933,2023346.248757858,23148209.052332405,1.8896026713075635,2040.7708850121685,1436.150032112036,3187.8117084141477,0.7037291852110447,1.5620625185443782,2.132512682457711,4.733522783467812,18.0,0.3542671433550419,8.254999999999981e-05,True,True,True,True,False
3.6576,0.0095,0.0083349,0.0005,13215,UO2,Inconel,Zircaloy,Zircaloy,SS316,Light Water Reactor,mean,fixed_core_power,870.0,0.9,45.0,True,0.3,0.0,3.749725378921677,18669019.52878256,40745066.480962336,4978769.814378056,560070.5858634769,7985003.822077537,8185045.671482402,2498970.035222624,22076046.95217977,1.8020814136611105,1946.2479267539989,1412.7143041076474,3083.2437745714974,0.7258655409148247,1.5841988742481585,2.1995925482267413,4.800602649236843,18.0,0.43796762227958425,8.255000000000068e-05,True,True,True,True,False
3.6576,0.0095,0.0081349,0.0006000000000000001,13215,UO2,Inconel,Zircaloy,Zircaloy,SS316,Light Water Reactor,mean,fixed_core_power,870.0,0.9,45.0,True,0.3,0.0,3.5719314218416893,18366876.259816665,39396183.15834473,5142001.368645173,551006.2877944999,7606393.315077086,7796950.141342065,2963532.803397515,21029306.89852806,1.7166353734480946,1853.9662033239422,1389.8506439513178,2981.1716351377017,0.7496634196780286,1.6079967530113621,2.2717073323576624,4.872717433367764,18.0,0.5197215784384402,8.254999999999981e-05,True,True,True,True,False
3.6576,0.0095,0.0079349,0.0007000000000000001,13215,UO2,Inconel,Zircaloy,Zircaloy,SS316,Light Water Reactor,mean,fixed_core_power,870.0,0.9,45.0,True,0.3,0.0,3.3984555246550796,18072292.867462844,38080281.75884009,5317795.903566241,542168.7860238852,7236978.074734403,7418280.239445912,3417034.5532825277,20007988.891377248,1.633264550668514,1763.9257147219948,1367.5590516430452,2881.5952901127575,0.7752928823641423,1.6336262156974757,2.349372370800431,4.950382471810532,18.0,0.5995290118316092,8.254999999999981e-05,True,True,True,True,False
3.6576,0.0095,0.0077349,0.0008,13215,UO2,Inconel,Zircaloy,Zircaloy,SS316,Light Water Reactor,mean,fixed_core_power,870.0,0.9,45.0,True,0.3,0.0,3.229297687361852,17785269.351721108,36797362.28244846,5507472.85433776,533558.0805516333,6876758.101049496,7049035.9657939505,3859475.2848776625,19012092.930727355,1.55196894532237,1676.1264609481598,1345.8395271828308,2784.5147394966675,0.8029462922633591,1.6612796255966922,2.4331705826162398,5.03418068362634,18.0,0.6773899224590911,8.254999999999938e-05,True,True,True,True,False
3.6576,0.01,0.0090349,0.0004,13215,UO2,Inconel,Zircaloy,Zircaloy,SS316,Light Water Reactor,mean,fixed_core_power,870.0,0.9,45.0,True,0.3,0.0,4.406008950362012,21134116.60256231,47073952.358717754,4796657.664716242,634023.4980768692,9382553.321509086,9617606.849396577,2133956.431656643,25939835.75615545,2.117484891694978,2286.8836830305763,1599.252107647545,3562.1606022487895,0.6993150196114117,1.557648352944745,2.119136423064884,4.720146524074984,18.0,0.37373237101191253,8.254999999999981e-05,True,True,True,True,False
3.6576,0.01,0.0088349,0.0005,13215,UO2,Inconel,Zircaloy,Zircaloy,SS316,Light Water Reactor,mean,fixed_core_power,870.0,0.9,45.0,True,0.3,0.0,4.2131017836551905,20805513.765454106,45609632.305204645,4938288.898257691,624165.4129636232,8971759.381206427,9196521.620401576,2637232.7638461045,24804118.539750542,2.0247755904649347,2186.7576377021296,1574.3862100230122,3451.3531823840062,0.7199637412390133,1.5782970745723464,2.1817083067848886,4.782718407794989,18.0,0.4622991568506726,8.255000000000068e-05,True,True,True,True,False
3.6576,0.01,0.008634900000000001,0.0006000000000000001,13215,UO2,Inconel,Zircaloy,Zircaloy,SS316,Light Water Reactor,mean,fixed_core_power,870.0,0.9,45.0,True,0.3,0.0,4.02451267684175,20484470.804958,44178294.17480455,5089925.774822818,614534.12414874,8570160.707561543,8784862.019650767,3129448.0777456914,23693823.369846556,1.9341415066683285,2088.8728272017943,1550.0923802465381,3343.041556928078,0.7420712070456706,1.600404540379004,2.248700627411123,4.849710728421224,18.0,0.5489194199237462,8.254999999999981e-05,True,True,True,True,False
3.6576,0.01,0.0084349,0.0007000000000000001,13215,UO2,Inconel,Zircaloy,Zircaloy,SS316,Light Water Reactor,mean,fixed_core_power,870.0,0.9,45.0,True,0.3,0.0,3.8402416299216915,20170987.721073978,42779937.96751745,5252530.87303397,605129.6316322193,8177757.300574432,8382628.047144146,3610602.373355398,22608950.246443477,1.8455826403051578,1993.2292515295708,1526.3706183181216,3237.2257258810027,0.7657777534354416,1.6241110867687747,2.3205386467740654,4.921548747784166,18.0,0.6335931602311324,8.254999999999981e-05,True,True,True,True,False
3.6576,0.01,0.0082349,0.0008,13215,UO2,Inconel,Zircaloy,Zircaloy,SS316,Light Water Reactor,mean,fixed_core_power,870.0,0.9,45.0,True,0.3,0.0,3.66028864289501,19865064.513802025,41414563.68334332,5427185.244628759,595951.9354140607,7794549.160245089,7989819.702881708,4080695.6506752297,21549499.169541296,1.7590989913754227,1899.8269106854564,1503.2209242377621,3133.905689242779,0.7912409892622275,1.6495743225955608,2.3976999674612953,4.9987100684713965,18.0,0.7163203777728321,8.254999999999981e-05,True,True,True,True,False
3.6576,0.0105,0.0095349,0.0004,13215,UO2,Inconel,Zircaloy,Zircaloy,SS316,Light Water Reactor,mean,fixed_core_power,870.0,0.9,45.0,True,0.3,0.0,4.907168379162603,23405891.123901315,52296241.3745105,4769734.664759043,702176.7337170395,10449767.463893484,10711557.045452403,2244566.6145554255,28890350.250609186,2.358337221041369,2547.004198724678,1771.1608871661986,3957.3394910715474,0.6953898576425764,1.55372319097591,2.107241992856292,4.708252093866394,18.0,0.3931975986687829,8.254999999999981e-05,True,True,True,True,False
3.6576,0.0105,0.0093349,0.0005,13215,UO2,Inconel,Zircaloy,Zircaloy,SS316,Light Water Reactor,mean,fixed_core_power,870.0,0.9,45.0,True,0.3,0.0,4.70346606272233,23058388.595262907,50749466.513214916,4902424.783717242,691751.6578578872,10015985.356946394,10266907.74584693,2775495.492469583,27691077.917952005,2.260439876227735,2441.275066325954,1744.8648199215215,3840.292585184632,0.7147350349780498,1.573068368311383,2.1658637423577267,4.7668738433678275,18.0,0.4866306914217605,8.255000000000068e-05,True,True,True,True,False
3.6576,0.0105,0.009134900000000001,0.0006000000000000001,13215,UO2,Inconel,Zircaloy,Zircaloy,SS316,Light Water Reactor,mean,fixed_core_power,870.0,0.9,45.0,True,0.3,0.0,4.50408180617544,22718445.943236593,49235673.57503234,5043968.320488288,681553.3782970977,9591398.51665708,9831684.074485648,3295363.352093865,26517227.631795745,2.1646177488475384,2337.787168755341,1719.140820524903,3725.741473706571,0.735370971105205,1.5937043044385384,2.228396882136985,4.829406983147086,18.0,0.5781172614090515,8.254999999999981e-05,True,True,True,True,False
3.6576,0.0105,0.0089349,0.0007000000000000001,13215,UO2,Inconel,Zircaloy,Zircaloy,SS316,Light Water Reactor,mean,fixed_core_power,870.0,0.9,45.0,True,0.3,0.0,4.309015609521929,22386063.167822365,47754862.55996275,5195168.733748454,671581.895034671,9176006.943025537,9405886.031368556,3804170.193428273,25368799.39214039,2.0708708389007775,2236.5405060128396,1693.9888889763424,3613.6861566373627,0.7574148039895225,1.6157481373228557,2.295196375725826,4.896206476735927,18.0,0.6676573086306563,8.254999999999981e-05,True,True,True,True,False
3.6576,0.0105,0.0087349,0.0008,13215,UO2,Inconel,Zircaloy,Zircaloy,SS316,Light Water Reactor,mean,fixed_core_power,870.0,0.9,45.0,True,0.3,0.0,4.118267472761798,22061240.26902021,46307033.46800615,5356922.641604303,661837.2080706063,8769810.636051765,8989513.616495648,4301916.016472797,24245793.198985938,1.9791991463874523,2137.5350780984486,1669.409025275839,3504.1266339770073,0.7809972535098444,1.6393305868431776,2.3666583439692253,4.967668444979326,18.0,0.755250833086573,8.254999999999981e-05,True,True,True,True,False
3.6576,0.011,0.0100349,0.0004,13215,UO2,Inconel,Zircaloy,Zircaloy,SS316,Light Water Reactor,mean,fixed_core_power,870.0,0.9,45.0,True,0.3,0.0,5.4353156822968165,25794046.238377564,57793798.77407116,4745639.029282234,773821.3871513269,11574452.022888957,11864417.418034399,2355176.7974542095,31999752.535693593,2.612159659346734,2821.132432094472,1951.8763706679958,4373.348374882418,0.6918769032118351,1.5502102365451687,2.0965966763995003,4.697606777409602,18.0,0.4126628263256535,8.254999999999981e-05,True,True,True,True,False
3.6576,0.011,0.0098349,0.0005,13215,UO2,Inconel,Zircaloy,Zircaloy,SS316,Light Water Reactor,mean,fixed_core_power,870.0,0.9,45.0,True,0.3,0.0,5.220818216123097,25427644.018208966,56164569.10499312,4870432.749349998,762829.320546269,11117681.749297438,11396204.04781846,2913758.2210930656,30736925.08678415,2.5090742709495113,2709.800212625472,1924.1501338031755,4250.061982973372,0.7100708475990946,1.5684041809324278,2.1517298412093773,4.7527399422194785,18.0,0.5109622259928491,8.254999999999894e-05,True,True,True,True,False
3.6576,0.011,0.0096349,0.0006000000000000001,13215,UO2,Inconel,Zircaloy,Zircaloy,SS316,Light Water Reactor,mean,fixed_core_power,870.0,0.9,45.0,True,0.3,0.0,5.010638809842753,25068801.67465243,54568321.35902804,5003114.897327663,752064.0502395729,10670106.74236369,10937416.305846704,3461278.626442037,29499519.684375606,2.4080640999857232,2600.7092279845806,1896.9959647864118,4129.271385473177,0.7294148628282019,1.5877481961615354,2.2103480691763693,4.8113581701864705,18.0,0.6073151028943568,8.254999999999981e-05,True,True,True,True,False
3.6576,0.011,0.0094349,0.0007000000000000001,13215,UO2,Inconel,Zircaloy,Zircaloy,SS316,Light Water Reactor,mean,fixed_core_power,870.0,0.9,45.0,True,0.3,0.0,4.8047774634557925,24717519.207707997,53005055.536175966,5144362.95868116,741525.57623124,10231727.002087714,10488054.19211914,3997738.01350114,28287536.328467973,2.309129146455372,2493.859478171801,1870.413863617707,4010.976582381836,0.7500077209598314,1.6083410542931647,2.2727506695752466,4.873760770585347,18.0,0.7017214570301789,8.254999999999981e-05,True,True,True,True,False
3.6576,0.011,0.009234899999999999,0.0008,13215,UO2,Inconel,Zircaloy,Zircaloy,SS316,Light Water Reactor,mean,fixed_core_power,870.0,0.9,45.0,True,0.3,0.0,4.603234176962212,24373796.61737564,51474771.636436895,5294928.669794616,731213.8985212691,9802542.528469512,10048117.706635762,4523136.382270363,27100975.019061252,2.2122694103584566,2389.250963187133,1844.4038302970594,3895.1775736993486,0.771959019255442,1.6302923525887754,2.339269755319521,4.940279856329622,18.0,0.7941812884003139,8.254999999999981e-05,True,True,True,True,False
3.6576,0.0115,0.0105349,0.0004,13215,UO2,Inconel,Zircaloy,Zircaloy,SS316,Light Water Reactor,mean,fixed_core_power,870.0,0.9,45.0,True,0.3,0.0,5.990450859764665,28298581.94599109,63566624.5573998,4723948.59893781,848957.4583797327,12756606.998495515,13076187.967142584,2465786.9803529917,35268042.61140871,2.8789522066110775,3109.2683831399636,2141.398558152939,4810.187253681408,0.6887146088014443,1.5470479421347776,2.0870139660649825,4.688024067075084,18.0,0.43212805398252363,8.254999999999981e-05,True,True,True,True,False
3.6576,0.0115,0.010334900000000001,0.0005,13215,UO2,Inconel,Zircaloy,Zircaloy,SS316,Light Water Reactor,mean,fixed_core_power,870.0,0.9,45.0,True,0.3,0.0,5.765158243857492,27913280.03429228,61854940.08053928,4841719.663815401,837398.4010287684,12276848.558259565,12584410.526316173,3052020.9497165424,33941660.046247,2.7706787746302637,2992.3330766006843,2112.242151667974,4680.661375750229,0.7058847052105239,1.5642180385438575,2.139044561244012,4.7400546622541135,18.0,0.5352937605639367,8.254999999999894e-05,True,True,True,True,False
3.6576,0.0115,0.0101349,0.0006000000000000001,13215,UO2,Inconel,Zircaloy,Zircaloy,SS316,Light Water Reactor,mean,fixed_core_power,870.0,0.9,45.0,True,0.3,0.0,5.544183687843699,27535537.999205537,60176237.52679171,4966563.077551087,826066.1399761661,11806285.384681383,12102058.713733943,3627193.9007902127,32640699.527586166,2.664480560082885,2877.6390048895164,2083.657813031066,4553.6312922279,0.7240858945443247,1.5824192278776579,2.1941996804373476,4.795209781447448,18.0,0.6365129443796624,8.254999999999981e-05,True,True,True,True,False
3.6576,0.0115,0.0099349,0.0007000000000000001,13215,UO2,Inconel,Zircaloy,Zircaloy,SS316,Light Water Reactor,mean,fixed_core_power,870.0,0.9,45.0,True,0.3,0.0,5.327527191723285,27165355.840730898,58530516.89615716,5099055.314618445,814960.6752219269,11344917.477760978,11629132.529395908,4191305.83357401,31365161.055426262,2.5603575629689432,2765.186168006459,2055.645542242217,4429.097003114428,0.7434022222540697,1.601735555587403,2.252734006830514,4.853744107840615,18.0,0.7357856054297021,8.254999999999981e-05,True,True,True,True,False
3.6576,0.0115,0.0097349,0.0008,13215,UO2,Inconel,Zircaloy,Zircaloy,SS316,Light Water Reactor,mean,fixed_core_power,870.0,0.9,45.0,True,0.3,0.0,5.115188755496253,26802733.55886833,56917778.18863559,5239832.749098239,804082.0067660499,10892744.837498343,11165631.973302057,4744356.748067929,30115044.62976726,2.4583097832884375,2654.974565951513,2028.2053393014248,4307.058508409806,0.7639264666833216,1.6222598000166546,2.3149286869191563,4.915938787929256,18.0,0.8331117437140546,8.254999999999981e-05,True,True,True,True,False
3.6576,0.012,0.0110349,0.0004,13215,UO2,Inconel,Zircaloy,Zircaloy,SS316,Light Water Reactor,mean,fixed_core_power,870.0,0.9,45.0,True,0.3,0.0,6.5725739115661375,30919498.24674186,69614718.72449636,4704321.117230958,927584.9474022558,13996232.390713148,14346868.69277694,2576397.1632517735,38695220.47775451,3.1587148628343953,3411.4120518611476,2339.727449621026,5267.856127468511,0.6858530761021825,1.5441864094355158,2.0783426548550983,4.6793527558651995,18.0,0.4515932816393938,8.254999999999981e-05,True,True,True,True,False
3.6576,0.012,0.010834900000000001,0.0005,13215,UO2,Inconel,Zircaloy,Zircaloy,SS316,Light Water Reactor,mean,fixed_core_power,870.0,0.9,45.0,True,0.3,0.0,6.336486145925514,30515296.64351285,67820579.43985337,4815807.364012748,915458.8993053854,13493485.783832766,13831527.18134006,3190283.6783400225,37305282.79634052,3.0452533872699914,3288.873658251591,2309.1408735159175,5132.0907635152,0.7021068953872456,1.5604402287205787,2.1275966526886227,4.728606753698723,18.0,0.5596252951350249,8.254999999999894e-05,True,True,True,True,False
3.6576,0.012,0.010634900000000001,0.0006000000000000001,13215,UO2,Inconel,Zircaloy,Zircaloy,SS316,Light Water Reactor,mean,fixed_core_power,870.0,0.9,45.0,True,0.3,0.0,6.1047164401782705,30118654.916895907,66059422.078323334,4933669.763704271,903559.6475068772,12999934.443610158,13325611.298147362,3793109.175138388,35940767.16142742,2.9338671291390233,3168.5764994701453,2279.1263652588655,4998.821193970741,0.7192903076949491,1.5776236410282827,2.179667599075603,4.780677700085705,18.0,0.6657107858649681,8.254999999999981e-05,True,True,True,True,False
3.6576,0.012,0.0104349,0.0007000000000000001,13215,UO2,Inconel,Zircaloy,Zircaloy,SS316,Light Water Reactor,mean,fixed_core_power,870.0,0.9,45.0,True,0.3,0.0,5.877264794324406,29729573.06689105,64331246.63990629,5058402.86379482,891887.1920067315,12515578.370045317,12829121.043198852,4384873.653646881,34601673.573015235,2.824556088441491,3050.52057551681,2249.6839248498713,4868.047418835134,0.7374754141655763,1.5958087474989098,2.234773982319928,4.835784083330029,18.0,0.7698497538292253,8.254999999999981e-05,True,True,True,True,False
3.6576,0.012,0.0102349,0.0008,13215,UO2,Inconel,Zircaloy,Zircaloy,SS316,Light Water Reactor,mean,fixed_core_power,870.0,0.9,45.0,True,0.3,0.0,5.654131208363923,29348051.093498282,62636053.12460224,5190550.061888362,880441.5328049484,12040417.563138252,12342056.416494533,4965577.113865496,33288002.031103965,2.7173202651773947,2934.705886391587,2220.8135522889356,4739.76943810838,0.756741437902512,1.615074771235845,2.2931558724318544,4.894165973441955,18.0,0.8720421990277953,8.254999999999981e-05,True,True,True,True,False
3.6576,0.008,0.0070349,0.0004,13215,UO2,Inconel,Zircaloy,Zircaloy,SS316,Light Water Reactor,high,fixed_core_power,870.0,0.9,45.0,True,0.3,0.0,2.671249978495921,19677923.852017447,35404579.53666483,7366560.2285179375,590337.7155605234,9649753.779317617,8336654.372638321,1691515.7000615075,15726655.684647383,1.283776663899175,1386.4787970111088,1489.0596936827428,2679.120661117278,1.0739866321019635,1.932319965435297,3.2545049457635256,5.855515046773627,18.0,0.2958714603844306,8.254999999999981e-05,True,True,True,True,False
3.6576,0.008,0.0068349000000000005,0.0005,13215,UO2,Inconel,Zircaloy,Zircaloy,SS316,Light Water Reactor,high,fixed_core_power,870.0,0.9,45.0,True,0.3,0.0,2.5215234107229043,19062431.580779724,33907590.514031306,7559886.812756043,571872.9474233917,9108874.219237862,7869375.512189672,2084181.8493521868,14845158.93325158,1.2118195370034934,1308.765099963773,1442.484417766154,2565.8411285683924,1.102172129900226,1.9605054632335592,3.3399155451522002,5.940925646162301,18.0,0.36497301856632025,8.254999999999981e-05,True,True,True,True,False
3.6576,0.008,0.006634900000000001,0.0006000000000000001,13215,UO2,Inconel,Zircaloy,Zircaloy,SS316,Light Water Reactor,high,fixed_core_power,870.0,0.9,45.0,True,0.3,0.0,2.3761149028432684,18464953.214337632,32454037.44269432,7771069.148315343,553948.5964301289,8583593.42943828,7415572.804546363,2465786.9803529903,13989084.228356691,1.1419376275412483,1233.2926377445483,1397.2722825832486,2455.8484633139856,1.1329608560208282,1.9912941893541614,3.4332147152146306,6.034224816224731,18.0,0.4321280539825234,8.254999999999981e-05,True,True,True,True,False
3.6576,0.008,0.0064349,0.0007000000000000001,13215,UO2,Inconel,Zircaloy,Zircaloy,SS316,Light Water Reactor,high,fixed_core_power,870.0,0.9,45.0,True,0.3,0.0,2.235024454857011,17885488.752691165,31043920.322653867,8002368.257682181,536564.6625807349,8073911.409918863,6975246.249708385,2836331.0930639156,13158431.569962705,1.0741309355124387,1160.0614103534335,1353.4232881340267,2349.1426653540575,1.1666824497865869,2.0250157831199203,3.535401362989657,6.1364114639997585,18.0,0.49733656663303955,8.254999999999981e-05,True,True,True,True,False
3.6576,0.008,0.006234900000000001,0.0008,13215,UO2,Inconel,Zircaloy,Zircaloy,SS316,Light Water Reactor,high,fixed_core_power,870.0,0.9,45.0,True,0.3,0.0,2.0982520667641356,17324038.195840333,29677239.15390997,8256414.2174571855,519721.14587520994,7579828.160679622,6548395.847675749,3195814.1874849605,12353200.958069637,1.008399460917066,1089.071417790431,1310.9374344184891,2245.723734688609,1.2037203557120177,2.062053689045351,3.6476374415515687,6.248647542561669,18.0,0.5605985565178683,8.254999999999981e-05,True,True,True,True,False
3.6576,0.0085,0.007534900000000001,0.0004,13215,UO2,Inconel,Zircaloy,Zircaloy,SS316,Light Water Reactor,high,fixed_core_power,870.0,0.9,45.0,True,0.3,0.0,3.064457909962003,22436132.874736324,40477751.89131469,7321403.502329231,673083.9862420897,11070197.299492747,9563809.69228329,1802125.8829602906,18041619.01657837,1.472748557409662,1590.5684420024347,1697.777743075015,3063.0156557937717,1.0674031360370824,1.9257364693704158,3.234554957688128,5.835565058698229,18.0,0.31533668804130094,8.254999999999981e-05,True,True,True,True,False
3.6576,0.0085,0.007334900000000001,0.0005,13215,UO2,Inconel,Zircaloy,Zircaloy,SS316,Light Water Reactor,high,fixed_core_power,870.0,0.9,45.0,True,0.3,0.0,2.903936192455536,21775605.841509536,38872172.99043983,7498651.622608942,653268.1752452861,10490320.813712569,9062840.4498213,2222444.5779756666,17096567.148930296,1.3956033869303903,1507.2516578848215,1647.7946153242176,2941.5189550086893,1.0932445200535557,1.9515778533868888,3.3128621819804716,5.913872282990572,18.0,0.3893045531374084,8.254999999999981e-05,True,True,True,True,False
3.6576,0.0085,0.007134900000000001,0.0006000000000000001,13215,UO2,Inconel,Zircaloy,Zircaloy,SS316,Light Water Reactor,high,fixed_core_power,870.0,0.9,45.0,True,0.3,0.0,2.747732534842448,21133092.713078372,37310030.0408615,7691102.552778165,633992.7813923511,9926043.098212559,8575347.360164648,2631702.2547011655,16176937.327783128,1.3205334338845547,1426.176108595319,1599.1746283071034,2823.3091215180857,1.1213023543650409,1.9796356876983743,3.3978859223183058,5.998896023328407,18.0,0.4613258954678291,8.254999999999981e-05,True,True,True,True,False
3.6576,0.0085,0.006934900000000001,0.0007000000000000001,13215,UO2,Inconel,Zircaloy,Zircaloy,SS316,Light Water Reactor,high,fixed_core_power,870.0,0.9,45.0,True,0.3,0.0,2.595846937122741,20508593.489442836,35791323.04257971,7900540.357812752,615257.8046832851,9377364.15299272,8101330.423313332,3029898.913136785,15282729.553136872,1.247538698272155,1347.3417941339274,1551.9177820236728,2708.386155321961,1.1518367416348478,2.0101700749681815,3.490414368590448,6.0914244696005495,18.0,0.5314007150325625,8.254999999999981e-05,True,True,True,True,False
3.6576,0.0085,0.006734900000000001,0.0008,13215,UO2,Inconel,Zircaloy,Zircaloy,SS316,Light Water Reactor,high,fixed_core_power,870.0,0.9,45.0,True,0.3,0.0,2.4482793992964136,19902108.17060293,34316051.99559446,8129018.353184034,597063.2451180879,8844283.978053052,7640789.6392673515,3417034.5532825254,14413943.824991524,1.1766191800931916,1270.7487145006467,1506.0240764739258,2596.7500564203146,1.1851470391341163,2.04348037246745,3.5913546640427767,6.192364765052878,18.0,0.5995290118316089,8.254999999999981e-05,True,True,True,True,False
3.6576,0.009000000000000001,0.008034900000000001,0.0004,13215,UO2,Inconel,Zircaloy,Zircaloy,SS316,Light Water Reactor,high,fixed_core_power,870.0,0.9,45.0,True,0.3,0.0,3.4846537157617132,25376060.166739628,45891530.305879675,7282232.966782082,761281.8050021888,12588133.13391894,10875190.966961617,1912736.0658590738,20515470.139140047,1.674690559879125,1808.6658046694554,1920.2467019855942,3472.6848509935435,1.061692379558495,1.9200257128918283,3.217249635025742,5.818259736035843,18.0,0.3348019156981713,8.254999999999981e-05,True,True,True,True,False
3.6576,0.009000000000000001,0.007834900000000002,0.0005,13215,UO2,Inconel,Zircaloy,Zircaloy,SS316,Light Water Reactor,high,fixed_core_power,870.0,0.9,45.0,True,0.3,0.0,3.3133368485217947,24670498.371523775,44177361.52676347,7445816.558775248,740114.9511457132,11969259.72243834,10340531.342486287,2360707.3065991476,19506863.155239698,1.5923573458162632,1719.745933481564,1866.8557224005883,3342.970981972264,1.0855415826576231,1.9438749159909563,3.2895199474473427,5.890530048457443,18.0,0.41363608770849675,8.254999999999894e-05,True,True,True,True,False
3.6576,0.009000000000000001,0.007634900000000002,0.0006000000000000001,13215,UO2,Inconel,Zircaloy,Zircaloy,SS316,Light Water Reactor,high,fixed_core_power,870.0,0.9,45.0,True,0.3,0.0,3.1463380411752557,23982950.481103525,42506628.69894378,7622496.428306585,719488.5144331057,11365985.081237901,9819347.870816289,2797617.529049338,18523678.21784025,1.5120993491868369,1633.067297121784,1814.827883549264,3216.543980245462,1.1113001201774269,1.9696334535107602,3.3675761217497784,5.968586222759879,18.0,0.4905237369531343,8.254999999999981e-05,True,True,True,True,False
3.6576,0.009000000000000001,0.007434900000000001,0.0007000000000000001,13215,UO2,Inconel,Zircaloy,Zircaloy,SS316,Light Water Reactor,high,fixed_core_power,870.0,0.9,45.0,True,0.3,0.0,2.9836572937220973,23313416.49547892,40879331.82242064,7813704.524488318,699402.4948643676,10778309.210317638,9311640.55195163,3223466.7332096556,17565915.32694172,1.4339165699908467,1548.6298955901143,1764.1631854316247,3093.40384581314,1.1391767590534472,1.9975100923867808,3.452050785010446,6.053060886020548,18.0,0.5654648634320857,8.254999999999981e-05,True,True,True,True,False
3.6576,0.009000000000000001,0.007234900000000002,0.0008,13215,UO2,Inconel,Zircaloy,Zircaloy,SS316,Light Water Reactor,high,fixed_core_power,870.0,0.9,45.0,True,0.3,0.0,2.82529460616232,22661896.41464994,39295470.89719404,8021073.75465253,679856.8924394982,10206232.109677542,8817409.385892307,3638254.9190800926,16633574.482544098,1.357809008228293,1466.4337288865565,1714.8616280476685,2973.5505786752965,1.1694095643515647,2.0277428976848983,3.543665346519893,6.144675447529995,18.0,0.6384594671453497,8.254999999999981e-05,True,True,True,True,False
3.6576,0.0095,0.0085349,0.0004,13215,UO2,Inconel,Zircaloy,Zircaloy,SS316,Light Water Reactor,high,fixed_core_power,870.0,0.9,45.0,True,0.3,0.0,3.931837395895048,28497705.72802734,51645914.780359745,7247935.979697372,854931.1718408201,14203561.282596191,12270798.196673293,2023346.248757858,23148209.052332405,1.8896026713075635,2040.7708850121685,2156.466570414479,3908.1282467165906,1.0566921481740077,1.915025481507341,3.2020974187091142,5.803107519719215,18.0,0.3542671433550419,8.254999999999981e-05,True,True,True,True,False
3.6576,0.0095,0.0083349,0.0005,13215,UO2,Inconel,Zircaloy,Zircaloy,SS316,Light Water Reactor,high,fixed_core_power,870.0,0.9,45.0,True,0.3,0.0,3.749725378921677,27747109.1708224,49823156.12300217,7399771.014378057,832413.275124672,13545690.94541516,11702448.190184616,2498970.035222624,22076046.95217977,1.8020814136611105,1946.2479267539989,2099.667738995263,3770.1972094591124,1.0788285038777878,1.9371618372111215,3.2691772844781446,5.870187385488246,18.0,0.43796762227958425,8.255000000000068e-05,True,True,True,True,False
3.6576,0.0095,0.0081349,0.0006000000000000001,13215,UO2,Inconel,Zircaloy,Zircaloy,SS316,Light Water Reactor,high,fixed_core_power,870.0,0.9,45.0,True,0.3,0.0,3.5719314218416893,27014526.5184131,48043833.416941166,7563002.568645173,810435.795552393,12903419.378514305,11147574.336501282,2963532.803397515,21029306.89852806,1.7166353734480946,1853.9662033239422,2044.2320483097315,3635.5530394961156,1.1026263826409917,1.960959715974325,3.3412920686090657,5.9423021696191665,18.0,0.5197215784384402,8.254999999999981e-05,True,True,True,True,False
3.6576,0.0095,0.0079349,0.0007000000000000001,13215,UO2,Inconel,Zircaloy,Zircaloy,SS316,Light Water Reactor,high,fixed_core_power,870.0,0.9,45.0,True,0.3,0.0,3.3984555246550796,26299957.77079942,46307946.66217667,7738797.103566241,788998.7331239826,12276746.581893612,10606176.635623278,3417034.5532825277,20007988.891377248,1.633264550668514,1763.9257147219948,1990.1594983578827,3504.195736827595,1.1282558453271054,1.9865891786604386,3.4189571070518343,6.019967208061935,18.0,0.5995290118316092,8.254999999999981e-05,True,True,True,True,False
3.6576,0.0095,0.0077349,0.0008,13215,UO2,Inconel,Zircaloy,Zircaloy,SS316,Light Water Reactor,high,fixed_core_power,870.0,0.9,45.0,True,0.3,0.0,3.229297687361852,25603402.927981373,44615495.858708724,7928474.054337759,768102.0878394411,11665672.555553095,10078255.087550618,3859475.2848776625,19012092.930727355,1.55196894532237,1676.1264609481598,1937.4500891397179,3376.1253014535546,1.1559092552263217,2.0142425885596547,3.5027553188676412,6.103765419877741,18.0,0.6773899224590911,8.254999999999938e-05,True,True,True,True,False
3.6576,0.01,0.0090349,0.0004,13215,UO2,Inconel,Zircaloy,Zircaloy,SS316,Light Water Reactor,high,fixed_core_power,870.0,0.9,45.0,True,0.3,0.0,4.406008950362012,31801069.558599476,57740905.314754926,7217658.864716241,954032.0867579842,15916481.745524507,13750631.381418325,2133956.431656643,25939835.75615545,2.117484891694978,2286.8836830305763,2406.4373483616705,4369.345842962915,1.0522779825743747,1.910611315907708,3.1887211593162865,5.789731260326388,18.0,0.37373237101191253,8.254999999999981e-05,True,True,True,True,False
3.6576,0.01,0.0088349,0.0005,13215,UO2,Inconel,Zircaloy,Zircaloy,SS316,Light Water Reactor,high,fixed_core_power,870.0,0.9,45.0,True,0.3,0.0,4.2131017836551905,31005438.239405457,55809556.779156,7359290.098257691,930163.1471821637,15219614.48264305,13148590.992916306,2637232.7638461045,24804118.539750542,2.0247755904649347,2186.7576377021296,2346.230665108245,4223.197637469239,1.0729267042019761,1.9312600375353095,3.251293043036291,5.852303144046392,18.0,0.4622991568506726,8.255000000000068e-05,True,True,True,True,False
3.6576,0.01,0.008634900000000001,0.0006000000000000001,13215,UO2,Inconel,Zircaloy,Zircaloy,SS316,Light Water Reactor,high,fixed_core_power,870.0,0.9,45.0,True,0.3,0.0,4.02451267684175,30227820.825007092,53921644.19485365,7510926.974822819,906834.6247502128,14538345.99004177,12560026.757219631,3129448.0777456914,23693823.369846556,1.9341415066683285,2088.8728272017943,2287.387122588505,4080.3362992700454,1.0950341700086337,1.9533675033419673,3.3182853636625262,5.9192954646726275,18.0,0.5489194199237462,8.254999999999981e-05,True,True,True,True,False
3.6576,0.01,0.0084349,0.0007000000000000001,13215,UO2,Inconel,Zircaloy,Zircaloy,SS316,Light Water Reactor,high,fixed_core_power,870.0,0.9,45.0,True,0.3,0.0,3.8402416299216915,29468217.31540434,52077167.56184782,7673532.073033968,884046.5194621301,13872676.267720656,11984938.67432829,3610602.373355398,22608950.246443477,1.8455826403051578,1993.2292515295708,2229.906720802447,3940.7618283653287,1.1187407163984042,1.9770740497317376,3.3901233830254673,5.991133484035569,18.0,0.6335931602311324,8.254999999999981e-05,True,True,True,True,False
3.6576,0.01,0.0082349,0.0008,13215,UO2,Inconel,Zircaloy,Zircaloy,SS316,Light Water Reactor,high,fixed_core_power,870.0,0.9,45.0,True,0.3,0.0,3.66028864289501,28726627.710597217,50276126.88013852,7848186.444628759,861798.8313179165,13222605.315679707,11423326.744242279,4080695.6506752297,21549499.169541296,1.7590989913754227,1899.8269106854564,2173.789459750073,3804.4742247550903,1.1442039522251906,2.002537285558524,3.4672847037126986,6.0682948047228,18.0,0.7163203777728321,8.254999999999981e-05,True,True,True,True,False
3.6576,0.0105,0.0095349,0.0004,13215,UO2,Inconel,Zircaloy,Zircaloy,SS316,Light Water Reactor,high,fixed_core_power,870.0,0.9,45.0,True,0.3,0.0,4.907168379162603,35286151.65845603,64176501.90906522,7190735.864759042,1058584.5497536808,17726894.522703886,15314690.521196714,2244566.6145554255,28890350.250609186,2.358337221041369,2547.004198724678,2670.1590358271683,4856.337639732517,1.0483528206055395,1.9066861539388729,3.1768267291076953,5.7778368301177965,18.0,0.3931975986687829,8.254999999999981e-05,True,True,True,True,False
3.6576,0.0105,0.0093349,0.0005,13215,UO2,Inconel,Zircaloy,Zircaloy,SS316,Light Water Reactor,high,fixed_core_power,870.0,0.9,45.0,True,0.3,0.0,4.70346606272233,34445485.577272944,62136563.49522495,7323425.983717242,1033364.5673181883,16991030.334122006,14678959.750681354,2775495.492469583,27691077.917952005,2.260439876227735,2441.275066325954,2606.544500739534,4701.972266002645,1.0676979979410128,1.926031331274346,3.2354484786091295,5.83645857961923,18.0,0.4866306914217605,8.255000000000068e-05,True,True,True,True,False
3.6576,0.0105,0.009134900000000001,0.0006000000000000001,13215,UO2,Inconel,Zircaloy,Zircaloy,SS316,Light Water Reactor,high,fixed_core_power,870.0,0.9,45.0,True,0.3,0.0,4.50408180617544,33622833.4008855,60140061.03268124,7464969.520488288,1008685.0020265649,16270764.9158203,14056705.132971335,3295363.352093865,26517227.631795745,2.1646177488475384,2337.787168755341,2544.2931063855845,4550.893759567252,1.088333934068168,1.9466672674015013,3.2979816183883877,5.898991719398489,18.0,0.5781172614090515,8.254999999999981e-05,True,True,True,True,False
3.6576,0.0105,0.0089349,0.0007000000000000001,13215,UO2,Inconel,Zircaloy,Zircaloy,SS316,Light Water Reactor,high,fixed_core_power,870.0,0.9,45.0,True,0.3,0.0,4.309015609521929,32818195.129293688,58186994.521434076,7616169.933748454,984545.8538788105,15566098.26779876,13447926.668066652,3804170.193428273,25368799.39214039,2.0708708389007775,2236.5405060128396,2483.404852765319,4403.10212042634,1.1103777669524855,1.9687111002858189,3.3647811119772286,5.965791212987329,18.0,0.6676573086306563,8.254999999999981e-05,True,True,True,True,False
3.6576,0.0105,0.0087349,0.0008,13215,UO2,Inconel,Zircaloy,Zircaloy,SS316,Light Water Reactor,high,fixed_core_power,870.0,0.9,45.0,True,0.3,0.0,4.118267472761798,32031570.76249749,56277363.96148343,7777923.841604303,960947.1228749246,14877030.390057389,12852624.355967302,4301916.016472797,24245793.198985938,1.9791991463874523,2137.5350780984486,2423.8797398787356,4258.597348579904,1.133960216472807,1.9922935498061405,3.436243080220627,6.037253181230729,18.0,0.755250833086573,8.254999999999981e-05,True,True,True,True,False
3.6576,0.011,0.0100349,0.0004,13215,UO2,Inconel,Zircaloy,Zircaloy,SS316,Light Water Reactor,high,fixed_core_power,870.0,0.9,45.0,True,0.3,0.0,5.4353156822968165,38952952.02759697,70952704.56329057,7166640.229282233,1168588.560827909,19634799.61413432,16962975.616008446,2355176.7974542095,31999752.535693593,2.612159659346734,2821.132432094472,2947.63163281097,5369.103637025393,1.044839866174798,1.9031731995081318,3.1661814126509027,5.767191513661005,18.0,0.4126628263256535,8.254999999999981e-05,True,True,True,True,False
3.6576,0.011,0.0098349,0.0005,13215,UO2,Inconel,Zircaloy,Zircaloy,SS316,Light Water Reactor,high,fixed_core_power,870.0,0.9,45.0,True,0.3,0.0,5.220818216123097,38067251.18442484,68804176.27120899,7291433.949349998,1142017.535532745,18859938.49985202,16293554.463479752,2913758.2210930656,30736925.08678415,2.5090742709495113,2709.800212625472,2880.609245889129,5206.5210950593255,1.0630338105620574,1.9213671438953908,3.2213145774607796,5.82232467847088,18.0,0.5109622259928491,8.254999999999894e-05,True,True,True,True,False
3.6576,0.011,0.0096349,0.0006000000000000001,13215,UO2,Inconel,Zircaloy,Zircaloy,SS316,Light Water Reactor,high,fixed_core_power,870.0,0.9,45.0,True,0.3,0.0,5.010638809842753,37199564.24604831,66699083.930423915,7424116.097327664,1115986.9273814491,18100676.155849885,15637609.463756388,3461278.626442037,29499519.684375606,2.4080640999857232,2600.7092279845806,2814.9499997009693,5047.225420387735,1.082377825791165,1.9407111591244983,3.2799328054277725,5.880942906437873,18.0,0.6073151028943568,8.254999999999981e-05,True,True,True,True,False
3.6576,0.011,0.0094349,0.0007000000000000001,13215,UO2,Inconel,Zircaloy,Zircaloy,SS316,Light Water Reactor,high,fixed_core_power,870.0,0.9,45.0,True,0.3,0.0,4.8047774634557925,36349891.212467425,64637427.5409354,7565364.158681159,1090496.7363740227,17357012.58212792,14995140.616838362,3997738.01350114,28287536.328467973,2.309129146455372,2493.859478171801,2750.6538942464945,4891.216613010624,1.1029706839227944,1.9613040172561278,3.3423354058266495,5.94334550683675,18.0,0.7017214570301789,8.254999999999981e-05,True,True,True,True,False
3.6576,0.011,0.009234899999999999,0.0008,13215,UO2,Inconel,Zircaloy,Zircaloy,SS316,Light Water Reactor,high,fixed_core_power,870.0,0.9,45.0,True,0.3,0.0,4.603234176962212,35518232.083682165,62619207.10274342,7715929.8697946165,1065546.962510465,16628947.778686127,14366147.922725674,4523136.382270363,27100975.019061252,2.2122694103584566,2389.250963187133,2687.720929525703,4738.494672927992,1.124921982218405,1.983255315551738,3.408854491570924,6.009864592581025,18.0,0.7941812884003139,8.254999999999981e-05,True,True,True,True,False
3.6576,0.0115,0.0105349,0.0004,13215,UO2,Inconel,Zircaloy,Zircaloy,SS316,Light Water Reactor,high,fixed_core_power,870.0,0.9,45.0,True,0.3,0.0,5.990450859764665,42801470.66602237,78069513.27743107,7144949.798937809,1284044.119980671,21640197.019815832,18695486.66585355,2465786.9803529917,35268042.61140871,2.8789522066110775,3109.2683831399636,3238.855139313081,5907.6438348415495,1.041677571764407,1.9000109050977403,3.1565987023163844,5.757608803326486,18.0,0.43212805398252363,8.254999999999981e-05,True,True,True,True,False
3.6576,0.0115,0.010334900000000001,0.0005,13215,UO2,Inconel,Zircaloy,Zircaloy,SS316,Light Water Reactor,high,fixed_core_power,870.0,0.9,45.0,True,0.3,0.0,5.765158243857492,41870735.06086116,75812395.10710816,7262720.863815401,1256122.051825835,20826338.979833107,17992375.131311513,3052020.9497165424,33941660.046247,2.7706787746302637,2992.3330766006843,3168.424900557031,5736.844124639286,1.058847668173487,1.9171810015068207,3.208629297495415,5.809639398505517,18.0,0.5352937605639367,8.254999999999894e-05,True,True,True,True,False
3.6576,0.0115,0.0101349,0.0006000000000000001,13215,UO2,Inconel,Zircaloy,Zircaloy,SS316,Light Water Reactor,high,fixed_core_power,870.0,0.9,45.0,True,0.3,0.0,5.544183687843699,40958013.36049555,73598712.88808171,7387564.277551087,1228740.4008148664,20028079.71013054,17302739.749574803,3627193.9007902127,32640699.527586166,2.664480560082885,2877.6390048895164,3099.3578025346615,5569.331281731495,1.0770488575072876,1.9353821908406206,3.2637844166887504,5.86479451769885,18.0,0.6365129443796624,8.254999999999981e-05,True,True,True,True,False
3.6576,0.0115,0.0099349,0.0007000000000000001,13215,UO2,Inconel,Zircaloy,Zircaloy,SS316,Light Water Reactor,high,fixed_core_power,870.0,0.9,45.0,True,0.3,0.0,5.327527191723285,40063305.564925596,71428466.62035185,7520056.514618444,1201899.1669477678,19245419.210708153,16626580.520643435,4191305.83357401,31365161.055426262,2.5603575629689432,2765.186168006459,3031.6538452459777,5405.105306118187,1.0963651852170324,1.9546985185503656,3.322318743081916,5.923328844092016,18.0,0.7357856054297021,8.254999999999981e-05,True,True,True,True,False
3.6576,0.0115,0.0097349,0.0008,13215,UO2,Inconel,Zircaloy,Zircaloy,SS316,Light Water Reactor,high,fixed_core_power,870.0,0.9,45.0,True,0.3,0.0,5.115188755496253,39186611.674151264,69301656.30391853,7660833.949098239,1175598.3502245378,18478357.48156593,15963897.444517402,4744356.748067929,30115044.62976726,2.4583097832884375,2654.974565951513,2965.3130286909773,5244.166197799359,1.1168894296462846,1.975222762979618,3.384513423170559,5.98552352418066,18.0,0.8331117437140546,8.254999999999981e-05,True,True,True,True,False
3.6576,0.012,0.0110349,0.0004,13215,UO2,Inconel,Zircaloy,Zircaloy,SS316,Light Water Reactor,high,fixed_core_power,870.0,0.9,45.0,True,0.3,0.0,6.5725739115661375,46831707.57373217,85526928.05148667,7125322.317230958,1404951.227211965,23743086.739748396,20512223.670732003,2576397.1632517735,38695220.47775451,3.1587148628343953,3411.4120518611476,3543.8295553334974,6471.958233180982,1.0388160390651453,1.8971493723984785,3.1479273911065007,5.748937492116601,18.0,0.4515932816393938,8.254999999999981e-05,True,True,True,True,False
3.6576,0.012,0.010834900000000001,0.0005,13215,UO2,Inconel,Zircaloy,Zircaloy,SS316,Light Water Reactor,high,fixed_core_power,870.0,0.9,45.0,True,0.3,0.0,6.336486145925514,45855937.20658189,83161220.00292242,7236808.564012748,1375678.1161974566,22890231.774065245,19775421.75417662,3190283.6783400225,37305282.79634052,3.0452533872699914,3288.873658251591,3469.991464743238,6292.941354742521,1.0550698583502083,1.913403191683542,3.197181388940025,5.798191489950127,18.0,0.5596252951350249,8.254999999999894e-05,True,True,True,True,False
3.6576,0.012,0.010634900000000001,0.0006000000000000001,13215,UO2,Inconel,Zircaloy,Zircaloy,SS316,Light Water Reactor,high,fixed_core_power,870.0,0.9,45.0,True,0.3,0.0,6.1047164401782705,44898180.744227216,80838947.90565464,7354670.963704269,1346945.4223268165,22052975.57866226,19052095.990426574,3793109.175138388,35940767.16142742,2.9338671291390233,3168.5764994701453,3397.5165148866604,6117.211343598535,1.0722532706579118,1.930586603991245,3.249252335327005,5.850262436337106,18.0,0.6657107858649681,8.254999999999981e-05,True,True,True,True,False
3.6576,0.012,0.0104349,0.0007000000000000001,13215,UO2,Inconel,Zircaloy,Zircaloy,SS316,Light Water Reactor,high,fixed_core_power,870.0,0.9,45.0,True,0.3,0.0,5.877264794324406,43958438.18666819,78560111.75968343,7479404.063794821,1318753.1456000456,21231318.153539445,18342246.379481863,4384873.653646881,34601673.573015235,2.824556088441491,3050.52057551681,3326.4047057637677,5944.76819974903,1.0904383771285393,1.9487717104618727,3.304358718571331,5.905368819581432,18.0,0.7698497538292253,8.254999999999981e-05,True,True,True,True,False
3.6576,0.012,0.0102349,0.0008,13215,UO2,Inconel,Zircaloy,Zircaloy,SS316,Light Water Reactor,high,fixed_core_power,870.0,0.9,45.0,True,0.3,0.0,5.654131208363923,43036709.53390478,76324711.56500874,7611551.261888362,1291101.2860171434,20425259.4986968,17645872.92134249,4965577.113865496,33288002.031103965,2.7173202651773947,2934.705886391587,3256.656037374558,5775.611923194003,1.1097044008654748,1.968037734198808,3.3627406086832567,5.9637507096933575,18.0,0.8720421990277953,8.254999999999981e-05,True,True,True,True,False
3.6576,0.008,0.0070349,0.0004,13215,UO2,Hastelloy,Zircaloy,Zircaloy,SS316,Light Water Reactor,low,fixed_core_power,870.0,0.9,45.0,True,0.3,0.0,2.671249978495921,7955562.230557841,23682217.915205225,2978217.049921069,238666.86691673522,2841655.6927491226,3337036.864261208,1776869.673547511,15726655.684647383,1.283776663899175,1386.4787970111088,602.0100060959395,1792.070973530475,0.43420065809424424,1.2925339914275777,1.3157595699825582,3.9167696709926596,18.0,0.31089208942401797,8.254999999999981e-05,True,True,True,True,False
3.6576,0.008,0.0068349000000000005,0.0005,13215,UO2,Hastelloy,Zircaloy,Zircaloy,SS316,Light Water Reactor,low,fixed_core_power,870.0,0.9,45.0,True,0.3,0.0,2.5215234107229043,8021840.353064291,22866999.286315873,3181346.7679701145,240655.2105919287,2682377.692901445,3149992.192201279,2189470.467961566,14845158.93325158,1.2118195370034934,1308.765099963773,607.0253766980168,1730.3820875002552,0.4638153758186396,1.3221487091519728,1.4055011388443623,4.006511239854463,18.0,0.3835017550460744,8.254999999999981e-05,True,True,True,True,False
3.6576,0.008,0.006634900000000001,0.0006000000000000001,13215,UO2,Hastelloy,Zircaloy,Zircaloy,SS316,Light Water Reactor,low,fixed_core_power,870.0,0.9,45.0,True,0.3,0.0,2.3761149028432684,8086483.738192651,22075567.966549344,3403237.6668806435,242594.51214577953,2527693.2127828975,2968341.820623259,2590448.704786495,13989084.228356691,1.1419376275412483,1233.2926377445483,611.9170441311124,1670.4932248618497,0.4961653263820575,1.354498659715391,1.5035312920668409,4.104541393076942,18.0,0.45406607797455234,8.254999999999981e-05,True,True,True,True,False
3.6576,0.008,0.0064349,0.0007000000000000001,13215,UO2,Hastelloy,Zircaloy,Zircaloy,SS316,Light Water Reactor,low,fixed_core_power,870.0,0.9,45.0,True,0.3,0.0,2.235024454857011,8149492.385942918,21307923.955905624,3646265.4214959336,244484.77157828753,2377602.2523934767,2792085.7495271456,2979804.3840222964,13158431.569962705,1.0741309355124387,1160.0614103534335,616.6850083952265,1612.4043856152573,0.5315968645205967,1.3899301978539302,1.6108995894563536,4.211909690466455,18.0,0.5225850582094512,8.254999999999981e-05,True,True,True,True,False
3.6576,0.008,0.006234900000000001,0.0008,13215,UO2,Hastelloy,Zircaloy,Zircaloy,SS316,Light Water Reactor,low,fixed_core_power,870.0,0.9,45.0,True,0.3,0.0,2.0982520667641356,8210866.296315096,20564067.254384734,3913193.474880099,246325.98888945288,2232104.8117331867,2621223.978912942,3357537.5056689675,12353200.958069637,1.008399460917066,1089.071417790431,621.3292694903591,1556.1155697604793,0.5705128785318292,1.4288462118651626,1.7288269046419065,4.329837005652007,18.0,0.5890586957507707,8.254999999999981e-05,True,True,True,True,False
3.6576,0.0085,0.007534900000000001,0.0004,13215,UO2,Hastelloy,Zircaloy,Zircaloy,SS316,Light Water Reactor,low,fixed_core_power,870.0,0.9,45.0,True,0.3,0.0,3.064457909962003,8981291.199641429,27022910.216219798,2930792.806925121,269438.73598924285,3259947.3411832545,3828248.6090193796,1893095.249438794,18041619.01657837,1.472748557409662,1590.5684420024347,679.6285432948489,2044.8664560136056,0.42728657588555913,1.2856199092188927,1.2948078057138155,3.895817906723917,18.0,0.3313455163598085,8.254999999999981e-05,True,True,True,True,False
3.6576,0.0085,0.007334900000000001,0.0005,13215,UO2,Hastelloy,Zircaloy,Zircaloy,SS316,Light Water Reactor,low,fixed_core_power,870.0,0.9,45.0,True,0.3,0.0,2.903936192455536,9051656.165593106,26148223.314523403,3117029.9778312715,271549.6849677932,3089185.5420127558,3627718.1857546805,2334752.437825671,17096567.148930296,1.3956033869303903,1507.2516578848215,684.9531718193799,1978.677511503852,0.45443849289281824,1.3127718262261516,1.377086342099449,3.9780964431095502,18.0,0.40906853871581283,8.254999999999981e-05,True,True,True,True,False
3.6576,0.0085,0.007134900000000001,0.0006000000000000001,13215,UO2,Hastelloy,Zircaloy,Zircaloy,SS316,Light Water Reactor,low,fixed_core_power,870.0,0.9,45.0,True,0.3,0.0,2.747732534842448,9120386.394166695,25297323.721949823,3319240.966329952,273611.5918250008,2923017.262571385,3432582.062971889,2764787.068623421,16176937.327783128,1.3205334338845547,1426.176108595319,690.1540971749296,1914.2885903859117,0.4839192670635058,1.3422526003968391,1.466422021404563,4.0674321224146635,18.0,0.48474621837823834,8.254999999999981e-05,True,True,True,True,False
3.6576,0.0085,0.006934900000000001,0.0007000000000000001,13215,UO2,Hastelloy,Zircaloy,Zircaloy,SS316,Light Water Reactor,low,fixed_core_power,870.0,0.9,45.0,True,0.3,0.0,2.595846937122741,9187481.885362191,24470211.438499063,3539300.316198795,275624.45656086574,2761442.5028591435,3242840.240671006,3183199.141832041,15282729.553136872,1.247538698272155,1347.3417941339274,695.2313193614976,1851.6996926597853,0.5160021921597059,1.3743355254930392,1.5636430065445632,4.164653107554664,18.0,0.5583785553470846,8.254999999999981e-05,True,True,True,True,False
3.6576,0.0085,0.006734900000000001,0.0008,13215,UO2,Hastelloy,Zircaloy,Zircaloy,SS316,Light Water Reactor,low,fixed_core_power,870.0,0.9,45.0,True,0.3,0.0,2.4482793992964136,9252942.639179595,23666886.46417112,3779365.4767665425,277588.2791753878,2604461.2628760305,3058492.718852031,3589988.6574515323,14413943.824991524,1.1766191800931916,1270.7487145006467,700.184838379084,1790.9108183254725,0.5510018073512107,1.4093351406845442,1.6697024465188204,4.270712547528921,18.0,0.6299655496223517,8.254999999999981e-05,True,True,True,True,False
3.6576,0.009000000000000001,0.008034900000000001,0.0004,13215,UO2,Hastelloy,Zircaloy,Zircaloy,SS316,Light Water Reactor,low,fixed_core_power,870.0,0.9,45.0,True,0.3,0.0,3.4846537157617132,10069444.045043997,30584914.184184045,2889654.1425330434,302083.3213513199,3706948.487924442,4353174.731789479,2009320.8253300774,20515470.139140047,1.674690559879125,1808.6658046694554,761.9707941766172,2314.4089431845664,0.4212888816769951,1.2796222150103285,1.2766329747787728,3.877643075788874,18.0,0.35179894329559913,8.254999999999981e-05,True,True,True,True,False
3.6576,0.009000000000000001,0.007834900000000002,0.0005,13215,UO2,Hastelloy,Zircaloy,Zircaloy,SS316,Light Water Reactor,low,fixed_core_power,870.0,0.9,45.0,True,0.3,0.0,3.3133368485217947,10143895.854440909,29650759.009680606,3061534.7361879265,304316.87563322723,3524702.8894311213,4139158.557320009,2480034.4076897777,19506863.155239698,1.5923573458162632,1719.745933481564,767.6046806236027,2243.7199401952785,0.4463477224624771,1.3046810557958104,1.3525688559469002,3.953578956957001,18.0,0.4346353223855515,8.254999999999894e-05,True,True,True,True,False
3.6576,0.009000000000000001,0.007634900000000002,0.0006000000000000001,13215,UO2,Hastelloy,Zircaloy,Zircaloy,SS316,Light Water Reactor,low,fixed_core_power,870.0,0.9,45.0,True,0.3,0.0,3.1463380411752557,10216712.926459718,28740391.14429997,3247175.857379729,306501.38779379154,3347050.810666928,3930536.683332446,2939125.4324603435,18523678.21784025,1.5120993491868369,1633.067297121784,773.1148639016056,2174.8309605978034,0.47341274010213164,1.331746073435465,1.4345840609155502,4.035594161925651,18.0,0.5154263587819239,8.254999999999981e-05,True,True,True,True,False
3.6576,0.009000000000000001,0.007434900000000001,0.0007000000000000001,13215,UO2,Hastelloy,Zircaloy,Zircaloy,SS316,Light Water Reactor,low,fixed_core_power,870.0,0.9,45.0,True,0.3,0.0,2.9836572937220973,10287895.261100443,27853810.588042162,3448082.084610443,308636.8578330133,3173992.2516318643,3727309.109826792,3386593.8996417862,17565915.32694172,1.4339165699908467,1548.6298955901143,778.5013440106276,2107.7420043921425,0.5027032903261726,1.361036623659506,1.5233433040187045,4.124353405028805,18.0,0.5941720524847182,8.254999999999981e-05,True,True,True,True,False
3.6576,0.009000000000000001,0.007234900000000002,0.0008,13215,UO2,Hastelloy,Zircaloy,Zircaloy,SS316,Light Water Reactor,low,fixed_core_power,870.0,0.9,45.0,True,0.3,0.0,2.82529460616232,10357442.858363073,26991017.34090717,3665969.1473491644,310723.2857508922,3005527.212325929,3529475.836803046,3822439.8092340985,16633574.482544098,1.357809008228293,1466.4337288865565,783.7641209506677,2042.4530715782953,0.534469513017659,1.3928028463509923,1.6196045849019969,4.220614685912097,18.0,0.670872403493933,8.254999999999981e-05,True,True,True,True,False
3.6576,0.0095,0.0085349,0.0004,13215,UO2,Hastelloy,Zircaloy,Zircaloy,SS316,Light Water Reactor,low,fixed_core_power,870.0,0.9,45.0,True,0.3,0.0,3.931837395895048,11220020.76676555,34368229.81909795,2853632.9550351133,336600.62300296646,4182659.1329726833,4911815.232571503,2125546.401221362,23148209.052332405,1.8896026713075635,2040.7708850121685,849.0367587412447,2600.6984350433563,0.41603727541231666,1.2743706087456501,1.2607190164009596,3.861729117411061,18.0,0.37225237023138996,8.254999999999981e-05,True,True,True,True,False
3.6576,0.0095,0.0083349,0.0005,13215,UO2,Hastelloy,Zircaloy,Zircaloy,SS316,Light Water Reactor,low,fixed_core_power,870.0,0.9,45.0,True,0.3,0.0,3.749725378921677,11298559.419607678,33374606.37178745,3013169.8398822076,338956.78258823033,3988929.735156539,4684313.30689726,2625316.3775538784,22076046.95217977,1.8020814136611105,1946.2479267539989,854.9799031106832,2525.5093735745327,0.4392965003881289,1.2976298337214625,1.3312015163276634,3.932211617337765,18.0,0.4602021060552892,8.255000000000068e-05,True,True,True,True,False
3.6576,0.0095,0.0081349,0.0006000000000000001,13215,UO2,Hastelloy,Zircaloy,Zircaloy,SS316,Light Water Reactor,low,fixed_core_power,870.0,0.9,45.0,True,0.3,0.0,3.5719314218416893,11375463.335071726,32404770.23359979,3184681.3366888585,341263.90005215176,3799793.8570695254,4462205.681704929,3113463.7962972703,21029306.89852806,1.7166353734480946,1853.9662033239422,860.7993443111408,2452.1203354975246,0.46430152975163697,1.3226348630849705,1.406974332580718,4.00798443359082,18.0,0.5461064991856102,8.254999999999981e-05,True,True,True,True,False
3.6576,0.0095,0.0079349,0.0007000000000000001,13215,UO2,Hastelloy,Zircaloy,Zircaloy,SS316,Light Water Reactor,low,fixed_core_power,870.0,0.9,45.0,True,0.3,0.0,3.3984555246550796,11450732.513157677,31458721.404534925,3369393.075791348,343521.9753947303,3615251.4987116386,4245492.356994503,3589988.6574515346,20007988.891377248,1.633264550668514,1763.9257147219948,866.4950823426165,2380.531320812329,0.4912310507810592,1.3495643841143927,1.4885789417607855,4.0895890427708865,18.0,0.6299655496223521,8.254999999999981e-05,True,True,True,True,False
3.6576,0.0095,0.0077349,0.0008,13215,UO2,Hastelloy,Zircaloy,Zircaloy,SS316,Light Water Reactor,low,fixed_core_power,870.0,0.9,45.0,True,0.3,0.0,3.229297687361852,11524366.953865541,30536459.8845929,3568691.4213474933,345731.00861596625,3435302.6600828827,4034173.332765988,4054890.96101667,19012092.930727355,1.55196894532237,1676.1264609481598,872.0671172051109,2310.742329518948,0.5202871844835595,1.3786205178168927,1.576627831768362,4.177637932778462,18.0,0.7117792573655148,8.254999999999938e-05,True,True,True,True,False
3.6576,0.01,0.0090349,0.0004,13215,UO2,Hastelloy,Zircaloy,Zircaloy,SS316,Light Water Reactor,low,fixed_core_power,870.0,0.9,45.0,True,0.3,0.0,4.406008950362012,12433021.364806082,38372857.12096153,2821832.9796594135,372990.64094418247,4687079.276327981,5504170.111365454,2241771.9771126467,25939835.75615545,2.117484891694978,2286.8836830305763,940.8264369887312,2903.734931589976,0.41140108872609943,1.2697344220594329,1.246669965836665,3.8476800668467663,18.0,0.3927057971671808,8.254999999999981e-05,True,True,True,True,False
3.6576,0.01,0.0088349,0.0005,13215,UO2,Hastelloy,Zircaloy,Zircaloy,SS316,Light Water Reactor,low,fixed_core_power,870.0,0.9,45.0,True,0.3,0.0,4.2131017836551905,12515646.86109344,37319765.40084398,2970649.061849902,375469.40583280317,4481866.079189014,5263182.434486441,2770598.3474179846,24804118.539750542,2.0247755904649347,2186.7576377021296,947.0788392806235,2824.0458116416175,0.43309730486448644,1.2914306381978196,1.3124160753469285,3.913426176357029,18.0,0.48576888972502785,8.255000000000068e-05,True,True,True,True,False
3.6576,0.01,0.008634900000000001,0.0006000000000000001,13215,UO2,Hastelloy,Zircaloy,Zircaloy,SS316,Light Water Reactor,low,fixed_core_power,870.0,0.9,45.0,True,0.3,0.0,4.02451267684175,12596637.620002715,36290460.98984927,3129978.367936952,377899.1286000814,4281246.4017791785,5027589.058089339,3287802.1601341977,23693823.369846556,1.9341415066683285,2088.8728272017943,953.207538403535,2746.156715085075,0.4563262664871895,1.3146595998205228,1.3828068681429984,3.983816969153099,18.0,0.5767866395892964,8.254999999999981e-05,True,True,True,True,False
3.6576,0.01,0.0084349,0.0007000000000000001,13215,UO2,Hastelloy,Zircaloy,Zircaloy,SS316,Light Water Reactor,low,fixed_core_power,870.0,0.9,45.0,True,0.3,0.0,3.8402416299216915,12675993.641533894,35284943.88797737,3300832.307729651,380279.80924601684,4085220.244098471,4797389.982174144,3793383.4152612803,22608950.246443477,1.8455826403051578,1993.2292515295708,959.2125343574646,2670.067641920346,0.4812354292018246,1.3395687625351578,1.4582891793994683,4.059299280409569,18.0,0.6657590467599857,8.254999999999981e-05,True,True,True,True,False
3.6576,0.01,0.0082349,0.0008,13215,UO2,Hastelloy,Zircaloy,Zircaloy,SS316,Light Water Reactor,low,fixed_core_power,870.0,0.9,45.0,True,0.3,0.0,3.66028864289501,12753714.925686982,34303214.09522828,3484346.7742477716,382611.4477706094,3893787.60614689,4572585.206740855,4287342.1127992375,21549499.169541296,1.7590989913754227,1899.8269106854564,965.0938271424126,2595.778592147429,0.5079903972905655,1.3663237306238987,1.5393648402744409,4.140374941284541,18.0,0.7526861112370963,8.254999999999981e-05,True,True,True,True,False
3.6576,0.0105,0.0095349,0.0004,13215,UO2,Hastelloy,Zircaloy,Zircaloy,SS316,Light Water Reactor,low,fixed_core_power,870.0,0.9,45.0,True,0.3,0.0,4.907168379162603,13708445.839165596,42598796.08977478,2793555.2196203447,411253.37517496786,5220208.9179903325,6130239.368171334,2357997.55300393,28890350.250609186,2.358337221041369,2547.004198724678,1037.3398289190766,3223.5184328244254,0.40727841337618825,1.2656117467095216,1.2341770102308733,3.8351871112409746,18.0,0.4131592241029714,8.254999999999981e-05,True,True,True,True,False
3.6576,0.0105,0.0093349,0.0005,13215,UO2,Hastelloy,Zircaloy,Zircaloy,SS316,Light Water Reactor,low,fixed_core_power,870.0,0.9,45.0,True,0.3,0.0,4.70346606272233,13795158.178898184,41486236.09685019,2932977.084332071,413854.7453669455,5003511.921528545,5875765.94008755,2915880.317282088,27691077.917952005,2.260439876227735,2441.275066325954,1043.901489133423,3139.329254396533,0.42760502637847503,1.2859383597118081,1.2957728072075,3.8967829082176,18.0,0.511335673394766,8.255000000000068e-05,True,True,True,True,False
3.6576,0.0105,0.009134900000000001,0.0006000000000000001,13215,UO2,Hastelloy,Zircaloy,Zircaloy,SS316,Light Water Reactor,low,fixed_core_power,870.0,0.9,45.0,True,0.3,0.0,4.50408180617544,13880235.781252686,40397463.41304843,3081701.5273172483,416407.07343758055,4791408.444795887,5626686.812485677,3462140.5239711213,26517227.631795745,2.1646177488475384,2337.787168755341,1050.3394461787882,3056.9400993604563,0.4492878822403659,1.3076212155736995,1.3614784310314119,3.9624885320415135,18.0,0.6074667799929822,8.254999999999981e-05,True,True,True,True,False
3.6576,0.0105,0.0089349,0.0007000000000000001,13215,UO2,Hastelloy,Zircaloy,Zircaloy,SS316,Light Water Reactor,low,fixed_core_power,870.0,0.9,45.0,True,0.3,0.0,4.309015609521929,13963678.6462291,39332478.03836949,3240572.7691894625,418910.35938687297,4583898.487792357,5383001.985365711,3996778.1730710296,25368799.39214039,2.0708708389007775,2236.5405060128396,1056.653700055172,2976.3509677161933,0.4724500616977004,1.330783395031034,1.431666853629395,4.032676954639497,18.0,0.7015525438976199,8.254999999999981e-05,True,True,True,True,False
3.6576,0.0105,0.0087349,0.0008,13215,UO2,Hastelloy,Zircaloy,Zircaloy,SS316,Light Water Reactor,low,fixed_core_power,870.0,0.9,45.0,True,0.3,0.0,4.118267472761798,14045486.773827413,38291279.97281335,3410532.91626253,421364.60321482236,4380982.050517955,5144711.458727652,4519793.264581805,24245793.198985938,1.9791991463874523,2137.5350780984486,1062.844250762574,2897.561859463742,0.497228916452721,1.3555622497860542,1.5067542922809727,4.107764393291073,18.0,0.7935929651086777,8.254999999999981e-05,True,True,True,True,False
3.6576,0.011,0.0100349,0.0004,13215,UO2,Hastelloy,Zircaloy,Zircaloy,SS316,Light Water Reactor,low,fixed_core_power,870.0,0.9,45.0,True,0.3,0.0,5.4353156822968165,15046294.18984409,47046046.72553769,2768246.605960877,451388.8256953227,5782048.057959737,6790023.002989137,2474223.1288952148,31999752.535693593,2.612159659346734,2821.132432094472,1138.5769345322808,3560.0489387467037,0.4035886162518701,1.2619219495852039,1.2229958068238487,3.824005907833951,18.0,0.43361265103876223,8.254999999999981e-05,True,True,True,True,False
3.6576,0.011,0.0098349,0.0005,13215,UO2,Hastelloy,Zircaloy,Zircaloy,SS316,Light Water Reactor,low,fixed_core_power,870.0,0.9,45.0,True,0.3,0.0,5.220818216123097,15137093.373021912,45874018.45980606,2899371.850618177,454112.80119065737,5553867.26217513,6522063.8237005845,3061162.2871461967,30736925.08678415,2.5090742709495113,2709.800212625472,1145.4478526690814,3471.3597018392784,0.4227056472031492,1.2810389805364826,1.2809262036459066,3.8819363046560076,18.0,0.536902457064505,8.254999999999894e-05,True,True,True,True,False
3.6576,0.011,0.0096349,0.0006000000000000001,13215,UO2,Hastelloy,Zircaloy,Zircaloy,SS316,Light Water Reactor,low,fixed_core_power,870.0,0.9,45.0,True,0.3,0.0,5.010638809842753,15226257.818821631,44725777.50319724,3038785.7510127476,456787.73456464894,5330279.986119648,6259498.9448939385,3636478.887808044,29499519.684375606,2.4080640999857232,2600.7092279845806,1152.1950676369,3384.4704883236654,0.4430310990705383,1.3013644324038718,1.342518482031934,3.9435285830420357,18.0,0.6381469203966676,8.254999999999981e-05,True,True,True,True,False
3.6576,0.011,0.0094349,0.0007000000000000001,13215,UO2,Hastelloy,Zircaloy,Zircaloy,SS316,Light Water Reactor,low,fixed_core_power,870.0,0.9,45.0,True,0.3,0.0,4.8047774634557925,15313787.527243271,43601323.855711244,3187200.1656095367,459413.62581729813,5111286.229793296,6002328.366569201,4200172.930880773,28287536.328467973,2.309129146455372,2493.859478171801,1158.8185794357375,3299.381298199867,0.4646687552280389,1.3230020885613725,1.4080871370546633,4.009097238064765,18.0,0.7373460410352528,8.254999999999981e-05,True,True,True,True,False
3.6576,0.011,0.009234899999999999,0.0008,13215,UO2,Hastelloy,Zircaloy,Zircaloy,SS316,Light Water Reactor,low,fixed_core_power,870.0,0.9,45.0,True,0.3,0.0,4.603234176962212,15399682.498286817,42500657.517348066,3345404.971000074,461990.4749486045,4896885.993196073,5750552.088726373,4752244.416364372,27100975.019061252,2.2122694103584566,2389.250963187133,1165.3183880655934,3216.0921314678826,0.4877337734798361,1.3460671068131695,1.477981131757079,4.07899123276718,18.0,0.8344998189802589,8.254999999999981e-05,True,True,True,True,False
3.6576,0.0115,0.0105349,0.0004,13215,UO2,Hastelloy,Zircaloy,Zircaloy,SS316,Light Water Reactor,low,fixed_core_power,870.0,0.9,45.0,True,0.3,0.0,5.990450859764665,16446566.41684157,51714609.02825028,2745463.872728884,493396.99250524706,6372596.6962362025,7483521.015818872,2590448.7047864967,35268042.61140871,2.8789522066110775,3109.2683831399636,1244.5377538283444,3913.3264493568126,0.40026707265826966,1.2586004059916027,1.2129305232068777,3.8139406242169778,18.0,0.45406607797455256,8.254999999999981e-05,True,True,True,True,False
3.6576,0.0115,0.010334900000000001,0.0005,13215,UO2,Hastelloy,Zircaloy,Zircaloy,SS316,Light Water Reactor,low,fixed_core_power,870.0,0.9,45.0,True,0.3,0.0,5.765158243857492,16541452.443464618,50483112.48971161,2869210.4784961916,496243.57330393855,6132932.101128772,7202076.085325548,3206444.2570102983,33941660.046247,2.7706787746302637,2992.3330766006843,1251.7179298875988,3820.1371539698534,0.418308356003457,1.2766416893367905,1.2676010787983545,3.8686111798084557,18.0,0.5624692407342429,8.254999999999894e-05,True,True,True,True,False
3.6576,0.0115,0.0101349,0.0006000000000000001,13215,UO2,Hastelloy,Zircaloy,Zircaloy,SS316,Light Water Reactor,low,fixed_core_power,870.0,0.9,45.0,True,0.3,0.0,5.544183687843699,16634703.732709566,49275403.260295734,3000388.2752267374,499041.11198128696,5897861.025750467,6926025.4553141305,3810817.2516449695,32640699.527586166,2.664480560082885,2877.6390048895164,1258.774402777871,3728.7478819747057,0.4374330486343266,1.29576638196766,1.3255546928312927,3.9265647938413935,18.0,0.6688270608003537,8.254999999999981e-05,True,True,True,True,False
3.6576,0.0115,0.0099349,0.0007000000000000001,13215,UO2,Hastelloy,Zircaloy,Zircaloy,SS316,Light Water Reactor,low,fixed_core_power,870.0,0.9,45.0,True,0.3,0.0,5.327527191723285,16726320.284576435,48091481.3400027,3139602.987022203,501789.60853729304,5667383.470101293,6655369.1257846225,4403567.688690518,31365161.055426262,2.5603575629689432,2765.186168006459,1265.7071724991627,3639.1586333713735,0.45772946036818385,1.3160627937015172,1.3870589708126784,3.988069071822779,18.0,0.7731395381728864,8.254999999999981e-05,True,True,True,True,False
3.6576,0.0115,0.0097349,0.0008,13215,UO2,Hastelloy,Zircaloy,Zircaloy,SS316,Light Water Reactor,low,fixed_core_power,870.0,0.9,45.0,True,0.3,0.0,5.115188755496253,16816302.09906521,46931346.72883247,3287523.276828475,504489.06297195633,5441499.434181248,6390107.0967370225,4984695.568146939,30115044.62976726,2.4583097832884375,2654.974565951513,1272.5162390514727,3551.3694081598537,0.4792950770115635,1.3376284103448965,1.452409324277465,4.053419425287565,18.0,0.8754066728518402,8.254999999999981e-05,True,True,True,True,False
3.6576,0.012,0.0110349,0.0004,13215,UO2,Hastelloy,Zircaloy,Zircaloy,SS316,Light Water Reactor,low,fixed_core_power,870.0,0.9,45.0,True,0.3,0.0,6.5725739115661375,17909262.520158026,56604482.99791254,2724847.6412934763,537277.8756047408,6991854.83281972,8210733.406660531,2706674.280677778,38695220.47775451,3.1587148628343953,3411.4120518611476,1355.2222868072665,4283.350964654752,0.3972613880131849,1.2555947213465184,1.203822387918742,3.8048324889288434,18.0,0.47451950491034295,8.254999999999981e-05,True,True,True,True,False
3.6576,0.012,0.010834900000000001,0.0005,13215,UO2,Hastelloy,Zircaloy,Zircaloy,SS316,Light Water Reactor,low,fixed_core_power,870.0,0.9,45.0,True,0.3,0.0,6.336486145925514,18008235.39022631,55313518.18656683,2841990.8093393305,540247.0617067892,6740706.438389467,7915802.724962437,3351726.2268744037,37305282.79634052,3.0452533872699914,3288.873658251591,1362.7117207889753,4185.661610788258,0.41433994199503876,1.2726732753283723,1.2555755818031478,3.856585682813249,18.0,0.5880360244039813,8.254999999999894e-05,True,True,True,True,False
3.6576,0.012,0.010634900000000001,0.0006000000000000001,13215,UO2,Hastelloy,Zircaloy,Zircaloy,SS316,Light Water Reactor,low,fixed_core_power,870.0,0.9,45.0,True,0.3,0.0,6.1047164401782705,18105573.52291649,54046340.68434391,2965833.6632565637,543167.2056874946,6494151.563688342,7626266.34374625,3985155.6154818954,35940767.16142742,2.9338671291390233,3168.5764994701453,1370.0774516017018,4089.772280313576,0.4323952575646535,1.2907285908979869,1.3102886592868288,3.91129876029693,18.0,0.6995072012040398,8.254999999999981e-05,True,True,True,True,False
3.6576,0.012,0.0104349,0.0007000000000000001,13215,UO2,Hastelloy,Zircaloy,Zircaloy,SS316,Light Water Reactor,low,fixed_core_power,870.0,0.9,45.0,True,0.3,0.0,5.877264794324406,18201276.91822858,52802950.49124382,3096895.844442011,546038.3075468574,6252190.208716345,7342124.263011971,4606962.446500265,34601673.573015235,2.824556088441491,3050.52057551681,1377.319479245447,3995.6829732307087,0.4515030943569707,1.309836427690304,1.3681911950211234,3.9692012960312244,18.0,0.8089330353105201,8.254999999999981e-05,True,True,True,True,False
3.6576,0.012,0.0102349,0.0008,13215,UO2,Hastelloy,Zircaloy,Zircaloy,SS316,Light Water Reactor,low,fixed_core_power,870.0,0.9,45.0,True,0.3,0.0,5.654131208363923,18295345.576162584,51583347.607266545,3235748.3231197456,548860.3672848775,6014822.3734734785,7063376.4827596005,5217146.719929505,33288002.031103965,2.7173202651773947,2934.705886391587,1384.4378037202107,3903.3936895396555,0.4717466953468607,1.330080028680194,1.4295354404450324,4.030545541455133,18.0,0.9163135267234213,8.254999999999981e-05,True,True,True,True,False
3.6576,0.008,0.0070349,0.0004,13215,UO2,Hastelloy,Zircaloy,Zircaloy,SS316,Light Water Reactor,mean,fixed_core_power,870.0,0.9,45.0,True,0.3,0.0,2.671249978495921,13296178.422064848,29022834.10671223,4977511.849921069,398885.35266194545,5688400.918082274,5830907.830435065,1776869.673547511,15726655.684647383,1.283776663899175,1386.4787970111088,1006.1428998913998,2196.203867325935,0.7256821395757258,1.5840154729090592,2.1990367865931084,4.80004688760321,18.0,0.31089208942401797,8.254999999999981e-05,True,True,True,True,False
3.6576,0.008,0.0068349000000000005,0.0005,13215,UO2,Hastelloy,Zircaloy,Zircaloy,SS316,Light Water Reactor,mean,fixed_core_power,870.0,0.9,45.0,True,0.3,0.0,2.5215234107229043,13063108.996200858,27908267.929452438,5180641.567970115,391893.2698860257,5369559.644357341,5504078.883881951,2189470.467961566,14845158.93325158,1.2118195370034934,1308.765099963773,988.5061669467165,2111.862877748955,0.755296857300121,1.613630190633454,2.288778355454912,4.889788456465012,18.0,0.3835017550460744,8.254999999999981e-05,True,True,True,True,False
3.6576,0.008,0.006634900000000001,0.0006000000000000001,13215,UO2,Hastelloy,Zircaloy,Zircaloy,SS316,Light Water Reactor,mean,fixed_core_power,870.0,0.9,45.0,True,0.3,0.0,2.3761149028432684,12837037.907649703,26826122.136006393,5402532.466880644,385111.1372294911,5059913.6372901825,5186675.5655730255,2590448.704786495,13989084.228356691,1.1419376275412483,1233.2926377445483,971.3990092810975,2029.9751900118345,0.787646807863539,1.6459801411968722,2.3868085086773907,4.9878186096874915,18.0,0.45406607797455234,8.254999999999981e-05,True,True,True,True,False
3.6576,0.008,0.0064349,0.0007000000000000001,13215,UO2,Hastelloy,Zircaloy,Zircaloy,SS316,Light Water Reactor,mean,fixed_core_power,870.0,0.9,45.0,True,0.3,0.0,2.235024454857011,12617965.156411376,25776396.726374082,5645560.221495934,378538.95469234127,4759462.896880793,4878697.875508286,2979804.3840222964,13158431.569962705,1.0741309355124387,1160.0614103534335,954.8214268945422,1950.540804114573,0.8230783460020783,1.6814116793354117,2.494176806066904,5.095186907077005,18.0,0.5225850582094512,8.254999999999981e-05,True,True,True,True,False
3.6576,0.008,0.006234900000000001,0.0008,13215,UO2,Hastelloy,Zircaloy,Zircaloy,SS316,Light Water Reactor,mean,fixed_core_power,870.0,0.9,45.0,True,0.3,0.0,2.0982520667641356,12405890.742485886,24759091.700555526,5912488.274880099,372176.7222745766,4468207.4231291795,4580145.813687739,3357537.5056689675,12353200.958069637,1.008399460917066,1089.071417790431,938.7734197870516,1873.5597200571717,0.8619943600133108,1.7203276933466443,2.6121041212524565,5.213114222262558,18.0,0.5890586957507707,8.254999999999981e-05,True,True,True,True,False
3.6576,0.0085,0.007534900000000001,0.0004,13215,UO2,Hastelloy,Zircaloy,Zircaloy,SS316,Light Water Reactor,mean,fixed_core_power,870.0,0.9,45.0,True,0.3,0.0,3.064457909962003,15108045.96384733,33149664.9804257,4930087.6069251215,453241.37891541986,6525733.3940223595,6689217.320386176,1893095.249438794,18041619.01657837,1.472748557409662,1590.5684420024347,1143.2497891674104,2508.487701886167,0.7187680573670406,1.5771013907003741,2.1780850223243653,4.779095123334467,18.0,0.3313455163598085,8.254999999999981e-05,True,True,True,True,False
3.6576,0.0085,0.007334900000000001,0.0005,13215,UO2,Hastelloy,Zircaloy,Zircaloy,SS316,Light Water Reactor,mean,fixed_core_power,870.0,0.9,45.0,True,0.3,0.0,2.903936192455536,14857480.694701258,31954047.843631554,5116324.777831271,445724.4208410377,6183903.953652997,6338824.303222591,2334752.437825671,17096567.148930296,1.3956033869303903,1507.2516578848215,1124.2891180250667,2418.0134577095387,0.7459199743742997,1.604253307707633,2.260363558709999,4.8613736597201,18.0,0.40906853871581283,8.254999999999981e-05,True,True,True,True,False
3.6576,0.0085,0.007134900000000001,0.0006000000000000001,13215,UO2,Hastelloy,Zircaloy,Zircaloy,SS316,Light Water Reactor,mean,fixed_core_power,870.0,0.9,45.0,True,0.3,0.0,2.747732534842448,14613913.76286802,30790851.090651147,5318535.766329952,438417.4128860406,5851269.779941406,5997856.914303194,2764787.068623421,16176937.327783128,1.3205334338845547,1426.176108595319,1105.8580221617874,2329.9925153727695,0.7754007485449873,1.6337340818783206,2.349699238015113,4.950709339025214,18.0,0.48474621837823834,8.254999999999981e-05,True,True,True,True,False
3.6576,0.0085,0.006934900000000001,0.0007000000000000001,13215,UO2,Hastelloy,Zircaloy,Zircaloy,SS316,Light Water Reactor,mean,fixed_core_power,870.0,0.9,45.0,True,0.3,0.0,2.595846937122741,14377345.168347614,29660074.721484486,5538595.116198795,431320.3550504284,5527830.872887587,5666315.153627986,3183199.141832041,15282729.553136872,1.247538698272155,1347.3417941339274,1087.956501577572,2244.4248748758596,0.8074836736411873,1.6658170069745206,2.446920223155113,5.047930324165214,18.0,0.5583785553470846,8.254999999999981e-05,True,True,True,True,False
3.6576,0.0085,0.006734900000000001,0.0008,13215,UO2,Hastelloy,Zircaloy,Zircaloy,SS316,Light Water Reactor,mean,fixed_core_power,870.0,0.9,45.0,True,0.3,0.0,2.4482793992964136,14147774.91114004,28561718.736131564,5778660.276766543,424433.2473342012,5213587.232491541,5344199.021196965,3589988.6574515323,14413943.824991524,1.1766191800931916,1270.7487145006467,1070.5845562724207,2161.3105362188094,0.8424832888326923,1.700816622166026,2.5529796631293706,5.153989764139472,18.0,0.6299655496223517,8.254999999999981e-05,True,True,True,True,False
3.6576,0.009000000000000001,0.008034900000000001,0.0004,13215,UO2,Hastelloy,Zircaloy,Zircaloy,SS316,Light Water Reactor,mean,fixed_core_power,870.0,0.9,45.0,True,0.3,0.0,3.4846537157617132,17036294.09876707,37551764.23790711,4888948.942533043,511088.82296301203,7420536.286573525,7606436.986863467,2009320.8253300774,20515470.139140047,1.674690559879125,1808.6658046694554,1289.163382426566,2841.6015314345145,0.7127703631584765,1.5711036964918095,2.1599101913893226,4.7609202923994225,18.0,0.35179894329559913,8.254999999999981e-05,True,True,True,True,False
3.6576,0.009000000000000001,0.007834900000000002,0.0005,13215,UO2,Hastelloy,Zircaloy,Zircaloy,SS316,Light Water Reactor,mean,fixed_core_power,870.0,0.9,45.0,True,0.3,0.0,3.3133368485217947,16768232.98633892,36275096.141578615,5060829.536187926,503046.9895901676,7055718.679559732,7232479.899089411,2480034.4076897777,19506863.155239698,1.5923573458162632,1719.745933481564,1268.8787730865622,2744.9940326582378,0.7378292039439586,1.5961625372772918,2.2358460725574503,4.836856173567551,18.0,0.4346353223855515,8.254999999999894e-05,True,True,True,True,False
3.6576,0.009000000000000001,0.007634900000000002,0.0006000000000000001,13215,UO2,Hastelloy,Zircaloy,Zircaloy,SS316,Light Water Reactor,mean,fixed_core_power,870.0,0.9,45.0,True,0.3,0.0,3.1463380411752557,16507170.211223593,35030848.42906384,5246470.657379729,495215.1063367078,6700096.339203708,6867948.439559541,2939125.4324603435,18523678.21784025,1.5120993491868369,1633.067297121784,1249.123739025622,2650.8398357218193,0.7648942215836131,1.6232275549169461,2.3178612775261,4.9188713785362,18.0,0.5154263587819239,8.254999999999981e-05,True,True,True,True,False
3.6576,0.009000000000000001,0.007434900000000001,0.0007000000000000001,13215,UO2,Hastelloy,Zircaloy,Zircaloy,SS316,Light Water Reactor,mean,fixed_core_power,870.0,0.9,45.0,True,0.3,0.0,2.9836572937220973,16253105.773421105,33819021.10036282,5447376.884610443,487593.17320263316,6353669.265505457,6512842.608273861,3386593.8996417862,17565915.32694172,1.4339165699908467,1548.6298955901143,1229.898280243746,2559.138940625261,0.794184771807654,1.6525181051409876,2.4066205206292546,5.007630621639356,18.0,0.5941720524847182,8.254999999999981e-05,True,True,True,True,False
3.6576,0.009000000000000001,0.007234900000000002,0.0008,13215,UO2,Hastelloy,Zircaloy,Zircaloy,SS316,Light Water Reactor,mean,fixed_core_power,870.0,0.9,45.0,True,0.3,0.0,2.82529460616232,16006039.672931448,32639614.155475546,5665263.947349165,480181.1901879434,6016437.45846498,6167162.405232369,3822439.8092340985,16633574.482544098,1.357809008228293,1466.4337288865565,1211.2023967409343,2469.891347368562,0.8259509944991404,1.6842843278324737,2.5028818015125465,5.103891902522648,18.0,0.670872403493933,8.254999999999981e-05,True,True,True,True,False
3.6576,0.0095,0.0085349,0.0004,13215,UO2,Hastelloy,Zircaloy,Zircaloy,SS316,Light Water Reactor,mean,fixed_core_power,870.0,0.9,45.0,True,0.3,0.0,3.931837395895048,19080922.826824058,42229131.87915646,4852927.755035113,572427.6848047217,8372809.595735766,8582566.829866933,2125546.401221362,23148209.052332405,1.8896026713075635,2040.7708850121685,1443.8836796688656,3195.545355970977,0.7075187568937981,1.5658520902271316,2.143996233011509,4.74500633402161,18.0,0.37225237023138996,8.254999999999981e-05,True,True,True,True,False
3.6576,0.0095,0.0083349,0.0005,13215,UO2,Hastelloy,Zircaloy,Zircaloy,SS316,Light Water Reactor,mean,fixed_core_power,870.0,0.9,45.0,True,0.3,0.0,3.749725378921677,18795365.871113814,40871412.82329358,5012464.639882207,563860.9761334144,7985003.822077537,8185045.671482402,2625316.3775538784,22076046.95217977,1.8020814136611105,1946.2479267539989,1422.2751321312005,3092.80460259505,0.7307779818696104,1.589111315202944,2.2144787329382134,4.815488833948315,18.0,0.4602021060552892,8.255000000000068e-05,True,True,True,True,False
3.6576,0.0095,0.0081349,0.0006000000000000001,13215,UO2,Hastelloy,Zircaloy,Zircaloy,SS316,Light Water Reactor,mean,fixed_core_power,870.0,0.9,45.0,True,0.3,0.0,3.5719314218416893,18516807.252716422,39546114.151244484,5183976.136688858,555504.2175814926,7606393.315077086,7796950.141342065,3113463.7962972703,21029306.89852806,1.7166353734480946,1853.9662033239422,1401.196159872601,2992.517151058985,0.7557830112331184,1.614116344566452,2.2902515491912676,4.891261650201369,18.0,0.5461064991856102,8.254999999999981e-05,True,True,True,True,False
3.6576,0.0095,0.0079349,0.0007000000000000001,13215,UO2,Hastelloy,Zircaloy,Zircaloy,SS316,Light Water Reactor,mean,fixed_core_power,870.0,0.9,45.0,True,0.3,0.0,3.3984555246550796,18245246.971631847,38253235.863009095,5368687.875791347,547357.4091489554,7236978.074734403,7418280.239445912,3589988.6574515346,20007988.891377248,1.633264550668514,1763.9257147219948,1380.6467628930645,2894.683001362777,0.7827125322625407,1.6410458655958742,2.3718561583713353,4.972866259381437,18.0,0.6299655496223521,8.254999999999981e-05,True,True,True,True,False
3.6576,0.0095,0.0077349,0.0008,13215,UO2,Hastelloy,Zircaloy,Zircaloy,SS316,Light Water Reactor,mean,fixed_core_power,870.0,0.9,45.0,True,0.3,0.0,3.229297687361852,17980685.027860116,36992777.95858747,5567986.221347493,539420.5508358035,6876758.101049496,7049035.9657939505,4054890.96101667,19012092.930727355,1.55196894532237,1676.1264609481598,1360.626941192593,2799.3021535064295,0.8117686659650409,1.6701019992983739,2.459905048378912,5.060915149389012,18.0,0.7117792573655148,8.254999999999938e-05,True,True,True,True,False
3.6576,0.01,0.0090349,0.0004,13215,UO2,Hastelloy,Zircaloy,Zircaloy,SS316,Light Water Reactor,mean,fixed_core_power,870.0,0.9,45.0,True,0.3,0.0,4.406008950362012,21241932.14801831,47181767.90417376,4821127.779659414,637257.9644405494,9382553.321509086,9617606.849396577,2241771.9771126467,25939835.75615545,2.117484891694978,2286.8836830305763,1607.4106808943104,3570.319175495555,0.7028825702075809,1.5612159035409143,2.1299471824472147,4.730957283457316,18.0,0.3927057971671808,8.254999999999981e-05,True,True,True,True,False
3.6576,0.01,0.0088349,0.0005,13215,UO2,Hastelloy,Zircaloy,Zircaloy,SS316,Light Water Reactor,mean,fixed_core_power,870.0,0.9,45.0,True,0.3,0.0,4.2131017836551905,20938879.349025987,45742997.888776526,4969943.861849902,628166.3804707796,8971759.381206427,9196521.620401576,2770598.3474179846,24804118.539750542,2.0247755904649347,2186.7576377021296,1584.478195158985,3461.4451675199793,0.724578786345968,1.5829121196793012,2.1956932919574785,4.796703392967579,18.0,0.48576888972502785,8.255000000000068e-05,True,True,True,True,False
3.6576,0.01,0.008634900000000001,0.0006000000000000001,13215,UO2,Hastelloy,Zircaloy,Zircaloy,SS316,Light Water Reactor,mean,fixed_core_power,870.0,0.9,45.0,True,0.3,0.0,4.02451267684175,20642824.887346506,44336648.25719306,5129273.167936952,619284.7466203951,8570160.707561543,8784862.019650767,3287802.1601341977,23693823.369846556,1.9341415066683285,2088.8728272017943,1562.0752847027247,3355.0244613842647,0.747807747968671,1.6061410813020043,2.2660840847535484,4.867094185763649,18.0,0.5767866395892964,8.254999999999981e-05,True,True,True,True,False
3.6576,0.01,0.0084349,0.0007000000000000001,13215,UO2,Hastelloy,Zircaloy,Zircaloy,SS316,Light Water Reactor,mean,fixed_core_power,870.0,0.9,45.0,True,0.3,0.0,3.8402416299216915,20353768.762979858,42962719.00942333,5300127.107729652,610613.0628893957,8177757.300574432,8382628.047144146,3793383.4152612803,22608950.246443477,1.8455826403051578,1993.2292515295708,1540.2019495255283,3251.0570570884092,0.7727169106833061,1.631050244016639,2.3415663960100184,4.942576497020118,18.0,0.6657590467599857,8.254999999999981e-05,True,True,True,True,False
3.6576,0.01,0.0082349,0.0008,13215,UO2,Hastelloy,Zircaloy,Zircaloy,SS316,Light Water Reactor,mean,fixed_core_power,870.0,0.9,45.0,True,0.3,0.0,3.66028864289501,20071710.975926034,41621210.145467326,5483641.574247772,602151.329277781,7794549.160245089,7989819.702881708,4287342.1127992375,21549499.169541296,1.7590989913754227,1899.8269106854564,1518.8581896273956,3149.542954632412,0.799471878772047,1.6578052121053801,2.4226420568849907,5.023652157895091,18.0,0.7526861112370963,8.254999999999981e-05,True,True,True,True,False
3.6576,0.0105,0.0095349,0.0004,13215,UO2,Hastelloy,Zircaloy,Zircaloy,SS316,Light Water Reactor,mean,fixed_core_power,870.0,0.9,45.0,True,0.3,0.0,4.907168379162603,23519322.06234982,52409672.312959,4792850.019620345,705579.6618704945,10449767.463893484,10711557.045452403,2357997.55300393,28890350.250609186,2.358337221041369,2547.004198724678,1779.7443861028996,3965.9229900082482,0.6987598948576698,1.557093228191003,2.1174542268414234,4.718464327851525,18.0,0.4131592241029714,8.254999999999981e-05,True,True,True,True,False
3.6576,0.0105,0.0093349,0.0005,13215,UO2,Hastelloy,Zircaloy,Zircaloy,SS316,Light Water Reactor,mean,fixed_core_power,870.0,0.9,45.0,True,0.3,0.0,4.70346606272233,23198773.420075413,50889851.33802742,4932271.884332071,695963.2026022624,10015985.356946394,10266907.74584693,2915880.317282088,27691077.917952005,2.260439876227735,2441.275066325954,1755.487962169914,3850.9157274330246,0.7190865078599565,1.5774198411932898,2.17905002381805,4.780060124828151,18.0,0.511335673394766,8.255000000000068e-05,True,True,True,True,False
3.6576,0.0105,0.009134900000000001,0.0006000000000000001,13215,UO2,Hastelloy,Zircaloy,Zircaloy,SS316,Light Water Reactor,mean,fixed_core_power,870.0,0.9,45.0,True,0.3,0.0,4.50408180617544,22885223.11511385,49402450.746909596,5080996.327317248,686556.6934534155,9591398.51665708,9831684.074485648,3462140.5239711213,26517227.631795745,2.1646177488475384,2337.787168755341,1731.7611135159932,3738.3617666976616,0.7407693637218474,1.599102697055181,2.244755647641962,4.845765748652063,18.0,0.6074667799929822,8.254999999999981e-05,True,True,True,True,False
3.6576,0.0105,0.0089349,0.0007000000000000001,13215,UO2,Hastelloy,Zircaloy,Zircaloy,SS316,Light Water Reactor,mean,fixed_core_power,870.0,0.9,45.0,True,0.3,0.0,4.309015609521929,22578671.14746512,47947470.53960551,5239867.569189462,677360.1344239536,9176006.943025537,9405886.031368556,3996778.1730710296,25368799.39214039,2.0708708389007775,2236.5405060128396,1708.5638401411366,3628.2611078021578,0.7639315431791818,1.6222648765125154,2.3149440702399446,4.915954171250046,18.0,0.7015525438976199,8.254999999999981e-05,True,True,True,True,False
3.6576,0.0105,0.0087349,0.0008,13215,UO2,Hastelloy,Zircaloy,Zircaloy,SS316,Light Water Reactor,mean,fixed_core_power,870.0,0.9,45.0,True,0.3,0.0,4.118267472761798,22279117.51712922,46524910.71611516,5409827.716262531,668373.5255138766,8769810.636051765,8989513.616495648,4519793.264581805,24245793.198985938,1.9791991463874523,2137.5350780984486,1685.8961420453438,3520.6137507465123,0.7887103979342024,1.647043731267536,2.3900315088915223,4.9910416099016235,18.0,0.7935929651086777,8.254999999999981e-05,True,True,True,True,False
3.6576,0.011,0.0100349,0.0004,13215,UO2,Hastelloy,Zircaloy,Zircaloy,SS316,Light Water Reactor,mean,fixed_core_power,870.0,0.9,45.0,True,0.3,0.0,5.4353156822968165,25913092.56981857,57912845.105512165,4767541.405960877,777392.7770945571,11574452.022888957,11864417.418034399,2474223.1288952148,31999752.535693593,2.612159659346734,2821.132432094472,1960.8847952946328,4382.356799509055,0.6950700977333517,1.5534034310666853,2.106273023434399,4.7072831244445,18.0,0.43361265103876223,8.254999999999981e-05,True,True,True,True,False
3.6576,0.011,0.0098349,0.0005,13215,UO2,Hastelloy,Zircaloy,Zircaloy,SS316,Light Water Reactor,mean,fixed_core_power,870.0,0.9,45.0,True,0.3,0.0,5.220818216123097,25575048.084262095,56311973.17104624,4898666.650618177,767251.4425278628,11117681.749297438,11396204.04781846,3061162.2871461967,30736925.08678415,2.5090742709495113,2709.800212625472,1935.3044331639876,4261.216282334184,0.7141871286846307,1.572520462017964,2.164203420256457,4.765213521266557,18.0,0.536902457064505,8.254999999999894e-05,True,True,True,True,False
3.6576,0.011,0.0096349,0.0006000000000000001,13215,UO2,Hastelloy,Zircaloy,Zircaloy,SS316,Light Water Reactor,mean,fixed_core_power,870.0,0.9,45.0,True,0.3,0.0,5.010638809842753,25244001.936018437,54743521.62039404,5038080.551012748,757320.0580805531,10670106.74236369,10937416.305846704,3636478.887808044,29499519.684375606,2.4080640999857232,2600.7092279845806,1910.2536463124054,4142.529066999171,0.7345125805520197,1.5928459138853532,2.225795698642484,4.826805799652585,18.0,0.6381469203966676,8.254999999999981e-05,True,True,True,True,False
3.6576,0.011,0.0094349,0.0007000000000000001,13215,UO2,Hastelloy,Zircaloy,Zircaloy,SS316,Light Water Reactor,mean,fixed_core_power,870.0,0.9,45.0,True,0.3,0.0,4.8047774634557925,24919954.12508763,53207490.4535556,5186494.965609537,747598.6237526289,10231727.002087714,10488054.19211914,4200172.930880773,28287536.328467973,2.309129146455372,2493.859478171801,1885.7324347398887,4026.295153504018,0.7561502367095205,1.6144835700428537,2.2913643536652137,4.892374454675314,18.0,0.7373460410352528,8.254999999999981e-05,True,True,True,True,False
3.6576,0.011,0.009234899999999999,0.0008,13215,UO2,Hastelloy,Zircaloy,Zircaloy,SS316,Light Water Reactor,mean,fixed_core_power,870.0,0.9,45.0,True,0.3,0.0,4.603234176962212,24602904.651469648,51703879.6705309,5344699.771000074,738087.1395440894,9802542.528469512,10048117.706635762,4752244.416364372,27100975.019061252,2.2122694103584566,2389.250963187133,1861.7407984464357,3912.514541848725,0.7792152549613177,1.637548588294651,2.3612583483676293,4.9622684493777305,18.0,0.8344998189802589,8.254999999999981e-05,True,True,True,True,False
3.6576,0.0115,0.0105349,0.0004,13215,UO2,Hastelloy,Zircaloy,Zircaloy,SS316,Light Water Reactor,mean,fixed_core_power,870.0,0.9,45.0,True,0.3,0.0,5.990450859764665,28423243.6704246,63691286.281833306,4744758.672728885,852697.3101127379,12756606.998495515,13076187.967142584,2590448.7047864967,35268042.61140871,2.8789522066110775,3109.2683831399636,2150.8319084695117,4819.62060399798,0.6917485541397512,1.5500818874730842,2.096207739817428,4.697217840827528,18.0,0.45406607797455256,8.254999999999981e-05,True,True,True,True,False
3.6576,0.0115,0.010334900000000001,0.0005,13215,UO2,Hastelloy,Zircaloy,Zircaloy,SS316,Light Water Reactor,mean,fixed_core_power,870.0,0.9,45.0,True,0.3,0.0,5.765158243857492,28067703.34158604,62009363.38783304,4868505.278496193,842031.1002475811,12276848.558259565,12584410.526316173,3206444.2570102983,33941660.046247,2.7706787746302637,2992.3330766006843,2123.9276081412063,4692.346832223461,0.7097898374849387,1.5681231708182723,2.150878295408905,4.751888396419007,18.0,0.5624692407342429,8.254999999999894e-05,True,True,True,True,False
3.6576,0.0115,0.0101349,0.0006000000000000001,13215,UO2,Hastelloy,Zircaloy,Zircaloy,SS316,Light Water Reactor,mean,fixed_core_power,870.0,0.9,45.0,True,0.3,0.0,5.544183687843699,27719161.350060295,60359860.87764646,4999683.075226737,831574.8405018088,11806285.384681383,12102058.713733943,3810817.2516449695,32640699.527586166,2.664480560082885,2877.6390048895164,2097.5528830919634,4567.526362288798,0.7289145301158081,1.5872478634491411,2.2088319094418427,4.809842010451943,18.0,0.6688270608003537,8.254999999999981e-05,True,True,True,True,False
3.6576,0.0115,0.0099349,0.0007000000000000001,13215,UO2,Hastelloy,Zircaloy,Zircaloy,SS316,Light Water Reactor,mean,fixed_core_power,870.0,0.9,45.0,True,0.3,0.0,5.327527191723285,27377617.695847403,58742778.75127366,5138897.787022203,821328.5308754221,11344917.477760978,11629132.529395908,4403567.688690518,31365161.055426262,2.5603575629689432,2765.186168006459,2071.7077333217862,4445.159194193996,0.7492109418496654,1.6075442751829985,2.2703361874232284,4.871346288433329,18.0,0.7731395381728864,8.254999999999981e-05,True,True,True,True,False
3.6576,0.0115,0.0097349,0.0008,13215,UO2,Hastelloy,Zircaloy,Zircaloy,SS316,Light Water Reactor,mean,fixed_core_power,870.0,0.9,45.0,True,0.3,0.0,5.115188755496253,27043072.37894734,57158117.0087146,5286818.076828475,811292.1713684201,10892744.837498343,11165631.973302057,4984695.568146939,30115044.62976726,2.4583097832884375,2654.974565951513,2046.3921588306728,4325.245327939054,0.7707765584930449,1.629109891826378,2.3356865408880148,4.936696641898115,18.0,0.8754066728518402,8.254999999999981e-05,True,True,True,True,False
3.6576,0.012,0.0110349,0.0004,13215,UO2,Hastelloy,Zircaloy,Zircaloy,SS316,Light Water Reactor,mean,fixed_core_power,870.0,0.9,45.0,True,0.3,0.0,6.5725739115661375,31049775.364167865,69744995.84192237,4724142.441293476,931493.2609250359,13996232.390713148,14346868.69277694,2706674.280677778,38695220.47775451,3.1587148628343953,3411.4120518611476,2349.5857256275344,5277.714403475019,0.6887428694946663,1.5470762028279996,2.0870996045292918,4.688109705539393,18.0,0.47451950491034295,8.254999999999981e-05,True,True,True,True,False
3.6576,0.012,0.010834900000000001,0.0005,13215,UO2,Hastelloy,Zircaloy,Zircaloy,SS316,Light Water Reactor,mean,fixed_core_power,870.0,0.9,45.0,True,0.3,0.0,6.336486145925514,30676739.19204723,67982021.98838775,4841285.609339331,920302.1757614169,13493485.783832766,13831527.18134006,3351726.2268744037,37305282.79634052,3.0452533872699914,3288.873658251591,2321.357487101569,5144.307377100851,0.7058214234765203,1.5641547568098535,2.138852798413698,4.739862899423798,18.0,0.5880360244039813,8.254999999999894e-05,True,True,True,True,False
3.6576,0.012,0.010634900000000001,0.0006000000000000001,13215,UO2,Hastelloy,Zircaloy,Zircaloy,SS316,Light Water Reactor,mean,fixed_core_power,870.0,0.9,45.0,True,0.3,0.0,6.1047164401782705,30310701.357239414,66251468.51866683,4965128.463256563,909321.0407171823,12999934.443610158,13325611.298147362,3985155.6154818954,35940767.16142742,2.9338671291390233,3168.5764994701453,2293.658823854666,5013.35365256654,0.7238767390461349,1.582210072379468,2.1935658758973786,4.7945759769074785,18.0,0.6995072012040398,8.254999999999981e-05,True,True,True,True,False
3.6576,0.012,0.0104349,0.0007000000000000001,13215,UO2,Hastelloy,Zircaloy,Zircaloy,SS316,Light Water Reactor,mean,fixed_core_power,870.0,0.9,45.0,True,0.3,0.0,5.877264794324406,29951661.859744433,64553335.43275967,5096190.644442011,898549.855792333,12515578.370045317,12829121.043198852,4606962.446500265,34601673.573015235,2.824556088441491,3050.52057551681,2266.489735886828,4884.85322987209,0.7429845758384521,1.6013179091717855,2.2514684116316728,4.852478512641774,18.0,0.8089330353105201,8.254999999999981e-05,True,True,True,True,False
3.6576,0.012,0.0102349,0.0008,13215,UO2,Hastelloy,Zircaloy,Zircaloy,SS316,Light Water Reactor,mean,fixed_core_power,870.0,0.9,45.0,True,0.3,0.0,5.654131208363923,29599620.699562293,62887622.73066626,5235043.123119745,887988.6209868687,12040417.563138252,12342056.416494533,5217146.719929505,33288002.031103965,2.7173202651773947,2934.705886391587,2239.8502231980547,4758.8061090175,0.7632281768283422,1.6215615101616754,2.3128126570555825,4.913822758065683,18.0,0.9163135267234213,8.254999999999981e-05,True,True,True,True,False
3.6576,0.008,0.0070349,0.0004,13215,UO2,Hastelloy,Zircaloy,Zircaloy,SS316,Light Water Reactor,high,fixed_core_power,870.0,0.9,45.0,True,0.3,0.0,2.671249978495921,19763277.82550345,35489933.510150835,7398513.04992107,592898.3347651035,9649753.779317617,8336654.372638321,1776869.673547511,15726655.684647383,1.283776663899175,1386.4787970111088,1495.5185641697653,2685.579531604301,1.0786451025386887,1.9369784358720226,3.2686215228445112,5.869631623854613,18.0,0.31089208942401797,8.254999999999981e-05,True,True,True,True,False
3.6576,0.008,0.0068349000000000005,0.0005,13215,UO2,Hastelloy,Zircaloy,Zircaloy,SS316,Light Water Reactor,high,fixed_core_power,870.0,0.9,45.0,True,0.3,0.0,2.5215234107229043,19167720.1993891,34012879.13264068,7601642.767970114,575031.605981673,9108874.219237862,7869375.512189672,2189470.467961566,14845158.93325158,1.2118195370034934,1308.765099963773,1450.451774452448,2573.8084852546867,1.1082598202630838,1.9665931535964172,3.3583630917063143,5.9593731927164155,18.0,0.3835017550460744,8.254999999999981e-05,True,True,True,True,False
3.6576,0.008,0.006634900000000001,0.0006000000000000001,13215,UO2,Hastelloy,Zircaloy,Zircaloy,SS316,Light Water Reactor,high,fixed_core_power,870.0,0.9,45.0,True,0.3,0.0,2.3761149028432684,18589614.938771136,32578699.167127825,7823533.666880642,557688.448163134,8583593.42943828,7415572.804546363,2590448.704786495,13989084.228356691,1.1419376275412483,1233.2926377445483,1406.705632899821,2465.281813630558,1.1406097708265017,1.998943104159835,3.456393244928793,6.057403345938893,18.0,0.45406607797455234,8.254999999999981e-05,True,True,True,True,False
3.6576,0.008,0.0064349,0.0007000000000000001,13215,UO2,Hastelloy,Zircaloy,Zircaloy,SS316,Light Water Reactor,high,fixed_core_power,870.0,0.9,45.0,True,0.3,0.0,2.235024454857011,18028962.043649543,31187393.61361225,8066561.421495933,540868.8613094863,8073911.409918863,6975246.249708385,2979804.3840222964,13158431.569962705,1.0741309355124387,1160.0614103534335,1364.2801395118836,2359.9995167319144,1.176041308965041,2.0343746422983746,3.5637615423183058,6.164771643328407,18.0,0.5225850582094512,8.254999999999981e-05,True,True,True,True,False
3.6576,0.008,0.006234900000000001,0.0008,13215,UO2,Hastelloy,Zircaloy,Zircaloy,SS316,Light Water Reactor,high,fixed_core_power,870.0,0.9,45.0,True,0.3,0.0,2.0982520667641356,17485761.51402434,29838962.472093977,8333489.474880099,524572.8454207302,7579828.160679622,6548395.847675749,3357537.5056689675,12353200.958069637,1.008399460917066,1089.071417790431,1323.1752942886371,2257.961594558757,1.2149573229762738,2.073290656309607,3.6816888575038598,6.2826989585139605,18.0,0.5890586957507707,8.254999999999981e-05,True,True,True,True,False
3.6576,0.0085,0.007534900000000001,0.0004,13215,UO2,Hastelloy,Zircaloy,Zircaloy,SS316,Light Water Reactor,high,fixed_core_power,870.0,0.9,45.0,True,0.3,0.0,3.064457909962003,22527102.241214827,40568721.257793196,7351088.80692512,675813.0672364448,11070197.299492747,9563809.69228329,1893095.249438794,18041619.01657837,1.472748557409662,1590.5684420024347,1704.6615392519732,3069.89945197073,1.0717310203300034,1.9300643536633368,3.2476697585757677,5.848679859585869,18.0,0.3313455163598085,8.254999999999981e-05,True,True,True,True,False
3.6576,0.0085,0.007334900000000001,0.0005,13215,UO2,Hastelloy,Zircaloy,Zircaloy,SS316,Light Water Reactor,high,fixed_core_power,870.0,0.9,45.0,True,0.3,0.0,2.903936192455536,21887913.70135954,38984480.85028984,7537325.9778312715,656637.4110407862,10490320.813712569,9062840.4498213,2334752.437825671,17096567.148930296,1.3956033869303903,1507.2516578848215,1656.2931291229315,2950.0174688074035,1.0988829373372626,1.957216270670596,3.329948294961402,5.930958395971503,18.0,0.40906853871581283,8.254999999999981e-05,True,True,True,True,False
3.6576,0.0085,0.007134900000000001,0.0006000000000000001,13215,UO2,Hastelloy,Zircaloy,Zircaloy,SS316,Light Water Reactor,high,fixed_core_power,870.0,0.9,45.0,True,0.3,0.0,2.747732534842448,21266177.527000625,37443114.85478375,7739536.96632995,637985.3258100187,9926043.098212559,8575347.360164648,2764787.068623421,16176937.327783128,1.3205334338845547,1426.176108595319,1609.2453671585793,2833.3798603695614,1.12836371150795,1.9866970448412833,3.4192839742665146,6.020294075276616,18.0,0.48474621837823834,8.254999999999981e-05,True,True,True,True,False
3.6576,0.0085,0.006934900000000001,0.0007000000000000001,13215,UO2,Hastelloy,Zircaloy,Zircaloy,SS316,Light Water Reactor,high,fixed_core_power,870.0,0.9,45.0,True,0.3,0.0,2.595846937122741,20661893.718138095,35944623.27127497,7959596.316198795,619856.8115441428,9377364.15299272,8101330.423313332,3183199.141832041,15282729.553136872,1.247538698272155,1347.3417941339274,1563.5182533589175,2719.9866266572053,1.1604466366041504,2.018779969937484,3.5165049594065163,6.1175150604166175,18.0,0.5583785553470846,8.254999999999981e-05,True,True,True,True,False
3.6576,0.0085,0.006734900000000001,0.0008,13215,UO2,Hastelloy,Zircaloy,Zircaloy,SS316,Light Water Reactor,high,fixed_core_power,870.0,0.9,45.0,True,0.3,0.0,2.4482793992964136,20075062.274771936,34489006.09976346,8199661.476766543,602251.8682431581,8844283.978053052,7640789.6392673515,3589988.6574515323,14413943.824991524,1.1766191800931916,1270.7487145006467,1519.1117877239453,2609.837767670334,1.1954462517956552,2.053779585128989,3.622564399380773,6.223574500390875,18.0,0.6299655496223517,8.254999999999981e-05,True,True,True,True,False
3.6576,0.009000000000000001,0.008034900000000001,0.0004,13215,UO2,Hastelloy,Zircaloy,Zircaloy,SS316,Light Water Reactor,high,fixed_core_power,870.0,0.9,45.0,True,0.3,0.0,3.4846537157617132,25472644.926210634,45988115.06535068,7309950.142533043,764179.347786319,12588133.13391894,10875190.966961617,2009320.8253300774,20515470.139140047,1.674690559879125,1808.6658046694554,1927.5554238524885,3479.9935728604373,1.0657333261214395,1.9240666594547726,3.2294949276407254,5.830505028650826,18.0,0.35179894329559913,8.254999999999981e-05,True,True,True,True,False
3.6576,0.009000000000000001,0.007834900000000002,0.0005,13215,UO2,Hastelloy,Zircaloy,Zircaloy,SS316,Light Water Reactor,high,fixed_core_power,870.0,0.9,45.0,True,0.3,0.0,3.3133368485217947,24789825.472614404,44296688.6278541,7481830.7361879265,743694.7641784321,11969259.72243834,10340531.342486287,2480034.4076897777,19506863.155239698,1.5923573458162632,1719.745933481564,1875.8853933117218,3352.000652883398,1.0907921669069216,1.9491255002402552,3.305430808808853,5.906440909818955,18.0,0.4346353223855515,8.254999999999894e-05,True,True,True,True,False
3.6576,0.009000000000000001,0.007634900000000002,0.0006000000000000001,13215,UO2,Hastelloy,Zircaloy,Zircaloy,SS316,Light Water Reactor,high,fixed_core_power,870.0,0.9,45.0,True,0.3,0.0,3.1463380411752557,24124458.384514533,42648136.60235478,7667471.857379728,723733.7515354359,11365985.081237901,9819347.870816289,2939125.4324603435,18523678.21784025,1.5120993491868369,1633.067297121784,1825.5360109356438,3227.252107631841,1.117857184546576,1.9761905178799088,3.3874460137775024,5.988456114787602,18.0,0.5154263587819239,8.254999999999981e-05,True,True,True,True,False
3.6576,0.009000000000000001,0.007434900000000001,0.0007000000000000001,13215,UO2,Hastelloy,Zircaloy,Zircaloy,SS316,Light Water Reactor,high,fixed_core_power,870.0,0.9,45.0,True,0.3,0.0,2.9836572937220973,23476543.66191105,41042458.98885277,7868378.084610443,704296.3098573316,10778309.210317638,9311640.55195163,3386593.8996417862,17565915.32694172,1.4339165699908467,1548.6298955901143,1776.5072767242566,3105.7479371057716,1.147147734770617,2.0054810681039505,3.4762052568806574,6.077215357890759,18.0,0.5941720524847182,8.254999999999981e-05,True,True,True,True,False
3.6576,0.009000000000000001,0.007234900000000002,0.0008,13215,UO2,Hastelloy,Zircaloy,Zircaloy,SS316,Light Water Reactor,high,fixed_core_power,870.0,0.9,45.0,True,0.3,0.0,2.82529460616232,22846081.304803945,39479655.78734805,8086265.147349162,685382.4391441183,10206232.109677542,8817409.385892307,3822439.8092340985,16633574.482544098,1.357809008228293,1466.4337288865565,1728.7991906775592,2987.488141305187,1.178913957462103,2.0372472907954364,3.5724665377639484,6.17347663877405,18.0,0.670872403493933,8.254999999999981e-05,True,True,True,True,False
3.6576,0.0095,0.0085349,0.0004,13215,UO2,Hastelloy,Zircaloy,Zircaloy,SS316,Light Water Reactor,high,fixed_core_power,870.0,0.9,45.0,True,0.3,0.0,3.931837395895048,28599905.880490843,51748114.93282325,7273928.955035112,857997.1764147253,14203561.282596191,12270798.196673293,2125546.401221362,23148209.052332405,1.8896026713075635,2040.7708850121685,2164.2002179713086,3915.86189427342,1.0604817198567609,1.9188150531900945,3.2135809692629116,5.814591070273013,18.0,0.37225237023138996,8.254999999999981e-05,True,True,True,True,False
3.6576,0.0095,0.0083349,0.0005,13215,UO2,Hastelloy,Zircaloy,Zircaloy,SS316,Light Water Reactor,high,fixed_core_power,870.0,0.9,45.0,True,0.3,0.0,3.749725378921677,27873455.513153657,49949502.46533343,7433465.839882209,836203.6653946097,13545690.94541516,11702448.190184616,2625316.3775538784,22076046.95217977,1.8020814136611105,1946.2479267539989,2109.228567018816,3779.758037482666,1.0837409448325737,1.9420742781659075,3.284063469189617,5.88507357019972,18.0,0.4602021060552892,8.255000000000068e-05,True,True,True,True,False
3.6576,0.0095,0.0081349,0.0006000000000000001,13215,UO2,Hastelloy,Zircaloy,Zircaloy,SS316,Light Water Reactor,high,fixed_core_power,870.0,0.9,45.0,True,0.3,0.0,3.5719314218416893,27164457.511312857,48193764.40984092,7604977.336688858,814933.7253393857,12903419.378514305,11147574.336501282,3113463.7962972703,21029306.89852806,1.7166353734480946,1853.9662033239422,2055.5775642310145,3646.8985554173983,1.1087459741960815,1.9670793075294146,3.359836285442671,5.960846386452771,18.0,0.5461064991856102,8.254999999999981e-05,True,True,True,True,False
3.6576,0.0095,0.0079349,0.0007000000000000001,13215,UO2,Hastelloy,Zircaloy,Zircaloy,SS316,Light Water Reactor,high,fixed_core_power,870.0,0.9,45.0,True,0.3,0.0,3.3984555246550796,26472911.874968424,46480900.76634567,7789689.075791347,794187.3562490527,12276746.581893612,10606176.635623278,3589988.6574515346,20007988.891377248,1.633264550668514,1763.9257147219948,2003.247209607902,3517.283448077614,1.1356754952255037,1.9940088285588369,3.441440894622738,6.042450995632839,18.0,0.6299655496223521,8.254999999999981e-05,True,True,True,True,False
3.6576,0.0095,0.0077349,0.0008,13215,UO2,Hastelloy,Zircaloy,Zircaloy,SS316,Light Water Reactor,high,fixed_core_power,870.0,0.9,45.0,True,0.3,0.0,3.229297687361852,25798818.60412038,44810911.53484774,7988987.421347491,773964.5581236114,11665672.555553095,10078255.087550618,4054890.96101667,19012092.930727355,1.55196894532237,1676.1264609481598,1952.2375031494803,3390.912715463317,1.1647316289280039,2.023064962261337,3.5294897846303144,6.130499885640415,18.0,0.7117792573655148,8.254999999999938e-05,True,True,True,True,False
3.6576,0.01,0.0090349,0.0004,13215,UO2,Hastelloy,Zircaloy,Zircaloy,SS316,Light Water Reactor,high,fixed_core_power,870.0,0.9,45.0,True,0.3,0.0,4.406008950362012,31908885.10405548,57848720.860210925,7242128.979659413,957266.5531216643,15916481.745524507,13750631.381418325,2241771.9771126467,25939835.75615545,2.117484891694978,2286.8836830305763,2414.5959216084357,4377.50441620968,1.0558455331705439,1.914178866503877,3.1995319186986175,5.800542019708718,18.0,0.3927057971671808,8.254999999999981e-05,True,True,True,True,False
3.6576,0.01,0.0088349,0.0005,13215,UO2,Hastelloy,Zircaloy,Zircaloy,SS316,Light Water Reactor,high,fixed_core_power,870.0,0.9,45.0,True,0.3,0.0,4.2131017836551905,31138803.822977338,55942922.36272788,7390945.0618499005,934164.1146893201,15219614.48264305,13148590.992916306,2770598.3474179846,24804118.539750542,2.0247755904649347,2186.7576377021296,2356.3226502442176,4233.289622605213,1.0775417493089308,1.9358750826422642,3.265278028208881,5.866288129218982,18.0,0.48576888972502785,8.255000000000068e-05,True,True,True,True,False
3.6576,0.01,0.008634900000000001,0.0006000000000000001,13215,UO2,Hastelloy,Zircaloy,Zircaloy,SS316,Light Water Reactor,high,fixed_core_power,870.0,0.9,45.0,True,0.3,0.0,4.02451267684175,30386174.907395598,54079998.277242154,7550274.367936952,911585.2472218679,14538345.99004177,12560026.757219631,3287802.1601341977,23693823.369846556,1.9341415066683285,2088.8728272017943,2299.3700270446916,4092.319203726232,1.100770710931634,1.9591040442649676,3.3356688210049517,5.936678922015053,18.0,0.5767866395892964,8.254999999999981e-05,True,True,True,True,False
3.6576,0.01,0.0084349,0.0007000000000000001,13215,UO2,Hastelloy,Zircaloy,Zircaloy,SS316,Light Water Reactor,high,fixed_core_power,870.0,0.9,45.0,True,0.3,0.0,3.8402416299216915,29650998.357310224,52259948.6037537,7721128.30772965,889529.9507193067,13872676.267720656,11984938.67432829,3793383.4152612803,22608950.246443477,1.8455826403051578,1993.2292515295708,2243.738052009854,3954.5931595727357,1.1256798736462688,1.9840132069796022,3.4111511322614203,6.012161233271521,18.0,0.6657590467599857,8.254999999999981e-05,True,True,True,True,False
3.6576,0.01,0.0082349,0.0008,13215,UO2,Hastelloy,Zircaloy,Zircaloy,SS316,Light Water Reactor,high,fixed_core_power,870.0,0.9,45.0,True,0.3,0.0,3.66028864289501,28933274.172721226,50482773.34226252,7904642.774247772,867998.2251816367,13222605.315679707,11423326.744242279,4287342.1127992375,21549499.169541296,1.7590989913754227,1899.8269106854564,2189.426725139707,3820.1114901447236,1.1524348417350099,2.0107681750683435,3.4922267931363935,6.093236894146495,18.0,0.7526861112370963,8.254999999999981e-05,True,True,True,True,False
3.6576,0.0105,0.0095349,0.0004,13215,UO2,Hastelloy,Zircaloy,Zircaloy,SS316,Light Water Reactor,high,fixed_core_power,870.0,0.9,45.0,True,0.3,0.0,4.907168379162603,35399582.59690453,64289932.84751372,7213851.219620344,1061987.4779071358,17726894.522703886,15314690.521196714,2357997.55300393,28890350.250609186,2.358337221041369,2547.004198724678,2678.742534763869,4864.921138669219,1.0517228578206326,1.9100561911539662,3.1870389630928257,5.788049064102927,18.0,0.4131592241029714,8.254999999999981e-05,True,True,True,True,False
3.6576,0.0105,0.0093349,0.0005,13215,UO2,Hastelloy,Zircaloy,Zircaloy,SS316,Light Water Reactor,high,fixed_core_power,870.0,0.9,45.0,True,0.3,0.0,4.70346606272233,34585870.402085446,62276948.320037454,7353273.08433207,1037576.1120625633,16991030.334122006,14678959.750681354,2915880.317282088,27691077.917952005,2.260439876227735,2441.275066325954,2617.1676429879262,4712.595408251037,1.0720494708229193,1.9303828041562527,3.2486347600694523,5.849644861079553,18.0,0.511335673394766,8.255000000000068e-05,True,True,True,True,False
3.6576,0.0105,0.009134900000000001,0.0006000000000000001,13215,UO2,Hastelloy,Zircaloy,Zircaloy,SS316,Light Water Reactor,high,fixed_core_power,870.0,0.9,45.0,True,0.3,0.0,4.50408180617544,33789610.57276276,60306838.20455851,7501997.527317248,1013688.3171828827,16270764.9158203,14056705.132971335,3462140.5239711213,26517227.631795745,2.1646177488475384,2337.787168755341,2556.913399376675,4563.514052558343,1.0937323266848105,1.9520656600181439,3.3143403838933647,5.915350484903466,18.0,0.6074667799929822,8.254999999999981e-05,True,True,True,True,False
3.6576,0.0105,0.0089349,0.0007000000000000001,13215,UO2,Hastelloy,Zircaloy,Zircaloy,SS316,Light Water Reactor,high,fixed_core_power,870.0,0.9,45.0,True,0.3,0.0,4.309015609521929,33010803.108936444,58379602.50107683,7660868.769189462,990324.0932680933,15566098.26779876,13447926.668066652,3996778.1730710296,25368799.39214039,2.0708708389007775,2236.5405060128396,2497.979803930113,4417.677071591133,1.1168945061421447,1.9752278394754779,3.3845288064913475,5.985538907501448,18.0,0.7015525438976199,8.254999999999981e-05,True,True,True,True,False
3.6576,0.0105,0.0087349,0.0008,13215,UO2,Hastelloy,Zircaloy,Zircaloy,SS316,Light Water Reactor,high,fixed_core_power,870.0,0.9,45.0,True,0.3,0.0,4.118267472761798,32249448.010606498,56495241.20959243,7830828.91626253,967483.4403181949,14877030.390057389,12852624.355967302,4519793.264581805,24245793.198985938,1.9791991463874523,2137.5350780984486,2440.3668566482406,4275.084465349409,1.1416733608971654,2.0000066942304984,3.4596162451429255,6.060626346153025,18.0,0.7935929651086777,8.254999999999981e-05,True,True,True,True,False
3.6576,0.011,0.0100349,0.0004,13215,UO2,Hastelloy,Zircaloy,Zircaloy,SS316,Light Water Reactor,high,fixed_core_power,870.0,0.9,45.0,True,0.3,0.0,5.4353156822968165,39071998.35903798,71071750.89473158,7188542.605960878,1172159.9507711395,19634799.61413432,16962975.616008446,2474223.1288952148,31999752.535693593,2.612159659346734,2821.132432094472,2956.640057437607,5378.11206165203,1.0480330606963146,1.9063663940296485,3.175857759685802,5.776867860695904,18.0,0.43361265103876223,8.254999999999981e-05,True,True,True,True,False
3.6576,0.011,0.0098349,0.0005,13215,UO2,Hastelloy,Zircaloy,Zircaloy,SS316,Light Water Reactor,high,fixed_core_power,870.0,0.9,45.0,True,0.3,0.0,5.220818216123097,38214655.25047797,68951580.33726212,7319667.850618176,1146439.657514339,18859938.49985202,16293554.463479752,3061162.2871461967,30736925.08678415,2.5090742709495113,2709.800212625472,2891.7635452499408,5217.675394420138,1.0671500916475936,1.9254834249809272,3.2337881565078592,5.834798257517961,18.0,0.536902457064505,8.254999999999894e-05,True,True,True,True,False
3.6576,0.011,0.0096349,0.0006000000000000001,13215,UO2,Hastelloy,Zircaloy,Zircaloy,SS316,Light Water Reactor,high,fixed_core_power,870.0,0.9,45.0,True,0.3,0.0,5.010638809842753,37374764.50741432,66874284.191789925,7459081.751012749,1121242.9352224295,18100676.155849885,15637609.463756388,3636478.887808044,29499519.684375606,2.4080640999857232,2600.7092279845806,2828.2076812269634,5060.483101913729,1.087475543514983,1.9458088768483166,3.2953804348938878,5.89639053590399,18.0,0.6381469203966676,8.254999999999981e-05,True,True,True,True,False
3.6576,0.011,0.0094349,0.0007000000000000001,13215,UO2,Hastelloy,Zircaloy,Zircaloy,SS316,Light Water Reactor,high,fixed_core_power,870.0,0.9,45.0,True,0.3,0.0,4.8047774634557925,36552326.12984706,64839862.45831503,7607496.165609537,1096569.7838954118,17357012.58212792,14995140.616838362,4200172.930880773,28287536.328467973,2.309129146455372,2493.859478171801,2765.9724653686762,4906.535184132806,1.1091131996724835,1.9674465330058168,3.3609490899166166,5.961959190926717,18.0,0.7373460410352528,8.254999999999981e-05,True,True,True,True,False
3.6576,0.011,0.009234899999999999,0.0008,13215,UO2,Hastelloy,Zircaloy,Zircaloy,SS316,Light Water Reactor,high,fixed_core_power,870.0,0.9,45.0,True,0.3,0.0,4.603234176962212,35747340.11777617,62848315.13683742,7765700.9710000735,1072420.203533285,16628947.778686127,14366147.922725674,4752244.416364372,27100975.019061252,2.2122694103584566,2389.250963187133,2705.057897675079,4755.831641077369,1.1321782179242805,1.990511551257614,3.4308430846190316,6.031853185629132,18.0,0.8344998189802589,8.254999999999981e-05,True,True,True,True,False
3.6576,0.0115,0.0105349,0.0004,13215,UO2,Hastelloy,Zircaloy,Zircaloy,SS316,Light Water Reactor,high,fixed_core_power,870.0,0.9,45.0,True,0.3,0.0,5.990450859764665,42926132.39045587,78194175.00186458,7165759.872728883,1287783.9717136761,21640197.019815832,18695486.66585355,2590448.7047864967,35268042.61140871,2.8789522066110775,3109.2683831399636,3248.2884896296537,5917.077185158122,1.044711517102714,1.903044850436047,3.16579247606883,5.766802577078931,18.0,0.45406607797455256,8.254999999999981e-05,True,True,True,True,False
3.6576,0.0115,0.010334900000000001,0.0005,13215,UO2,Hastelloy,Zircaloy,Zircaloy,SS316,Light Water Reactor,high,fixed_core_power,870.0,0.9,45.0,True,0.3,0.0,5.765158243857492,42025158.36815491,75966818.41440192,7289506.478496191,1260754.7510446473,20826338.979833107,17992375.131311513,3206444.2570102983,33941660.046247,2.7706787746302637,2992.3330766006843,3180.110357030262,5748.529581112518,1.0627528004479014,1.9210861337812355,3.2204630316603073,5.82147313267041,18.0,0.5624692407342429,8.254999999999894e-05,True,True,True,True,False
3.6576,0.0115,0.0101349,0.0006000000000000001,13215,UO2,Hastelloy,Zircaloy,Zircaloy,SS316,Light Water Reactor,high,fixed_core_power,870.0,0.9,45.0,True,0.3,0.0,5.544183687843699,41141636.71135031,73782336.23893647,7420684.2752267355,1234249.1013405093,20028079.71013054,17302739.749574803,3810817.2516449695,32640699.527586166,2.664480560082885,2877.6390048895164,3113.2528725955585,5583.226351792393,1.0818774930787707,1.9402108264121039,3.278416645693244,5.879426746703345,18.0,0.6688270608003537,8.254999999999981e-05,True,True,True,True,False
3.6576,0.0115,0.0099349,0.0007000000000000001,13215,UO2,Hastelloy,Zircaloy,Zircaloy,SS316,Light Water Reactor,high,fixed_core_power,870.0,0.9,45.0,True,0.3,0.0,5.327527191723285,40275567.420042105,71640728.47546837,7559898.987022203,1208267.0226012631,19245419.210708153,16626580.520643435,4403567.688690518,31365161.055426262,2.5603575629689432,2765.186168006459,3047.716036325547,5421.167497197757,1.1021739048126282,1.9605072381459614,3.339920923674631,5.9409310246847316,18.0,0.7731395381728864,8.254999999999981e-05,True,True,True,True,False
3.6576,0.0115,0.0097349,0.0008,13215,UO2,Hastelloy,Zircaloy,Zircaloy,SS316,Light Water Reactor,high,fixed_core_power,870.0,0.9,45.0,True,0.3,0.0,5.115188755496253,39426950.49423027,69541995.12399754,7707819.276828474,1182808.514826908,18478357.48156593,15963897.444517402,4984695.568146939,30115044.62976726,2.4583097832884375,2654.974565951513,2983.499848220225,5262.353017328607,1.1237395214560078,1.9820728547893411,3.405271277139417,6.006281378149518,18.0,0.8754066728518402,8.254999999999981e-05,True,True,True,True,False
3.6576,0.012,0.0110349,0.0004,13215,UO2,Hastelloy,Zircaloy,Zircaloy,SS316,Light Water Reactor,high,fixed_core_power,870.0,0.9,45.0,True,0.3,0.0,6.5725739115661375,46961984.691158175,85657205.16891268,7145143.641293476,1408859.540734745,23743086.739748396,20512223.670732003,2706674.280677778,38695220.47775451,3.1587148628343953,3411.4120518611476,3553.6878313400057,6481.81650918749,1.0417058324576292,1.9000391657909623,3.156684340780694,5.757694441790795,18.0,0.47451950491034295,8.254999999999981e-05,True,True,True,True,False
3.6576,0.012,0.010834900000000001,0.0005,13215,UO2,Hastelloy,Zircaloy,Zircaloy,SS316,Light Water Reactor,high,fixed_core_power,870.0,0.9,45.0,True,0.3,0.0,6.336486145925514,46017379.75511627,83322662.55145678,7262286.80933933,1380521.392653488,22890231.774065245,19775421.75417662,3351726.2268744037,37305282.79634052,3.0452533872699914,3288.873658251591,3482.208078328889,6305.157968328171,1.058784386439483,1.9171177197728162,3.2084375346650997,5.8094476356752,18.0,0.5880360244039813,8.254999999999894e-05,True,True,True,True,False
3.6576,0.012,0.010634900000000001,0.0006000000000000001,13215,UO2,Hastelloy,Zircaloy,Zircaloy,SS316,Light Water Reactor,high,fixed_core_power,870.0,0.9,45.0,True,0.3,0.0,6.1047164401782705,45090227.18457073,81030994.34599815,7386129.663256562,1352706.8155371218,22052975.57866226,19052095.990426574,3985155.6154818954,35940767.16142742,2.9338671291390233,3168.5764994701453,3412.0489734824614,6131.743802194336,1.0768397020090978,1.935173035342431,3.263150612148781,5.864160713158881,18.0,0.6995072012040398,8.254999999999981e-05,True,True,True,True,False
3.6576,0.012,0.0104349,0.0007000000000000001,13215,UO2,Hastelloy,Zircaloy,Zircaloy,SS316,Light Water Reactor,high,fixed_core_power,870.0,0.9,45.0,True,0.3,0.0,5.877264794324406,44180526.97952157,78782200.55253682,7517191.844442011,1325415.809385647,21231318.153539445,18342246.379481863,4606962.446500265,34601673.573015235,2.824556088441491,3050.52057551681,3343.2105168007242,5961.5740107859865,1.095947538801415,1.9542808721347487,3.3210531478830756,5.922063248893178,18.0,0.8089330353105201,8.254999999999981e-05,True,True,True,True,False
3.6576,0.012,0.0102349,0.0008,13215,UO2,Hastelloy,Zircaloy,Zircaloy,SS316,Light Water Reactor,high,fixed_core_power,870.0,0.9,45.0,True,0.3,0.0,5.654131208363923,43288279.1399688,76576281.17107277,7656044.323119745,1298648.374199064,20425259.4986968,17645872.92134249,5217146.719929505,33288002.031103965,2.7173202651773947,2934.705886391587,3275.6927082836773,5794.648594103122,1.1161911397913051,1.9745244731246383,3.3823973933069853,5.983407494317086,18.0,0.9163135267234213,8.254999999999981e-05,True,True,True,True,False
3.6576,0.008,0.0070349,0.0004,13215,MOX,Zircaloy,Zircaloy,Zircaloy,SS316,Light Water Reactor,low,fixed_core_power,870.0,0.9,45.0,True,0.3,0.0,2.671249978495921,26481748.984131917,42208404.6687793,9913616.91991207,794452.4695239575,15439861.468668785,9761723.496166239,1280164.019296891,15726655.684647383,1.283776663899175,1386.4787970111088,2003.9159276679468,3193.976895102482,1.4453274958029458,2.3036608291362795,4.379780290311957,6.980790391322059,18.0,0.22880260513790085,8.254999999999981e-05,True,True,True,True,False
3.6576,0.008,0.0068349000000000005,0.0005,13215,MOX,Zircaloy,Zircaloy,Zircaloy,SS316,Light Water Reactor,low,fixed_core_power,870.0,0.9,45.0,True,0.3,0.0,2.5215234107229043,25365765.664340362,40210924.597591944,10059698.655372849,760972.9699302108,14574439.85586402,9214567.90743577,1576757.9010405715,14845158.93325158,1.2118195370034934,1308.765099963773,1919.4677006689642,3042.824411471203,1.4666250656608244,2.324958398994158,4.444318380790377,7.045328481800478,18.0,0.2822400556799761,8.254999999999981e-05,True,True,True,True,False
3.6576,0.008,0.006634900000000001,0.0006000000000000001,13215,MOX,Zircaloy,Zircaloy,Zircaloy,SS316,Light Water Reactor,low,fixed_core_power,870.0,0.9,45.0,True,0.3,0.0,2.3761149028432684,24282165.801322144,38271250.02967884,10219272.549600193,728464.9740396643,13733976.688395306,8683192.0873748,1864997.0255520376,13989084.228356691,1.1419376275412483,1233.2926377445483,1837.4699811821524,2896.0461619128896,1.4898896863136446,2.3482230196469778,4.514817231253469,7.115827332263569,18.0,0.3341722259250919,8.254999999999981e-05,True,True,True,True,False
3.6576,0.008,0.0064349,0.0007000000000000001,13215,MOX,Zircaloy,Zircaloy,Zircaloy,SS316,Light Water Reactor,low,fixed_core_power,870.0,0.9,45.0,True,0.3,0.0,2.235024454857011,23230949.395077243,36389380.965039946,10394047.073889166,696928.4818523172,12918471.966262631,8167596.035983323,2144881.3928312873,13158431.569962705,1.0741309355124387,1160.0614103534335,1757.9227692075099,2753.6421464275404,1.5153704394596896,2.373703772793023,4.592031634726332,7.193041735736433,18.0,0.3845991158732478,8.254999999999981e-05,True,True,True,True,False
3.6576,0.008,0.006234900000000001,0.0008,13215,MOX,Zircaloy,Zircaloy,Zircaloy,SS316,Light Water Reactor,low,fixed_core_power,870.0,0.9,45.0,True,0.3,0.0,2.0982520667641356,22212116.44560568,34565317.40367532,10586009.563598607,666363.4933681703,12127925.689466013,7667779.753261347,2416411.0028783195,12353200.958069637,1.008399460917066,1089.071417790431,1680.8260647450381,2615.6123650151585,1.543357062987836,2.4016903963211695,4.676839584811624,7.277849685821725,18.0,0.4335207255244436,8.254999999999981e-05,True,True,True,True,False
3.6576,0.0085,0.007534900000000001,0.0004,13215,MOX,Zircaloy,Zircaloy,Zircaloy,SS316,Light Water Reactor,low,fixed_core_power,870.0,0.9,45.0,True,0.3,0.0,3.064457909962003,30274969.246566415,48316588.26314478,9879388.177644052,908249.0773969924,17712608.6990259,11198648.95592146,1363711.5916190546,18041619.01657837,1.472748557409662,1590.5684420024347,2290.954918393221,3656.1928311119777,1.4403372139768091,2.298670547310143,4.364658224172149,6.965668325182251,18.0,0.24385540810749953,8.254999999999981e-05,True,True,True,True,False
3.6576,0.0085,0.007334900000000001,0.0005,13215,MOX,Zircaloy,Zircaloy,Zircaloy,SS316,Light Water Reactor,low,fixed_core_power,870.0,0.9,45.0,True,0.3,0.0,2.903936192455536,29078027.284841552,46174594.43377185,10013314.810561832,872340.8185452465,16784790.972881023,10612043.945517251,1681192.3664432766,17096567.148930296,1.3956033869303903,1507.2516578848215,2200.380422613814,3494.104762298286,1.4598626653373095,2.318195998670643,4.423826258597908,7.024836359608008,18.0,0.3010560593919746,8.254999999999981e-05,True,True,True,True,False
3.6576,0.0085,0.007134900000000001,0.0006000000000000001,13215,MOX,Zircaloy,Zircaloy,Zircaloy,SS316,Light Water Reactor,low,fixed_core_power,870.0,0.9,45.0,True,0.3,0.0,2.747732534842448,27913468.77989001,44090406.10767314,10158728.488284444,837404.0633967002,15881931.692072187,10041218.703782536,1990318.3840352837,16176937.327783128,1.3205334338845547,1426.176108595319,2112.2564343465765,3336.390927557559,1.4810628376231862,2.33939617095652,4.488069204918746,7.0890793059288475,18.0,0.35675143037949003,8.254999999999981e-05,True,True,True,True,False
3.6576,0.0085,0.006934900000000001,0.0007000000000000001,13215,MOX,Zircaloy,Zircaloy,Zircaloy,SS316,Light Water Reactor,low,fixed_core_power,870.0,0.9,45.0,True,0.3,0.0,2.595846937122741,26781293.731711794,42064023.28484867,10316977.225705152,803438.8119513538,15004030.8565994,9486173.23071732,2291089.644395073,15282729.553136872,1.247538698272155,1347.3417941339274,2026.582953591509,3183.051326889797,1.5041342608199864,2.36246759415332,4.557982608545413,7.158992709555514,18.0,0.4109415210700454,8.254999999999981e-05,True,True,True,True,False
3.6576,0.0085,0.006734900000000001,0.0008,13215,MOX,Zircaloy,Zircaloy,Zircaloy,SS316,Light Water Reactor,low,fixed_core_power,870.0,0.9,45.0,True,0.3,0.0,2.4482793992964136,25681502.140306905,40095445.96529843,10489612.479559014,770445.0642092071,14151088.466462659,8946907.5263216,2583506.147522646,14413943.824991524,1.1766191800931916,1270.7487145006467,1943.3599803486118,3034.0859602950004,1.5293031251361717,2.387636458469505,4.634251894352035,7.235261995362136,18.0,0.4636263314636409,8.254999999999981e-05,True,True,True,True,False
3.6576,0.009000000000000001,0.008034900000000001,0.0004,13215,MOX,Zircaloy,Zircaloy,Zircaloy,SS316,Light Water Reactor,low,fixed_core_power,870.0,0.9,45.0,True,0.3,0.0,3.4846537157617132,34322803.34653557,54838273.48567562,9849702.76710348,1029684.1003960671,20141346.212733313,12734197.969861038,1447259.1639412183,20515470.139140047,1.674690559879125,1808.6658046694554,2597.2609418490783,4149.699090857028,1.4360093142379853,2.2943426475713187,4.351543376478743,6.952553477488844,18.0,0.2589082110770982,8.254999999999981e-05,True,True,True,True,False
3.6576,0.009000000000000001,0.007834900000000002,0.0005,13215,MOX,Zircaloy,Zircaloy,Zircaloy,SS316,Light Water Reactor,low,fixed_core_power,870.0,0.9,45.0,True,0.3,0.0,3.3133368485217947,33044902.742877394,52551765.898117095,9973300.106090927,991347.0822863218,19151132.37324832,12108143.537783088,1785626.8318459834,19506863.155239698,1.5923573458162632,1719.745933481564,2500.5601772892464,3976.6754368609227,1.4540288356588533,2.312362168992187,4.40614798684501,7.007158087855112,18.0,0.3198720631039733,8.254999999999894e-05,True,True,True,True,False
3.6576,0.009000000000000001,0.007634900000000002,0.0006000000000000001,13215,MOX,Zircaloy,Zircaloy,Zircaloy,SS316,Light Water Reactor,low,fixed_core_power,870.0,0.9,45.0,True,0.3,0.0,3.1463380411752557,31799385.59599252,50323063.813832775,10106792.461535523,953981.5678797755,18185876.979099363,11497868.874374628,2115639.7425185274,18523678.21784025,1.5120993491868369,1633.067297121784,2406.309920241583,3808.0260169377807,1.4734909727741217,2.331824306107455,4.46512415992158,7.0661342609316815,18.0,0.3793306348338878,8.254999999999981e-05,True,True,True,True,False
3.6576,0.009000000000000001,0.007434900000000001,0.0007000000000000001,13215,MOX,Zircaloy,Zircaloy,Zircaloy,SS316,Light Water Reactor,low,fixed_core_power,870.0,0.9,45.0,True,0.3,0.0,2.9836572937220973,30586251.905880984,48152167.2328227,10251261.755241599,917587.5571764294,17245580.030286457,10903373.979635669,2437297.8959588595,17565915.32694172,1.4339165699908467,1548.6298955901143,2314.5101707060903,3643.750831087605,1.4945534612865865,2.35288679461992,4.528949882686626,7.129959983696726,18.0,0.43728392626684315,8.254999999999981e-05,True,True,True,True,False
3.6576,0.009000000000000001,0.007234900000000002,0.0008,13215,MOX,Zircaloy,Zircaloy,Zircaloy,SS316,Light Water Reactor,low,fixed_core_power,870.0,0.9,45.0,True,0.3,0.0,2.82529460616232,29405501.672542777,46039076.155086875,10407941.744696539,882165.0501762832,16330241.526809597,10324658.853566207,2750601.292166974,16633574.482544098,1.357809008228293,1466.4337288865565,2225.160928682768,3483.8498793103954,1.5173961733492742,2.375729506682607,4.598170222270528,7.199180323280627,18.0,0.49373193740283833,8.254999999999981e-05,True,True,True,True,False
3.6576,0.0095,0.0085349,0.0004,13215,MOX,Zircaloy,Zircaloy,Zircaloy,SS316,Light Water Reactor,low,fixed_core_power,870.0,0.9,45.0,True,0.3,0.0,3.931837395895048,38625251.28403936,61773460.336371765,9823715.325655442,1158757.5385211809,22726074.009791017,14368370.537984967,1530806.7362633827,23148209.052332405,1.8896026713075635,2040.7708850121685,2922.8339980355177,4674.495674337629,1.432220549352893,2.2905538826862264,4.340062270766342,6.9410723717764435,18.0,0.2739610140466971,8.254999999999981e-05,True,True,True,True,False
3.6576,0.0095,0.0083349,0.0005,13215,MOX,Zircaloy,Zircaloy,Zircaloy,SS316,Light Water Reactor,low,fixed_core_power,870.0,0.9,45.0,True,0.3,0.0,3.749725378921677,37266392.03844784,59342438.99062762,9938432.357722336,1117991.7611534353,21673464.05696589,13702866.684233269,1890061.2972486853,22076046.95217977,1.8020814136611105,1946.2479267539989,2820.0069646952584,4490.536435159108,1.4489453917613346,2.3072787250946685,4.390743611397983,6.9917537124080855,18.0,0.33868806681597124,8.255000000000068e-05,True,True,True,True,False
3.6576,0.0095,0.0081349,0.0006000000000000001,13215,MOX,Zircaloy,Zircaloy,Zircaloy,SS316,Light Water Reactor,low,fixed_core_power,870.0,0.9,45.0,True,0.3,0.0,3.5719314218416893,35939916.249629684,56969223.148157746,10061759.87306583,1078197.4874888905,20645812.54947683,13053142.599151075,2240961.1010017744,21029306.89852806,1.7166353734480946,1853.9662033239422,2719.6304388671724,4310.951430053557,1.4669255750138253,2.3252589083471586,4.4452290151934095,7.046239116203511,18.0,0.4019098392882861,8.254999999999981e-05,True,True,True,True,False
3.6576,0.0095,0.0079349,0.0007000000000000001,13215,MOX,Zircaloy,Zircaloy,Zircaloy,SS316,Light Water Reactor,low,fixed_core_power,870.0,0.9,45.0,True,0.3,0.0,3.3984555246550796,34645823.91758482,54653812.80896207,10194579.174638791,1039374.7175275446,19643119.487323802,12419198.282738369,2583506.1475226474,20007988.891377248,1.633264550668514,1763.9257147219948,2621.704420551254,4135.740659020967,1.486289586160067,2.3446229194934003,4.503907836848687,7.104917937858788,18.0,0.4636263314636411,8.254999999999981e-05,True,True,True,True,False
3.6576,0.0095,0.0077349,0.0008,13215,MOX,Zircaloy,Zircaloy,Zircaloy,SS316,Light Water Reactor,low,fixed_core_power,870.0,0.9,45.0,True,0.3,0.0,3.229297687361852,33384115.042313304,52396207.973040655,10337887.142757092,1001523.451269399,18665384.87050683,11801033.734995168,2917696.436811304,19012092.930727355,1.55196894532237,1676.1264609481598,2526.228909747507,3964.9041220613435,1.5071827625216636,2.365516095854997,4.56722049248989,7.16823059349999,18.0,0.5238375433420362,8.254999999999938e-05,True,True,True,True,False
3.6576,0.01,0.0090349,0.0004,13215,MOX,Zircaloy,Zircaloy,Zircaloy,SS316,Light Water Reactor,low,fixed_core_power,870.0,0.9,45.0,True,0.3,0.0,4.406008950362012,43182313.05907781,69122148.81523326,9800777.42591281,1295469.3917723342,25466792.090199012,16101166.660293251,1614354.3085855476,25939835.75615545,2.117484891694978,2286.8836830305763,3267.6740869525393,5230.582581553785,1.4288763837005563,2.28720971703389,4.329928435456231,6.930938536466333,18.0,0.28901381701629597,8.254999999999981e-05,True,True,True,True,False
3.6576,0.01,0.0088349,0.0005,13215,MOX,Zircaloy,Zircaloy,Zircaloy,SS316,Light Water Reactor,low,fixed_core_power,870.0,0.9,45.0,True,0.3,0.0,4.2131017836551905,41742495.17155298,66546613.71130352,9907782.27421274,1252274.8551465892,24351786.024033774,15396213.384867812,1994495.7626513918,24804118.539750542,2.0247755904649347,2186.7576377021296,3158.7207848318562,5035.687757192851,1.4444768502791543,2.3028101836124875,4.377202576603498,6.978212677613598,18.0,0.35750407052796995,8.255000000000068e-05,True,True,True,True,False
3.6576,0.01,0.008634900000000001,0.0006000000000000001,13215,MOX,Zircaloy,Zircaloy,Zircaloy,SS316,Light Water Reactor,low,fixed_core_power,870.0,0.9,45.0,True,0.3,0.0,4.02451267684175,40335060.74080149,64028884.11064805,10022346.549658421,1210051.8222240447,23261738.40320459,14707039.878111875,2366282.459485022,23693823.369846556,1.9341415066683285,2088.8728272017943,3052.217990223344,4845.167166904885,1.4611794219718126,2.3195127553051464,4.4278164302176135,7.0288265312277165,18.0,0.4244890437426844,8.254999999999981e-05,True,True,True,True,False
3.6576,0.01,0.0084349,0.0007000000000000001,13215,MOX,Zircaloy,Zircaloy,Zircaloy,SS316,Light Water Reactor,low,fixed_core_power,870.0,0.9,45.0,True,0.3,0.0,3.8402416299216915,38960009.76682332,61568960.0132668,10145197.495715335,1168800.2930046995,22196649.227711454,14033646.140025433,2729714.399086434,22608950.246443477,1.8455826403051578,1993.2292515295708,2948.165703127001,4659.020810689883,1.4790901251647939,2.3374234584981273,4.482091288378163,7.083101389388264,18.0,0.4899687366604389,8.254999999999981e-05,True,True,True,True,False
3.6576,0.01,0.0082349,0.0008,13215,MOX,Zircaloy,Zircaloy,Zircaloy,SS316,Light Water Reactor,low,fixed_core_power,870.0,0.9,45.0,True,0.3,0.0,3.66028864289501,37617342.24961846,59166841.419159755,10277151.864139874,1128520.267488554,21156518.49755435,13376032.170608481,3084791.581455632,21549499.169541296,1.7590989913754227,1899.8269106854564,2846.5639235428275,4477.248688547844,1.4983280358502706,2.356661369183604,4.5403879874250626,7.141398088435164,18.0,0.5539431492812338,8.254999999999981e-05,True,True,True,True,False
3.6576,0.0105,0.0095349,0.0004,13215,MOX,Zircaloy,Zircaloy,Zircaloy,SS316,Light Water Reactor,low,fixed_core_power,870.0,0.9,45.0,True,0.3,0.0,4.907168379162603,47993988.67165092,76884338.9222601,9780383.504965644,1439819.6601495275,28363500.453957308,17932586.336785894,1697901.880907711,28890350.250609186,2.358337221041369,2547.004198724678,3631.781208600145,5817.9598125054945,1.4259031101788644,2.284236443512198,4.320918515693529,6.92192861670363,18.0,0.3040666199858947,8.254999999999981e-05,True,True,True,True,False
3.6576,0.0105,0.0093349,0.0005,13215,MOX,Zircaloy,Zircaloy,Zircaloy,SS316,Light Water Reactor,low,fixed_core_power,870.0,0.9,45.0,True,0.3,0.0,4.70346606272233,46473212.142192766,74164290.06014477,9880630.90547621,1394196.364265783,27186098.274451952,17188183.639686715,2098930.228054096,27691077.917952005,2.260439876227735,2441.275066325954,3516.7016376990364,5612.129402962147,1.4405183939356605,2.298851727268994,4.365207254350486,6.9662173553605875,18.0,0.37632007423996827,8.255000000000068e-05,True,True,True,True,False
3.6576,0.0105,0.009134900000000001,0.0006000000000000001,13215,MOX,Zircaloy,Zircaloy,Zircaloy,SS316,Light Water Reactor,low,fixed_core_power,870.0,0.9,45.0,True,0.3,0.0,4.50408180617544,44984819.06950795,71502046.70130369,9987567.05702599,1349544.5720852385,26033654.54028265,16459560.711257033,2491603.817968266,26517227.631795745,2.1646177488475384,2337.787168755341,3404.0725743100984,5410.673227491766,1.456108845067559,2.3144421784008924,4.412451045659269,7.01346114666937,18.0,0.44706824819708235,8.254999999999981e-05,True,True,True,True,False
3.6576,0.0105,0.0089349,0.0007000000000000001,13215,MOX,Zircaloy,Zircaloy,Zircaloy,SS316,Light Water Reactor,low,fixed_core_power,870.0,0.9,45.0,True,0.3,0.0,4.309015609521929,43528809.453596465,68897608.84573686,10101798.971766973,1305864.2836078939,24906169.251449395,15746717.551496848,2875922.6506502237,25368799.39214039,2.0708708389007775,2236.5405060128396,3293.8940184333305,5213.591286094352,1.4727629611794837,2.3310962945128173,4.462918064180253,7.063928165190355,18.0,0.5163111418572371,8.254999999999981e-05,True,True,True,True,False
3.6576,0.0105,0.0087349,0.0008,13215,MOX,Zircaloy,Zircaloy,Zircaloy,SS316,Light Water Reactor,low,fixed_core_power,870.0,0.9,45.0,True,0.3,0.0,4.118267472761798,42105183.29445829,66350976.493444234,10224004.043676564,1263155.4988337487,23803642.40795218,15049654.160406157,3251886.726099961,24245793.198985938,1.9791991463874523,2137.5350780984486,3186.165970068732,5020.883578769901,1.4905795009938014,2.348912834327135,4.516907578769095,7.117917679779196,18.0,0.5840487552204314,8.254999999999981e-05,True,True,True,True,False
3.6576,0.011,0.0100349,0.0004,13215,MOX,Zircaloy,Zircaloy,Zircaloy,SS316,Light Water Reactor,low,fixed_core_power,870.0,0.9,45.0,True,0.3,0.0,5.4353156822968165,53060278.12175864,85060030.65745223,9762133.650227435,1591808.3436527592,31416199.10106588,19862629.567462884,1781449.453229876,31999752.535693593,2.612159659346734,2821.132432094472,4015.1553629783307,6436.627367192753,1.4232424246731974,2.281575758006531,4.312855832343022,6.913865933353124,18.0,0.31911942295549356,8.254999999999981e-05,True,True,True,True,False
3.6576,0.011,0.0098349,0.0005,13215,MOX,Zircaloy,Zircaloy,Zircaloy,SS316,Light Water Reactor,low,fixed_core_power,870.0,0.9,45.0,True,0.3,0.0,5.220818216123097,51458542.95036719,82195468.03715134,9856413.462443737,1543756.2885110157,30176400.80822042,19078777.448689967,2203364.6934568034,30736925.08678415,2.5090742709495113,2709.800212625472,3893.9495232967984,6219.861372466995,1.4369876809198519,2.2953210142531852,4.354508123999551,6.955518225009652,18.0,0.39513607795196715,8.254999999999894e-05,True,True,True,True,False
3.6576,0.011,0.0096349,0.0006000000000000001,13215,MOX,Zircaloy,Zircaloy,Zircaloy,SS316,Light Water Reactor,low,fixed_core_power,870.0,0.9,45.0,True,0.3,0.0,5.010638809842753,49889191.23574904,79388710.92012465,9956652.859860538,1496675.7370724713,28961560.96071099,18310705.09858654,2616925.1764515107,29499519.684375606,2.4080640999857232,2600.7092279845806,3775.1941911274344,6007.4696118142,1.4516017978884248,2.309935131221758,4.39879332693462,6.999803427944721,18.0,0.46964745265148017,8.254999999999981e-05,True,True,True,True,False
3.6576,0.011,0.0094349,0.0007000000000000001,13215,MOX,Zircaloy,Zircaloy,Zircaloy,SS316,Light Water Reactor,low,fixed_core_power,870.0,0.9,45.0,True,0.3,0.0,4.8047774634557925,48352222.97790423,76639759.3063722,10063363.672024745,1450566.689337127,27771679.558537614,17558412.51715261,3022130.902214007,28287536.328467973,2.309129146455372,2493.859478171801,3658.8893664702405,5799.452085234369,1.4671593963074854,2.3254927296408185,4.445937564568137,7.046947665578237,18.0,0.5426535470540343,8.254999999999981e-05,True,True,True,True,False
3.6576,0.011,0.009234899999999999,0.0008,13215,MOX,Zircaloy,Zircaloy,Zircaloy,SS316,Light Water Reactor,low,fixed_core_power,870.0,0.9,45.0,True,0.3,0.0,4.603234176962212,46847638.17683276,73948613.195894,10177113.823861266,1405429.1453049828,26606756.601700287,16821899.704388183,3418981.8707442875,27100975.019061252,2.2122694103584566,2389.250963187133,3545.035049325218,5595.808792727506,1.4837432751711987,2.3420766085045317,4.496191742943027,7.097201843953126,18.0,0.6141543611596287,8.254999999999981e-05,True,True,True,True,False
3.6576,0.0115,0.0105349,0.0004,13215,MOX,Zircaloy,Zircaloy,Zircaloy,SS316,Light Water Reactor,low,fixed_core_power,870.0,0.9,45.0,True,0.3,0.0,5.990450859764665,58381181.40940105,93649224.02080977,9745707.422712179,1751435.4422820315,34624888.03152477,21891296.352324244,1864997.0255520383,35268042.61140871,2.8789522066110775,3109.2683831399636,4417.796550087102,7086.585245615571,1.4208476096957872,2.2791809430291203,4.305598817259961,6.906608918270061,18.0,0.33417222592509205,8.254999999999981e-05,True,True,True,True,False
3.6576,0.0115,0.010334900000000001,0.0005,13215,MOX,Zircaloy,Zircaloy,Zircaloy,SS316,Light Water Reactor,low,fixed_core_power,870.0,0.9,45.0,True,0.3,0.0,5.765158243857492,56698487.59607628,90640147.64232329,9834680.193988757,1700954.6278822883,33322693.62533919,21067994.811877582,2307799.1588595067,33941660.046247,2.7706787746302637,2992.3330766006843,4290.464441625144,6858.8836657074,1.4338191410493473,2.2921524743826813,4.344906488028325,6.945916589038428,18.0,0.4139520816639653,8.254999999999894e-05,True,True,True,True,False
3.6576,0.0115,0.0101349,0.0006000000000000001,13215,MOX,Zircaloy,Zircaloy,Zircaloy,SS316,Light Water Reactor,low,fixed_core_power,870.0,0.9,45.0,True,0.3,0.0,5.544183687843699,55048177.23952481,87688876.76711097,9928995.924183514,1651445.3171857442,32045457.66448964,20260473.04010041,2742246.5349347563,32640699.527586166,2.664480560082885,2877.6390048895164,4165.582840675354,6635.556319872188,1.4475696338551982,2.305902967188531,4.386574648046055,6.987584749056155,18.0,0.49222665710587826,8.254999999999981e-05,True,True,True,True,False
3.6576,0.0115,0.0099349,0.0007000000000000001,13215,MOX,Zircaloy,Zircaloy,Zircaloy,SS316,Light Water Reactor,low,fixed_core_power,870.0,0.9,45.0,True,0.3,0.0,5.327527191723285,53430250.339746684,84795411.39517295,10029090.123229142,1602907.5101924005,30793180.148976147,19468731.03699274,3168339.1537777935,31365161.055426262,2.5603575629689432,2765.186168006459,4043.1517472377363,6416.603208109947,1.4621625820414896,2.3204959153748232,4.430795703156029,7.03180580416613,18.0,0.5689959522508321,8.254999999999981e-05,True,True,True,True,False
3.6576,0.0115,0.0097349,0.0008,13215,MOX,Zircaloy,Zircaloy,Zircaloy,SS316,Light Water Reactor,low,fixed_core_power,870.0,0.9,45.0,True,0.3,0.0,5.115188755496253,51844706.896741875,81959751.52650914,10135443.553482736,1555341.2069022562,29565861.078798696,18692768.802554566,3586077.0153886145,30115044.62976726,2.4583097832884375,2654.974565951513,3923.171161312287,6202.024330420669,1.4776680769844839,2.336001410317817,4.477782051468132,7.078792152478234,18.0,0.6442599670988262,8.254999999999981e-05,True,True,True,True,False
3.6576,0.012,0.0110349,0.0004,13215,MOX,Zircaloy,Zircaloy,Zircaloy,SS316,Light Water Reactor,low,fixed_core_power,870.0,0.9,45.0,True,0.3,0.0,6.5725739115661375,63956698.5345781,102651919.01233262,9730845.083693895,1918700.956037343,37989567.24533395,24018586.69136995,1948544.5978742014,38695220.47775451,3.1587148628343953,3411.4120518611476,4839.704769926455,7767.83344777394,1.4186807973800997,2.277014130713433,4.299032719333635,6.900042820343735,18.0,0.3492250288946906,8.254999999999981e-05,True,True,True,True,False
3.6576,0.012,0.010834900000000001,0.0005,13215,MOX,Zircaloy,Zircaloy,Zircaloy,SS316,Light Water Reactor,low,fixed_core_power,870.0,0.9,45.0,True,0.3,0.0,6.336486145925514,62193046.07932001,99498328.87566054,9815068.580132756,1865791.3823796003,36624976.72580825,23155835.72924955,2412233.624262212,37305282.79634052,3.0452533872699914,3288.873658251591,4706.246392684072,7529.196282683355,1.4309599217581301,2.2892932550914638,4.3362421871458485,6.937252288155951,18.0,0.4327680853759638,8.254999999999894e-05,True,True,True,True,False
3.6576,0.012,0.010634900000000001,0.0006000000000000001,13215,MOX,Zircaloy,Zircaloy,Zircaloy,SS316,Light Water Reactor,low,fixed_core_power,870.0,0.9,45.0,True,0.3,0.0,6.1047164401782705,60461777.08083523,96402544.24226266,9904109.007079389,1813853.312425057,35285344.65161859,22308864.53579864,2867567.8934180024,35940767.16142742,2.9338671291390233,3168.5764994701453,4575.238522953858,7294.933351665733,1.443941316777088,2.3022746501104216,4.375579747809358,6.976589848819459,18.0,0.5148058615602764,8.254999999999981e-05,True,True,True,True,False
3.6576,0.012,0.0104349,0.0007000000000000001,13215,MOX,Zircaloy,Zircaloy,Zircaloy,SS316,Light Water Reactor,low,fixed_core_power,870.0,0.9,45.0,True,0.3,0.0,5.877264794324406,58762891.53912377,93364565.11213902,9998339.975403234,1762886.7461737131,33970671.02276497,21477673.111017223,3314547.40534158,34601673.573015235,2.824556088441491,3050.52057551681,4446.681160735813,7065.044654721076,1.4576794519677907,2.3160127853011243,4.417210460508456,7.018220561518558,18.0,0.5953383574476299,8.254999999999981e-05,True,True,True,True,False
3.6576,0.012,0.0102349,0.0008,13215,MOX,Zircaloy,Zircaloy,Zircaloy,SS316,Light Water Reactor,low,fixed_core_power,870.0,0.9,45.0,True,0.3,0.0,5.654131208363923,57096389.454185665,90384391.48528963,10098172.000275716,1712891.6836255698,32680955.83924741,20662261.45490531,3753172.160032942,33288002.031103965,2.7173202651773947,2934.705886391587,4320.574306029941,6839.530191849386,1.4722341772184777,2.330567510551811,4.461315688540841,7.0623257895509415,18.0,0.6743655730380236,8.254999999999981e-05,True,True,True,True,False
3.6576,0.008,0.0070349,0.0004,13215,MOX,Zircaloy,Zircaloy,Zircaloy,SS316,Light Water Reactor,mean,fixed_core_power,870.0,0.9,45.0,True,0.3,0.0,2.671249978495921,37326537.53717041,53053193.22181779,13973434.847976137,1119796.1261151123,22056944.95524112,13989428.562632395,1280164.019296891,15726655.684647383,1.283776663899175,1386.4787970111088,2824.55826993344,4014.619237367975,2.0372170681747606,2.895550401508094,6.173385055075031,8.774395156085133,18.0,0.22880260513790085,8.254999999999981e-05,True,True,True,True,False
3.6576,0.008,0.0068349000000000005,0.0005,13215,MOX,Zircaloy,Zircaloy,Zircaloy,SS316,Light Water Reactor,mean,fixed_core_power,870.0,0.9,45.0,True,0.3,0.0,2.5215234107229043,35602691.61322646,50447850.54647804,14119516.583436916,1068080.7483967936,20820628.36552003,13205305.34666586,1576757.9010405715,14845158.93325158,1.2118195370034934,1308.765099963773,2694.1121160216767,3817.468826823915,2.058514638032639,2.916847971365972,6.2379231455534505,8.83893324656355,18.0,0.2822400556799761,8.254999999999981e-05,True,True,True,True,False
3.6576,0.008,0.006634900000000001,0.0006000000000000001,13215,MOX,Zircaloy,Zircaloy,Zircaloy,SS316,Light Water Reactor,mean,fixed_core_power,870.0,0.9,45.0,True,0.3,0.0,2.3761149028432684,33928759.68302545,47917843.91138214,14279090.477664258,1017862.7904907635,19619966.697707582,12443795.959765833,1864997.0255520376,13989084.228356691,1.1419376275412483,1233.2926377445483,2567.4430331460803,3626.019213876817,2.0817792586854593,2.9401125920187923,6.308421996016543,8.909432097026643,18.0,0.3341722259250919,8.254999999999981e-05,True,True,True,True,False
3.6576,0.008,0.0064349,0.0007000000000000001,13215,MOX,Zircaloy,Zircaloy,Zircaloy,SS316,Light Water Reactor,mean,fixed_core_power,870.0,0.9,45.0,True,0.3,0.0,2.235024454857011,32304741.746567354,45463173.31653006,14453865.001953233,969142.2523970206,18454959.951803762,11704900.401932303,2144881.3928312873,13158431.569962705,1.0741309355124387,1160.0614103534335,2444.551021306648,3440.2703985266785,2.1072600118315044,2.9655933451648377,6.385636399489407,8.986646500499507,18.0,0.3845991158732478,8.254999999999981e-05,True,True,True,True,False
3.6576,0.008,0.006234900000000001,0.0008,13215,MOX,Zircaloy,Zircaloy,Zircaloy,SS316,Light Water Reactor,mean,fixed_core_power,870.0,0.9,45.0,True,0.3,0.0,2.0982520667641356,30730637.8038522,43083838.76192184,14645827.491662674,921919.134115566,17325608.127808593,10988618.673165288,2416411.0028783195,12353200.958069637,1.008399460917066,1089.071417790431,2325.4360805033825,3260.2223807735027,2.135246635359651,2.9935799686929845,6.4704443495747,9.0714544505848,18.0,0.4335207255244436,8.254999999999981e-05,True,True,True,True,False
3.6576,0.0085,0.007534900000000001,0.0004,13215,MOX,Zircaloy,Zircaloy,Zircaloy,SS316,Light Water Reactor,mean,fixed_core_power,870.0,0.9,45.0,True,0.3,0.0,3.064457909962003,42716110.40922789,60757729.42580626,13939206.105708119,1281483.3122768367,25303726.712894145,16048672.104714694,1363711.5916190546,18041619.01657837,1.472748557409662,1590.5684420024347,3232.3957933581455,4597.633706076902,2.032226786348624,2.890560119681957,6.158262988935224,8.759273089945324,18.0,0.24385540810749953,8.254999999999981e-05,True,True,True,True,False
3.6576,0.0085,0.007334900000000001,0.0005,13215,MOX,Zircaloy,Zircaloy,Zircaloy,SS316,Light Water Reactor,mean,fixed_core_power,870.0,0.9,45.0,True,0.3,0.0,2.903936192455536,40867479.500926636,57964046.64985693,14073132.738625897,1226024.385027799,23978272.818401463,15208014.316081898,1681192.3664432766,17096567.148930296,1.3956033869303903,1507.2516578848215,3092.5069618559696,4386.231301540442,2.051752237709124,2.9100855710424574,6.217431023360981,8.818441124371082,18.0,0.3010560593919746,8.254999999999981e-05,True,True,True,True,False
3.6576,0.0085,0.007134900000000001,0.0006000000000000001,13215,MOX,Zircaloy,Zircaloy,Zircaloy,SS316,Light Water Reactor,mean,fixed_core_power,870.0,0.9,45.0,True,0.3,0.0,2.747732534842448,39068762.5863683,55245699.91415143,14218546.416348511,1172062.877591049,22688473.845817413,14389970.356515605,1990318.3840352837,16176937.327783128,1.3205334338845547,1426.176108595319,2956.3952013899584,4180.52969460094,2.072952409995001,2.931285743328334,6.281673969681821,8.882684070691921,18.0,0.35675143037949003,8.254999999999981e-05,True,True,True,True,False
3.6576,0.0085,0.006934900000000001,0.0007000000000000001,13215,MOX,Zircaloy,Zircaloy,Zircaloy,SS316,Light Water Reactor,mean,fixed_core_power,870.0,0.9,45.0,True,0.3,0.0,2.595846937122741,37319959.66555289,52602689.21868976,14376795.153769217,1119598.7899665867,21434329.795142002,13594540.226015817,2291089.644395073,15282729.553136872,1.247538698272155,1347.3417941339274,2824.0605119601128,3980.5288852584004,2.096023833191801,2.954357166525134,6.3515873733084875,8.952597474318587,18.0,0.4109415210700454,8.254999999999981e-05,True,True,True,True,False
3.6576,0.0085,0.006734900000000001,0.0008,13215,MOX,Zircaloy,Zircaloy,Zircaloy,SS316,Light Water Reactor,mean,fixed_core_power,870.0,0.9,45.0,True,0.3,0.0,2.4482793992964136,35621070.73848041,50035014.563471936,14549430.40762308,1068632.1221544123,20215840.66637523,12821723.924582535,2583506.147522646,14413943.824991524,1.1766191800931916,1270.7487145006467,2695.502893566433,3786.2288735128213,2.1211926975079867,2.97952603084132,6.427856659115111,9.028866760125211,18.0,0.4636263314636409,8.254999999999981e-05,True,True,True,True,False
3.6576,0.009000000000000001,0.008034900000000001,0.0004,13215,MOX,Zircaloy,Zircaloy,Zircaloy,SS316,Light Water Reactor,mean,fixed_core_power,870.0,0.9,45.0,True,0.3,0.0,3.4846537157617132,48469862.97488004,68985333.11402008,13909520.695167547,1454095.8892464011,28773351.732476167,18249252.078462653,1447259.1639412183,20515470.139140047,1.674690559879125,1808.6658046694554,3667.791371538406,5220.229520546355,2.0278988866097998,2.886232219943133,6.145148141241817,8.746158242251918,18.0,0.2589082110770982,8.254999999999981e-05,True,True,True,True,False
3.6576,0.009000000000000001,0.007834900000000002,0.0005,13215,MOX,Zircaloy,Zircaloy,Zircaloy,SS316,Light Water Reactor,mean,fixed_core_power,870.0,0.9,45.0,True,0.3,0.0,3.3133368485217947,46496447.08222146,66003310.237461165,14033118.034154993,1394893.4124666438,27358760.533211887,17352059.717163596,1785626.8318459834,19506863.155239698,1.5923573458162632,1719.745933481564,3518.4598624458163,4994.5751220174925,2.045918408030668,2.9042517413640017,6.199752751608084,8.800762852618186,18.0,0.3198720631039733,8.254999999999894e-05,True,True,True,True,False
3.6576,0.009000000000000001,0.007634900000000002,0.0006000000000000001,13215,MOX,Zircaloy,Zircaloy,Zircaloy,SS316,Light Water Reactor,mean,fixed_core_power,870.0,0.9,45.0,True,0.3,0.0,3.1463380411752557,44572945.1833058,63096623.401146054,14166610.38959959,1337188.355499174,25979824.255856235,16477481.184931036,2115639.7425185274,18523678.21784025,1.5120993491868369,1633.067297121784,3372.9054243893906,4774.621521085589,2.065380545145936,2.92371387847927,6.258728924684655,8.859739025694758,18.0,0.3793306348338878,8.254999999999981e-05,True,True,True,True,False
3.6576,0.009000000000000001,0.007434900000000001,0.0007000000000000001,13215,MOX,Zircaloy,Zircaloy,Zircaloy,SS316,Light Water Reactor,mean,fixed_core_power,870.0,0.9,45.0,True,0.3,0.0,2.9836572937220973,42699357.278133065,60265272.605074786,14311079.683305664,1280980.7183439918,24636542.900409225,15625516.481764985,2437297.8959588595,17565915.32694172,1.4339165699908467,1548.6298955901143,3231.128057369131,4560.368717750646,2.086443033658401,2.944776366991735,6.322554647449699,8.923564748459802,18.0,0.43728392626684315,8.254999999999981e-05,True,True,True,True,False
3.6576,0.009000000000000001,0.007234900000000002,0.0008,13215,MOX,Zircaloy,Zircaloy,Zircaloy,SS316,Light Water Reactor,mean,fixed_core_power,870.0,0.9,45.0,True,0.3,0.0,2.82529460616232,40875683.366703264,57509257.849247366,14467759.672760604,1226270.501001098,23328916.466870856,14796165.607665438,2750601.292166974,16633574.482544098,1.357809008228293,1466.4337288865565,3093.127761385037,4351.8167120126645,2.1092857457210887,2.9676190790544217,6.391774987033602,8.992785088043702,18.0,0.49373193740283833,8.254999999999981e-05,True,True,True,True,False
3.6576,0.0095,0.0085349,0.0004,13215,MOX,Zircaloy,Zircaloy,Zircaloy,SS316,Light Water Reactor,mean,fixed_core_power,870.0,0.9,45.0,True,0.3,0.0,3.931837395895048,54587795.23412681,77736004.28645922,13883533.253719509,1637633.8570238044,32465820.01398717,20591168.483876266,1530806.7362633827,23148209.052332405,1.8896026713075635,2040.7708850121685,4130.74500447422,5882.406680776332,2.024110121724708,2.8824434550580413,6.133667035529418,8.734677136539519,18.0,0.2739610140466971,8.254999999999981e-05,True,True,True,True,False
3.6576,0.0095,0.0083349,0.0005,13215,MOX,Zircaloy,Zircaloy,Zircaloy,SS316,Light Water Reactor,mean,fixed_core_power,870.0,0.9,45.0,True,0.3,0.0,3.749725378921677,52489594.357110895,74565641.30929066,13998250.285786403,1574687.8307133268,30962091.50995128,19637441.549910937,1890061.2972486853,22076046.95217977,1.8020814136611105,1946.2479267539989,3971.9708177912144,5642.500288255063,2.0408349641331496,2.899168297466483,6.184348376161059,8.78535847717116,18.0,0.33868806681597124,8.255000000000068e-05,True,True,True,True,False
3.6576,0.0095,0.0081349,0.0006000000000000001,13215,MOX,Zircaloy,Zircaloy,Zircaloy,SS316,Light Water Reactor,mean,fixed_core_power,870.0,0.9,45.0,True,0.3,0.0,3.5719314218416893,50441307.47383795,71470614.37236601,14121577.801129896,1513239.2242151385,29494017.927824046,18706328.445012122,2240961.1010017744,21029306.89852806,1.7166353734480946,1853.9662033239422,3816.9737021443775,5408.294693330761,2.05881514738564,2.9171484807189736,6.238833779956485,8.839843880966587,18.0,0.4019098392882861,8.254999999999981e-05,True,True,True,True,False
3.6576,0.0095,0.0079349,0.0007000000000000001,13215,MOX,Zircaloy,Zircaloy,Zircaloy,SS316,Light Water Reactor,mean,fixed_core_power,870.0,0.9,45.0,True,0.3,0.0,3.3984555246550796,48442934.58430789,68450923.47568513,14254397.102702858,1453288.0375292366,28061599.267605435,17797829.169179805,2583506.1475226474,20007988.891377248,1.633264550668514,1763.9257147219948,3665.753657533703,5179.789896003415,2.0781791585318814,2.936512491865215,6.2975126016117615,8.898522702621863,18.0,0.4636263314636411,8.254999999999981e-05,True,True,True,True,False
3.6576,0.0095,0.0077349,0.0008,13215,MOX,Zircaloy,Zircaloy,Zircaloy,SS316,Light Water Reactor,mean,fixed_core_power,870.0,0.9,45.0,True,0.3,0.0,3.229297687361852,46494475.68852078,65506568.61924814,14397705.070821159,1394834.2706556234,26664835.529295474,16911943.722413998,2917696.436811304,19012092.930727355,1.55196894532237,1676.1264609481598,3518.3106839591965,4956.985896273033,2.0990723348934783,2.9574056682268117,6.360825257252964,8.961835358263066,18.0,0.5238375433420362,8.254999999999938e-05,True,True,True,True,False
3.6576,0.01,0.0090349,0.0004,13215,MOX,Zircaloy,Zircaloy,Zircaloy,SS316,Light Water Reactor,mean,fixed_core_power,870.0,0.9,45.0,True,0.3,0.0,4.406008950362012,61069907.186968245,87009742.9431237,13860595.353976877,1832097.2156090473,36381131.55742717,23074421.320955534,1614354.3085855476,25939835.75615545,2.117484891694978,2286.8836830305763,4621.256692165588,6584.165186766833,2.020765956072371,2.879099289405705,6.123533200219305,8.724543301229408,18.0,0.28901381701629597,8.254999999999981e-05,True,True,True,True,False
3.6576,0.01,0.0088349,0.0005,13215,MOX,Zircaloy,Zircaloy,Zircaloy,SS316,Light Water Reactor,mean,fixed_core_power,870.0,0.9,45.0,True,0.3,0.0,4.2131017836551905,58846921.325595014,83651039.86534555,13967600.202276807,1765407.6397678503,34788265.74861968,22064159.814323943,1994495.7626513918,24804118.539750542,2.0247755904649347,2186.7576377021296,4453.039827892169,6330.006800253163,2.036366422650969,2.894699755984302,6.170807341366572,8.771817442376673,18.0,0.35750407052796995,8.255000000000068e-05,True,True,True,True,False
3.6576,0.01,0.008634900000000001,0.0006000000000000001,13215,MOX,Zircaloy,Zircaloy,Zircaloy,SS316,Light Water Reactor,mean,fixed_core_power,870.0,0.9,45.0,True,0.3,0.0,4.02451267684175,56673849.45796473,80367672.82781129,14082164.477722486,1700215.4837389418,33231054.86172085,21076512.136758864,2366282.459485022,23693823.369846556,1.9341415066683285,2088.8728272017943,4288.600034654917,6081.549211336457,2.053068994343627,2.9114023276769605,6.221421194980688,8.82243129599079,18.0,0.4244890437426844,8.254999999999981e-05,True,True,True,True,False
3.6576,0.01,0.0084349,0.0007000000000000001,13215,MOX,Zircaloy,Zircaloy,Zircaloy,SS316,Light Water Reactor,mean,fixed_core_power,870.0,0.9,45.0,True,0.3,0.0,3.8402416299216915,54550691.58407737,77159641.83052085,14205015.4237794,1636520.747522321,31709498.89673065,20111478.288260292,2729714.399086434,22608950.246443477,1.8455826403051578,1993.2292515295708,4127.937312453831,5838.792420016713,2.0709796975366084,2.9293130308699418,6.275696053141237,8.876706154151337,18.0,0.4899687366604389,8.254999999999981e-05,True,True,True,True,False
3.6576,0.01,0.0082349,0.0008,13215,MOX,Zircaloy,Zircaloy,Zircaloy,SS316,Light Water Reactor,mean,fixed_core_power,870.0,0.9,45.0,True,0.3,0.0,3.66028864289501,52477447.70393292,74026946.87347421,14336969.79220394,1574323.4311179875,30223597.853649076,19169058.26882821,3084791.581455632,21549499.169541296,1.7590989913754227,1899.8269106854564,3971.051661288908,5601.7364262939245,2.090217608222085,2.9485509415554185,6.333992752188136,8.935002853198238,18.0,0.5539431492812338,8.254999999999981e-05,True,True,True,True,False
3.6576,0.0105,0.0095349,0.0004,13215,MOX,Zircaloy,Zircaloy,Zircaloy,SS316,Light Water Reactor,mean,fixed_core_power,870.0,0.9,45.0,True,0.3,0.0,4.907168379162603,67916198.83340433,96806549.08401352,13840201.43302971,2037485.9650021298,40519286.36279616,25699010.589700464,1697901.880907711,28890350.250609186,2.358337221041369,2547.004198724678,5139.326434612511,7325.50503851786,2.0177926825506787,2.8761260158840125,6.114523280456602,8.715533381466704,18.0,0.3040666199858947,8.254999999999981e-05,True,True,True,True,False
3.6576,0.0105,0.0093349,0.0005,13215,MOX,Zircaloy,Zircaloy,Zircaloy,SS316,Light Water Reactor,mean,fixed_core_power,870.0,0.9,45.0,True,0.3,0.0,4.70346606272233,65568427.98767379,93259505.90562579,13940448.833540278,1967052.8396302136,38837283.24921708,24632214.510402612,2098930.228054096,27691077.917952005,2.260439876227735,2441.275066325954,4961.666892748679,7057.094658011789,2.0324079663074754,2.8907412996408084,6.158812019113562,8.759822120123662,18.0,0.37632007423996827,8.255000000000068e-05,True,True,True,True,False
3.6576,0.0105,0.009134900000000001,0.0006000000000000001,13215,MOX,Zircaloy,Zircaloy,Zircaloy,SS316,Light Water Reactor,mean,fixed_core_power,870.0,0.9,45.0,True,0.3,0.0,4.50408180617544,63270571.13568618,89787798.76748192,14047384.985090056,1898117.1340705855,37190935.057546645,23588032.26017127,2491603.817968266,26517227.631795745,2.1646177488475384,2337.787168755341,4787.784421921013,6794.38507510268,2.047998417439374,2.906331750772707,6.206055810422345,8.807065911432444,18.0,0.44706824819708235,8.254999999999981e-05,True,True,True,True,False
3.6576,0.0105,0.0089349,0.0007000000000000001,13215,MOX,Zircaloy,Zircaloy,Zircaloy,SS316,Light Water Reactor,mean,fixed_core_power,870.0,0.9,45.0,True,0.3,0.0,4.309015609521929,61022628.27744151,86391427.66958189,14161616.899831042,1830678.8483232453,35580241.78778485,22566463.83900643,2875922.6506502237,25368799.39214039,2.0708708389007775,2236.5405060128396,4617.679022129512,6537.376289790533,2.0646525335512984,2.922985866884632,6.256522828943329,8.857532929953429,18.0,0.5163111418572371,8.254999999999981e-05,True,True,True,True,False
3.6576,0.0105,0.0087349,0.0008,13215,MOX,Zircaloy,Zircaloy,Zircaloy,SS316,Light Water Reactor,mean,fixed_core_power,870.0,0.9,45.0,True,0.3,0.0,4.118267472761798,58824599.412939735,83070392.61192568,14283821.971740631,1764737.982388192,34005203.43993168,21567509.24690809,3251886.726099961,24245793.198985938,1.9791991463874523,2137.5350780984486,4451.3506933741755,6286.068302075344,2.082469073365616,2.9408024066989493,6.310512343532169,8.91152244454227,18.0,0.5840487552204314,8.254999999999981e-05,True,True,True,True,False
3.6576,0.011,0.0100349,0.0004,13215,MOX,Zircaloy,Zircaloy,Zircaloy,SS316,Light Water Reactor,mean,fixed_core_power,870.0,0.9,45.0,True,0.3,0.0,5.4353156822968165,75126670.17343503,107126422.70912862,13821951.578291502,2253800.105203051,44880284.43009412,28464936.29011104,1781449.453229876,31999752.535693593,2.612159659346734,2821.132432094472,5684.954231814985,8106.426236029407,2.015131997045012,2.8734653303783455,6.106460597106097,8.707470698116198,18.0,0.31911942295549356,8.254999999999981e-05,True,True,True,True,False
3.6576,0.011,0.0098349,0.0005,13215,MOX,Zircaloy,Zircaloy,Zircaloy,SS316,Light Water Reactor,mean,fixed_core_power,870.0,0.9,45.0,True,0.3,0.0,5.220818216123097,72654114.34334719,103391039.43013135,13916231.390507804,2179623.4303004155,43109144.01174346,27341605.638146933,2203364.6934568034,30736925.08678415,2.5090742709495113,2709.800212625472,5497.852012360741,7823.763861530938,2.0288772532916663,2.8872105866249997,6.148112888762625,8.749122989772726,18.0,0.39513607795196715,8.254999999999894e-05,True,True,True,True,False
3.6576,0.011,0.0096349,0.0006000000000000001,13215,MOX,Zircaloy,Zircaloy,Zircaloy,SS316,Light Water Reactor,mean,fixed_core_power,870.0,0.9,45.0,True,0.3,0.0,5.010638809842753,70231472.50700225,99730992.19137785,14016470.787924603,2106944.1752100675,41373658.51530142,26240888.81524932,2616925.1764515107,29499519.684375606,2.4080640999857232,2600.7092279845806,5314.5268639426595,7546.802284629424,2.0434913702602393,2.9018247035935727,6.192398091697695,8.793408192707796,18.0,0.46964745265148017,8.254999999999981e-05,True,True,True,True,False
3.6576,0.011,0.0094349,0.0007000000000000001,13215,MOX,Zircaloy,Zircaloy,Zircaloy,SS316,Light Water Reactor,mean,fixed_core_power,870.0,0.9,45.0,True,0.3,0.0,4.8047774634557925,67858744.66440025,96146280.99286821,14123181.600088814,2035762.3399320075,39673827.940768026,25162785.82141822,3022130.902214007,28287536.328467973,2.309129146455372,2493.859478171801,5134.978786560745,7275.541505324874,2.0590489686793,2.9173823020126335,6.239542329331212,8.840552430341313,18.0,0.5426535470540343,8.254999999999981e-05,True,True,True,True,False
3.6576,0.011,0.009234899999999999,0.0008,13215,MOX,Zircaloy,Zircaloy,Zircaloy,SS316,Light Water Reactor,mean,fixed_core_power,870.0,0.9,45.0,True,0.3,0.0,4.603234176962212,65535930.81554118,92636905.83460243,14236931.75192533,1966077.9244662353,38009652.28814327,24107296.65665362,3418981.8707442875,27100975.019061252,2.2122694103584566,2389.250963187133,4959.207780214996,7009.981523617285,2.0756328475430132,2.9339661808763466,6.2897965077061,8.890806608716202,18.0,0.6141543611596287,8.254999999999981e-05,True,True,True,True,False
3.6576,0.0115,0.0105349,0.0004,13215,MOX,Zircaloy,Zircaloy,Zircaloy,SS316,Light Water Reactor,mean,fixed_core_power,870.0,0.9,45.0,True,0.3,0.0,5.990450859764665,82701321.20706044,117969363.81846915,13805525.350776246,2481039.636211813,49464125.75932111,31372198.422187295,1864997.0255520383,35268042.61140871,2.8789522066110775,3109.2683831399636,6258.140083773019,8926.928779301486,2.012737182067602,2.871070515400935,6.099203582023036,8.700213683033136,18.0,0.33417222592509205,8.254999999999981e-05,True,True,True,True,False
3.6576,0.0115,0.010334900000000001,0.0005,13215,MOX,Zircaloy,Zircaloy,Zircaloy,SS316,Light Water Reactor,mean,fixed_core_power,870.0,0.9,45.0,True,0.3,0.0,5.765158243857492,80103980.39261529,114045640.4388623,13894498.122052826,2403119.4117784584,47603848.036198854,30192333.197556924,2307799.1588595067,33941660.046247,2.7706787746302637,2992.3330766006843,6061.595186728361,8630.014410810616,2.0257087134211624,2.8840420467544963,6.138511252791401,8.739521353801504,18.0,0.4139520816639653,8.254999999999894e-05,True,True,True,True,False
3.6576,0.0115,0.0101349,0.0006000000000000001,13215,MOX,Zircaloy,Zircaloy,Zircaloy,SS316,Light Water Reactor,mean,fixed_core_power,870.0,0.9,45.0,True,0.3,0.0,5.544183687843699,77556553.571913,110197253.09949917,13988813.852247579,2326696.60715739,45779225.2349852,29035081.801993042,2742246.5349347563,32640699.527586166,2.664480560082885,2877.6390048895164,5868.827360719864,8338.800839916697,2.0394592062270127,2.8977925395603457,6.180179412809129,8.781189513819228,18.0,0.49222665710587826,8.254999999999981e-05,True,True,True,True,False
3.6576,0.0115,0.0099349,0.0007000000000000001,13215,MOX,Zircaloy,Zircaloy,Zircaloy,SS316,Light Water Reactor,mean,fixed_core_power,870.0,0.9,45.0,True,0.3,0.0,5.327527191723285,75059040.74495369,106424201.80037996,14088908.05129321,2251771.222348611,43990257.35568022,27900444.23549568,3168339.1537777935,31365161.055426262,2.5603575629689432,2765.186168006459,5679.836605747536,8053.288066619747,2.0540521544133044,2.9123854877466377,6.224400467919104,8.825410568929206,18.0,0.5689959522508321,8.254999999999981e-05,True,True,True,True,False
3.6576,0.0115,0.0097349,0.0008,13215,MOX,Zircaloy,Zircaloy,Zircaloy,SS316,Light Water Reactor,mean,fixed_core_power,870.0,0.9,45.0,True,0.3,0.0,5.115188755496253,72611441.91173728,102726486.54150453,14195261.4815468,2178343.2573521184,42236944.39828386,26788420.498064812,3586077.0153886145,30115044.62976726,2.4583097832884375,2654.974565951513,5494.622921811372,7773.476090919753,2.0695576493562986,2.9278909826896315,6.271386816231208,8.872396917241307,18.0,0.6442599670988262,8.254999999999981e-05,True,True,True,True,False
3.6576,0.012,0.0110349,0.0004,13215,MOX,Zircaloy,Zircaloy,Zircaloy,SS316,Light Water Reactor,mean,fixed_core_power,870.0,0.9,45.0,True,0.3,0.0,6.5725739115661375,90640151.93428047,129335372.41203499,13790663.01175796,2719204.558028414,54270810.35047708,34420796.9859292,1948544.5978742014,38695220.47775451,3.1587148628343953,3411.4120518611476,6858.883990486604,9787.01266833409,2.010570369751914,2.868903703085248,6.092637484096708,8.693647585106811,18.0,0.3492250288946906,8.254999999999981e-05,True,True,True,True,False
3.6576,0.012,0.010834900000000001,0.0005,13215,MOX,Zircaloy,Zircaloy,Zircaloy,SS316,Light Water Reactor,mean,fixed_core_power,870.0,0.9,45.0,True,0.3,0.0,6.336486145925514,87918026.13547799,125223308.93181852,13874886.508196821,2637540.7840643395,52321395.32258322,33184397.188632563,2412233.624262212,37305282.79634052,3.0452533872699914,3288.873658251591,6652.896415851532,9475.846305850815,2.022849494129945,2.8811828274632783,6.129846951908924,8.730857052919024,18.0,0.4327680853759638,8.254999999999894e-05,True,True,True,True,False
3.6576,0.012,0.010634900000000001,0.0006000000000000001,13215,MOX,Zircaloy,Zircaloy,Zircaloy,SS316,Light Water Reactor,mean,fixed_core_power,870.0,0.9,45.0,True,0.3,0.0,6.1047164401782705,85245814.33041842,121186581.49184585,13963926.935143456,2557374.4299125527,50407635.21659799,31970611.220402427,2867567.8934180024,35940767.16142742,2.9338671291390233,3168.5764994701453,6450.685912252624,9170.380740964498,2.0358308891489028,2.8941642224822357,6.169184512572432,8.770194613582532,18.0,0.5148058615602764,8.254999999999981e-05,True,True,True,True,False
3.6576,0.012,0.0104349,0.0007000000000000001,13215,MOX,Zircaloy,Zircaloy,Zircaloy,SS316,Light Water Reactor,mean,fixed_core_power,870.0,0.9,45.0,True,0.3,0.0,5.877264794324406,82623516.51910177,117225190.09211701,14058157.903467301,2478705.495573053,48529530.0325214,30779439.08123879,3314547.40534158,34601673.573015235,2.824556088441491,3050.52057551681,6252.252479689881,8870.615973675143,2.049569024339606,2.9079023576729393,6.210815225271532,8.811825326281634,18.0,0.5953383574476299,8.254999999999981e-05,True,True,True,True,False
3.6576,0.012,0.0102349,0.0008,13215,MOX,Zircaloy,Zircaloy,Zircaloy,SS316,Light Water Reactor,mean,fixed_core_power,870.0,0.9,45.0,True,0.3,0.0,5.654131208363923,80051132.70152806,113339134.73263203,14157989.928339781,2401533.9810458417,46687079.770353444,29610880.77114167,3753172.160032942,33288002.031103965,2.7173202651773947,2934.705886391587,6057.596118163304,8576.55200398275,2.064123749590292,2.922457082923626,6.254920453303915,8.855930554314018,18.0,0.6743655730380236,8.254999999999981e-05,True,True,True,True,False
3.6576,0.008,0.0070349,0.0004,13215,MOX,Zircaloy,Zircaloy,Zircaloy,SS316,Light Water Reactor,high,fixed_core_power,870.0,0.9,45.0,True,0.3,0.0,2.671249978495921,49667648.669913225,65394304.354560606,18593410.976040207,1490029.4600973967,28674028.44181346,19713456.208802868,1280164.019296891,15726655.684647383,1.283776663899175,1386.4787970111088,3758.429713954841,4948.490681389376,2.7107733072132425,3.5691066405465754,8.214464567312856,10.815474668322956,18.0,0.22880260513790085,8.254999999999981e-05,True,True,True,True,False
3.6576,0.008,0.0068349000000000005,0.0005,13215,MOX,Zircaloy,Zircaloy,Zircaloy,SS316,Light Water Reactor,high,fixed_core_power,870.0,0.9,45.0,True,0.3,0.0,2.5215234107229043,47252069.57712096,62097228.51037254,18739492.71150098,1417562.0873136288,27066816.87517604,18608494.800904352,1576757.9010405715,14845158.93325158,1.2118195370034934,1308.765099963773,3575.6390145380974,4698.995725340336,2.73207087707112,3.5904042104044533,8.279002657791272,10.880012758801373,18.0,0.2822400556799761,8.254999999999981e-05,True,True,True,True,False
3.6576,0.008,0.006634900000000001,0.0006000000000000001,13215,MOX,Zircaloy,Zircaloy,Zircaloy,SS316,Light Water Reactor,high,fixed_core_power,870.0,0.9,45.0,True,0.3,0.0,2.3761149028432684,44906353.811698616,58895438.040055305,18899066.605728325,1347190.6143509585,25505956.707019858,17535400.079126727,1864997.0255520376,13989084.228356691,1.1419376275412483,1233.2926377445483,3398.134983859146,4456.711164589883,2.75533549772394,3.6136688310572733,8.349501508254363,10.950511609264463,18.0,0.3341722259250919,8.254999999999981e-05,True,True,True,True,False
3.6576,0.008,0.0064349,0.0007000000000000001,13215,MOX,Zircaloy,Zircaloy,Zircaloy,SS316,Light Water Reactor,high,fixed_core_power,870.0,0.9,45.0,True,0.3,0.0,2.235024454857011,42630501.37364615,55788932.94360885,19073841.1300173,1278915.0412093843,23991447.93734489,16494172.043469971,2144881.3928312873,13158431.569962705,1.0741309355124387,1160.0614103534335,3225.917621917983,4221.636999138013,2.780816250869986,3.639149584203319,8.42671591172723,11.027726012737329,18.0,0.3845991158732478,8.254999999999981e-05,True,True,True,True,False
3.6576,0.008,0.006234900000000001,0.0008,13215,MOX,Zircaloy,Zircaloy,Zircaloy,SS316,Light Water Reactor,high,fixed_core_power,870.0,0.9,45.0,True,0.3,0.0,2.0982520667641356,40424512.26296359,52777713.22103323,19265803.61972674,1212735.3678889077,22523290.56615117,15484810.693934109,2416411.0028783195,12353200.958069637,1.008399460917066,1089.071417790431,3058.9869287146116,3993.7732289847318,2.808802874398132,3.6671362077314655,8.51152386181252,11.112533962822623,18.0,0.4335207255244436,8.254999999999981e-05,True,True,True,True,False
3.6576,0.0085,0.007534900000000001,0.0004,13215,MOX,Zircaloy,Zircaloy,Zircaloy,SS316,Light Water Reactor,high,fixed_core_power,870.0,0.9,45.0,True,0.3,0.0,3.064457909962003,56873832.79870945,74915451.81528783,18559182.233772185,1706214.9839612835,32894844.72676239,22615276.48032801,1363711.5916190546,18041619.01657837,1.472748557409662,1590.5684420024347,4303.733091086602,5668.97100380536,2.705783025387105,3.5641163587204394,8.199342501173046,10.80035260218315,18.0,0.24385540810749953,8.254999999999981e-05,True,True,True,True,False
3.6576,0.0085,0.007334900000000001,0.0005,13215,MOX,Zircaloy,Zircaloy,Zircaloy,SS316,Light Water Reactor,high,fixed_core_power,870.0,0.9,45.0,True,0.3,0.0,2.903936192455536,54283595.38749247,71380162.53642276,18693108.866689965,1628507.861624774,31171754.6639219,21430648.357127294,1681192.3664432766,17096567.148930296,1.3956033869303903,1507.2516578848215,4107.725719825386,5401.450059509857,2.7253084767476055,3.5836418100809384,8.258510535598804,10.859520636608904,18.0,0.3010560593919746,8.254999999999981e-05,True,True,True,True,False
3.6576,0.0085,0.007134900000000001,0.0006000000000000001,13215,MOX,Zircaloy,Zircaloy,Zircaloy,SS316,Light Water Reactor,high,fixed_core_power,870.0,0.9,45.0,True,0.3,0.0,2.747732534842448,51763221.30364538,67940158.63142851,18838522.54441258,1552896.6391093615,29495015.999562636,20277886.92004746,1990318.3840352837,16176937.327783128,1.3205334338845547,1426.176108595319,3917.0050173019586,5141.13951051294,2.7465086490334825,3.6048419823668154,8.322753481919644,10.923763582929743,18.0,0.35675143037949003,8.254999999999981e-05,True,True,True,True,False
3.6576,0.0085,0.006934900000000001,0.0007000000000000001,13215,MOX,Zircaloy,Zircaloy,Zircaloy,SS316,Light Water Reactor,high,fixed_core_power,870.0,0.9,45.0,True,0.3,0.0,2.595846937122741,49312710.54716819,64595440.10030506,18996771.281833287,1479381.3164150456,27864628.733684603,19156992.169088505,2291089.644395073,15282729.553136872,1.247538698272155,1347.3417941339274,3731.5709835163216,4888.039356814609,2.769580072230283,3.6279134055636164,8.392666885546312,10.993676986556412,18.0,0.4109415210700454,8.254999999999981e-05,True,True,True,True,False
3.6576,0.0085,0.006734900000000001,0.0008,13215,MOX,Zircaloy,Zircaloy,Zircaloy,SS316,Light Water Reactor,high,fixed_core_power,870.0,0.9,45.0,True,0.3,0.0,2.4482793992964136,46932063.11806087,61346006.943052396,19169406.535687145,1407961.8935418262,26280592.866287798,18067964.104250435,2583506.147522646,14413943.824991524,1.1766191800931916,1270.7487145006467,3551.4236184684733,4642.149598414861,2.7947489365464677,3.653082269879801,8.468936171352933,11.069946272363033,18.0,0.4636263314636409,8.254999999999981e-05,True,True,True,True,False
3.6576,0.009000000000000001,0.008034900000000001,0.0004,13215,MOX,Zircaloy,Zircaloy,Zircaloy,SS316,Light Water Reactor,high,fixed_core_power,870.0,0.9,45.0,True,0.3,0.0,3.4846537157617132,64568879.9562689,85084350.09540895,18529496.82323161,1937066.398688067,37405357.252219014,25716263.540108666,1447259.1639412183,20515470.139140047,1.674690559879125,1808.6658046694554,4886.029508609073,6438.467657617022,2.701455125648281,3.5597884589816147,8.186227653479639,10.787237754489741,18.0,0.2589082110770982,8.254999999999981e-05,True,True,True,True,False
3.6576,0.009000000000000001,0.007834900000000002,0.0005,13215,MOX,Zircaloy,Zircaloy,Zircaloy,SS316,Light Water Reactor,high,fixed_core_power,870.0,0.9,45.0,True,0.3,0.0,3.3133368485217947,61803984.226627186,81310847.38186689,18653094.16221906,1854119.5267988155,35566388.69317546,24451968.70160575,1785626.8318459834,19506863.155239698,1.5923573458162632,1719.745933481564,4676.805465503381,6152.920725075058,2.7194746470691493,3.577807980402483,8.240832263845906,10.841842364856008,18.0,0.3198720631039733,8.254999999999894e-05,True,True,True,True,False
3.6576,0.009000000000000001,0.007634900000000002,0.0006000000000000001,13215,MOX,Zircaloy,Zircaloy,Zircaloy,SS316,Light Water Reactor,high,fixed_core_power,870.0,0.9,45.0,True,0.3,0.0,3.1463380411752557,59108951.824355334,77632630.04219559,18786586.517663654,1773268.55473066,33773771.532613106,23219540.549223702,2115639.7425185274,18523678.21784025,1.5120993491868369,1633.067297121784,4472.868091135478,5874.584187831675,2.7389367841844177,3.5972701175177506,8.299808436922477,10.900818537932578,18.0,0.3793306348338878,8.254999999999981e-05,True,True,True,True,False
3.6576,0.009000000000000001,0.007434900000000001,0.0007000000000000001,13215,MOX,Zircaloy,Zircaloy,Zircaloy,SS316,Light Water Reactor,high,fixed_core_power,870.0,0.9,45.0,True,0.3,0.0,2.9836572937220973,56483782.749453396,74049698.07639512,18931055.811369732,1694513.482483602,32027505.770531993,22018979.082962543,2437297.8959588595,17565915.32694172,1.4339165699908467,1548.6298955901143,4274.217385505365,5603.45804588688,2.759999272696883,3.6183326060302163,8.363634159687523,10.964644260697625,18.0,0.43728392626684315,8.254999999999981e-05,True,True,True,True,False
3.6576,0.009000000000000001,0.007234900000000002,0.0008,13215,MOX,Zircaloy,Zircaloy,Zircaloy,SS316,Light Water Reactor,high,fixed_core_power,870.0,0.9,45.0,True,0.3,0.0,2.82529460616232,53928477.00192135,70562051.48446545,19087735.80082467,1617854.3100576403,30327591.406932116,20850284.302822266,2750601.292166974,16633574.482544098,1.357809008228293,1466.4337288865565,4080.853348613042,5339.542299240669,2.78284198475957,3.6411753180929027,8.432854499271423,11.033864600281523,18.0,0.49373193740283833,8.254999999999981e-05,True,True,True,True,False
3.6576,0.0095,0.0085349,0.0004,13215,MOX,Zircaloy,Zircaloy,Zircaloy,SS316,Light Water Reactor,high,fixed_core_power,870.0,0.9,45.0,True,0.3,0.0,3.931837395895048,72752790.14259152,95900999.19492392,18503509.381783575,2182583.7042777454,42205566.01818332,29016417.388144825,1530806.7362633827,23148209.052332405,1.8896026713075635,2040.7708850121685,5505.318966522249,7256.98064282436,2.697666360763189,3.5559996940965224,8.174746547767239,10.77575664877734,18.0,0.2739610140466971,8.254999999999981e-05,True,True,True,True,False
3.6576,0.0095,0.0083349,0.0005,13215,MOX,Zircaloy,Zircaloy,Zircaloy,SS316,Light Water Reactor,high,fixed_core_power,870.0,0.9,45.0,True,0.3,0.0,3.749725378921677,69813236.09452504,91889283.04670481,18618226.41385047,2094397.0828357511,40250718.96293666,27672455.83433969,1890061.2972486853,22076046.95217977,1.8020814136611105,1946.2479267539989,5282.87825157208,6953.4077220359295,2.7143912031716315,3.572724536504965,8.225427888398883,10.826437989408983,18.0,0.33868806681597124,8.255000000000068e-05,True,True,True,True,False
3.6576,0.0095,0.0081349,0.0006000000000000001,13215,MOX,Zircaloy,Zircaloy,Zircaloy,SS316,Light Water Reactor,high,fixed_core_power,870.0,0.9,45.0,True,0.3,0.0,3.5719314218416893,66943545.37382849,87972852.27235655,18741553.929193962,2008306.3612148548,38342223.30617126,26360360.966655456,2240961.1010017744,21029306.89852806,1.7166353734480946,1853.9662033239422,5065.724205359705,6657.045196546088,2.7323713864241217,3.5907047197574546,8.279913292194308,10.880923393204407,18.0,0.4019098392882861,8.254999999999981e-05,True,True,True,True,False
3.6576,0.0095,0.0079349,0.0007000000000000001,13215,MOX,Zircaloy,Zircaloy,Zircaloy,SS316,Light Water Reactor,high,fixed_core_power,870.0,0.9,45.0,True,0.3,0.0,3.3984555246550796,64143717.9805018,84151706.87187904,18874373.230766926,1924311.539415054,36480079.047887065,25080132.785092086,2583506.1475226474,20007988.891377248,1.633264550668514,1763.9257147219948,4853.856827885115,6367.893066354827,2.751735397570363,3.6100687309036963,8.338592113849584,10.939602214859685,18.0,0.4636263314636411,8.254999999999981e-05,True,True,True,True,False
3.6576,0.0095,0.0077349,0.0008,13215,MOX,Zircaloy,Zircaloy,Zircaloy,SS316,Light Water Reactor,high,fixed_core_power,870.0,0.9,45.0,True,0.3,0.0,3.229297687361852,61413753.91454504,80425846.84527239,19017681.198885225,1842412.617436351,34664286.18808412,23831771.28964961,2917696.436811304,19012092.930727355,1.55196894532237,1676.1264609481598,4647.276119148319,6085.951331462156,2.77262857393196,3.630961907265293,8.401904769490788,11.002914870500888,18.0,0.5238375433420362,8.254999999999938e-05,True,True,True,True,False
3.6576,0.01,0.0090349,0.0004,13215,MOX,Zircaloy,Zircaloy,Zircaloy,SS316,Light Water Reactor,high,fixed_core_power,870.0,0.9,45.0,True,0.3,0.0,4.406008950362012,81425563.35767737,107365399.11383282,18480571.48204095,2442766.900730321,47295471.02465531,32515738.024436496,1614354.3085855476,25939835.75615545,2.117484891694978,2286.8836830305763,6161.601464826134,8124.509959427379,2.694322195110853,3.5526555284441863,8.16461271245713,10.76562281346723,18.0,0.28901381701629597,8.254999999999981e-05,True,True,True,True,False
3.6576,0.01,0.0088349,0.0005,13215,MOX,Zircaloy,Zircaloy,Zircaloy,SS316,Light Water Reactor,high,fixed_core_power,870.0,0.9,45.0,True,0.3,0.0,4.2131017836551905,78311350.99118614,103115469.53093669,18587576.330340873,2349340.5297355843,45224745.47320558,31092109.75532916,1994495.7626513918,24804118.539750542,2.0247755904649347,2186.7576377021296,5925.94407803149,7802.911050392485,2.7099226616894505,3.568255995022784,8.211886853604396,10.812896954614496,18.0,0.35750407052796995,8.255000000000068e-05,True,True,True,True,False
3.6576,0.01,0.008634900000000001,0.0006000000000000001,13215,MOX,Zircaloy,Zircaloy,Zircaloy,SS316,Light Water Reactor,high,fixed_core_power,870.0,0.9,45.0,True,0.3,0.0,4.02451267684175,75267001.95206484,98960825.3219114,18702140.605786555,2258010.0585619453,43200371.3202371,29700348.172342718,2366282.459485022,23693823.369846556,1.9341415066683285,2088.8728272017943,5695.573359974638,7488.522536656178,2.726625233382109,3.5849585667154424,8.262500707218512,10.863510808228613,18.0,0.4244890437426844,8.254999999999981e-05,True,True,True,True,False
3.6576,0.01,0.0084349,0.0007000000000000001,13215,MOX,Zircaloy,Zircaloy,Zircaloy,SS316,Light Water Reactor,high,fixed_core_power,870.0,0.9,45.0,True,0.3,0.0,3.8402416299216915,72292516.24031343,94901466.4867569,18824991.551843468,2168775.4872094025,41222348.56574985,28340453.275477152,2729714.399086434,22608950.246443477,1.8455826403051578,1993.2292515295708,5470.4893106555755,7181.344418218457,2.74453593657509,3.602869269908423,8.31677556537906,10.91778566638916,18.0,0.4899687366604389,8.254999999999981e-05,True,True,True,True,False
3.6576,0.01,0.0082349,0.0008,13215,MOX,Zircaloy,Zircaloy,Zircaloy,SS316,Light Water Reactor,high,fixed_core_power,870.0,0.9,45.0,True,0.3,0.0,3.66028864289501,69387893.85593188,90937393.02547318,18956945.920268007,2081636.8156779562,39290677.2097438,27012425.064732455,3084791.581455632,21549499.169541296,1.7590989913754227,1899.8269106854564,5250.6919300743,6881.376695079317,2.763773847260566,3.6221071805938996,8.375072264425958,10.976082365436058,18.0,0.5539431492812338,8.254999999999981e-05,True,True,True,True,False
3.6576,0.0105,0.0095349,0.0004,13215,MOX,Zircaloy,Zircaloy,Zircaloy,SS316,Light Water Reactor,high,fixed_core_power,870.0,0.9,45.0,True,0.3,0.0,4.907168379162603,90587199.60152641,119477549.8521356,18460177.561093777,2717615.988045792,52675072.271635,36214225.448983684,1697901.880907711,28890350.250609186,2.358337221041369,2547.004198724678,6854.877003520727,9041.055607426077,2.6913489215891606,3.5496822549224945,8.155602792694426,10.756612893704528,18.0,0.3040666199858947,8.254999999999981e-05,True,True,True,True,False
3.6576,0.0105,0.0093349,0.0005,13215,MOX,Zircaloy,Zircaloy,Zircaloy,SS316,Light Water Reactor,high,fixed_core_power,870.0,0.9,45.0,True,0.3,0.0,4.70346606272233,87298328.91661043,114989406.83456244,18560424.961604342,2618949.867498313,50488468.2239822,34710930.46457414,2098930.228054096,27691077.917952005,2.260439876227735,2441.275066325954,6606.002944881607,8701.430710144718,2.7059642053459565,3.56429753867929,8.199891531351383,10.800901632361484,18.0,0.37632007423996827,8.255000000000068e-05,True,True,True,True,False
3.6576,0.0105,0.009134900000000001,0.0006000000000000001,13215,MOX,Zircaloy,Zircaloy,Zircaloy,SS316,Light Water Reactor,high,fixed_core_power,870.0,0.9,45.0,True,0.3,0.0,4.50408180617544,84079321.5590644,110596549.19086015,18667361.113154124,2522379.646771932,48348215.57481065,33239502.166285496,2491603.817968266,26517227.631795745,2.1646177488475384,2337.787168755341,6362.41555498028,8369.01620816195,2.721554656477855,3.5798879898111893,8.247135322660167,10.84814542367027,18.0,0.44706824819708235,8.254999999999981e-05,True,True,True,True,False
3.6576,0.0105,0.0089349,0.0007000000000000001,13215,MOX,Zircaloy,Zircaloy,Zircaloy,SS316,Light Water Reactor,high,fixed_core_power,870.0,0.9,45.0,True,0.3,0.0,4.309015609521929,80930177.52888824,106298976.92102863,18781593.027895104,2427905.325866647,46254314.324120305,31799940.554117724,2875922.6506502237,25368799.39214039,2.0708708389007775,2236.5405060128396,6124.114833816741,8043.812101477763,2.7382087725897795,3.596542105923113,8.29760234118115,10.89861244219125,18.0,0.5163111418572371,8.254999999999981e-05,True,True,True,True,False
3.6576,0.0105,0.0087349,0.0008,13215,MOX,Zircaloy,Zircaloy,Zircaloy,SS316,Light Water Reactor,high,fixed_core_power,870.0,0.9,45.0,True,0.3,0.0,4.118267472761798,77850896.82608199,102096690.02506793,18903798.099804703,2335526.9047824596,44206764.47191119,30392245.62807083,3251886.726099961,24245793.198985938,1.9791991463874523,2137.5350780984486,5891.100781390995,7725.818390092162,2.756025312404098,3.614358645737431,8.351591855769993,10.952601956780093,18.0,0.5840487552204314,8.254999999999981e-05,True,True,True,True,False
3.6576,0.011,0.0100349,0.0004,13215,MOX,Zircaloy,Zircaloy,Zircaloy,SS316,Light Water Reactor,high,fixed_core_power,870.0,0.9,45.0,True,0.3,0.0,5.4353156822968165,100237698.8741386,132237451.40983218,18441927.70635557,3007130.9662241577,58344369.75912236,40111879.661786355,1781449.453229876,31999752.535693593,2.612159659346734,2821.132432094472,7585.145582606023,10006.617586820445,2.688688236083494,3.5470215694168274,8.147540109343922,10.748550210354022,18.0,0.31911942295549356,8.254999999999981e-05,True,True,True,True,False
3.6576,0.011,0.0098349,0.0005,13215,MOX,Zircaloy,Zircaloy,Zircaloy,SS316,Light Water Reactor,high,fixed_core_power,870.0,0.9,45.0,True,0.3,0.0,5.220818216123097,96774169.87079793,127511094.95758209,18536207.518571872,2903225.096123938,56041887.215266496,38528917.96207463,2203364.6934568034,30736925.08678415,2.5090742709495113,2709.800212625472,7323.054852122432,9648.96670129263,2.7024334923301483,3.5607668256634817,8.189192401000449,10.79020250201055,18.0,0.39513607795196715,8.254999999999894e-05,True,True,True,True,False
3.6576,0.011,0.0096349,0.0006000000000000001,13215,MOX,Zircaloy,Zircaloy,Zircaloy,SS316,Light Water Reactor,high,fixed_core_power,870.0,0.9,45.0,True,0.3,0.0,5.010638809842753,93380504.19482711,122880023.87920272,18636446.91598867,2801415.125844813,53785756.06989185,36977822.948483765,2616925.1764515107,29499519.684375606,2.4080640999857232,2600.7092279845806,7066.250790376625,9298.526211063392,2.7170476092987204,3.575380942632054,8.233477603935516,10.834487704945618,18.0,0.46964745265148017,8.254999999999981e-05,True,True,True,True,False
3.6576,0.011,0.0094349,0.0007000000000000001,13215,MOX,Zircaloy,Zircaloy,Zircaloy,SS316,Light Water Reactor,high,fixed_core_power,870.0,0.9,45.0,True,0.3,0.0,4.8047774634557925,90056701.84622623,118344238.17469421,18743157.72815288,2701701.055386787,51575976.322998434,35458594.62101379,3022130.902214007,28287536.328467973,2.309129146455372,2493.859478171801,6814.733397368614,8955.296116132744,2.732605207717782,3.5909385410511154,8.280621841569037,10.881631942579137,18.0,0.5426535470540343,8.254999999999981e-05,True,True,True,True,False
3.6576,0.011,0.009234899999999999,0.0008,13215,MOX,Zircaloy,Zircaloy,Zircaloy,SS316,Light Water Reactor,high,fixed_core_power,870.0,0.9,45.0,True,0.3,0.0,4.603234176962212,86802762.82499525,113903737.8440565,18856907.8799894,2604082.8847498572,49412547.974586256,33971232.9796647,3418981.8707442875,27100975.019061252,2.2122694103584566,2389.250963187133,6568.502673098392,8619.276416500681,2.749189086581495,3.6075224199148286,8.330876019943924,10.931886120954026,18.0,0.6141543611596287,8.254999999999981e-05,True,True,True,True,False
3.6576,0.0115,0.0105349,0.0004,13215,MOX,Zircaloy,Zircaloy,Zircaloy,SS316,Light Water Reactor,high,fixed_core_power,870.0,0.9,45.0,True,0.3,0.0,5.990450859764665,110377061.17551407,145645103.78692278,18425501.478840314,3311311.8352654222,64303363.48711745,44208700.66284458,1864997.0255520383,35268042.61140871,2.8789522066110775,3109.2683831399636,8352.407202082033,11021.195897610502,2.6862934211060834,3.5446267544394168,8.140283094260859,10.74129319527096,18.0,0.33417222592509205,8.254999999999981e-05,True,True,True,True,False
3.6576,0.0115,0.010334900000000001,0.0005,13215,MOX,Zircaloy,Zircaloy,Zircaloy,SS316,Light Water Reactor,high,fixed_core_power,870.0,0.9,45.0,True,0.3,0.0,5.765158243857492,106738873.85374866,140680533.89999565,18514474.250116892,3202166.21561246,61885002.44705851,42546072.247830644,2307799.1588595067,33941660.046247,2.7706787746302637,2992.3330766006843,8077.099799753966,10645.519023836221,2.699264952459644,3.5575982857929778,8.179590765029223,10.780600866039325,18.0,0.4139520816639653,8.254999999999894e-05,True,True,True,True,False
3.6576,0.0115,0.0101349,0.0006000000000000001,13215,MOX,Zircaloy,Zircaloy,Zircaloy,SS316,Light Water Reactor,high,fixed_core_power,870.0,0.9,45.0,True,0.3,0.0,5.544183687843699,103170549.8593531,135811249.38693926,18608789.980311647,3095116.495780593,59512992.80548077,40915310.518937565,2742246.5349347563,32640699.527586166,2.664480560082885,2877.6390048895164,7807.079066163685,10277.052545360519,2.713015445265494,3.571348778598827,8.221258925046952,10.822269026057052,18.0,0.49222665710587826,8.254999999999981e-05,True,True,True,True,False
3.6576,0.0115,0.0099349,0.0007000000000000001,13215,MOX,Zircaloy,Zircaloy,Zircaloy,SS316,Light Water Reactor,high,fixed_core_power,870.0,0.9,45.0,True,0.3,0.0,5.327527191723285,99672089.19232747,131037250.24775374,18708884.179357275,2990162.675769824,57187334.562384285,39316415.47616539,3168339.1537777935,31365161.055426262,2.5603575629689432,2765.186168006459,7542.345001311197,9915.796462183409,2.727608393451786,3.5859417267851197,8.265479980156927,10.86649008116703,18.0,0.5689959522508321,8.254999999999981e-05,True,True,True,True,False
3.6576,0.0115,0.0097349,0.0008,13215,MOX,Zircaloy,Zircaloy,Zircaloy,SS316,Light Water Reactor,high,fixed_core_power,870.0,0.9,45.0,True,0.3,0.0,5.115188755496253,96243491.85267171,126358536.48243898,18815237.60961087,2887304.7555801515,54908027.71776902,37749387.119514085,3586077.0153886145,30115044.62976726,2.4583097832884375,2654.974565951513,7282.897605196497,9561.750774304879,2.7431138883947797,3.601447221728113,8.312466328469029,10.91347642947913,18.0,0.6442599670988262,8.254999999999981e-05,True,True,True,True,False
3.6576,0.012,0.0110349,0.0004,13215,MOX,Zircaloy,Zircaloy,Zircaloy,SS316,Light Water Reactor,high,fixed_core_power,870.0,0.9,45.0,True,0.3,0.0,6.5725739115661375,121005286.5056527,159700506.9834072,18410639.13982203,3630158.5951695805,70552053.4556202,48504688.452158295,1948544.5978742014,38695220.47775451,3.1587148628343953,3411.4120518611476,9156.661861948747,12084.790539796231,2.6841266087903954,3.542459942123729,8.133716996334531,10.734727097344633,18.0,0.3492250288946906,8.254999999999981e-05,True,True,True,True,False
3.6576,0.012,0.010834900000000001,0.0005,13215,MOX,Zircaloy,Zircaloy,Zircaloy,SS316,Light Water Reactor,high,fixed_core_power,870.0,0.9,45.0,True,0.3,0.0,6.336486145925514,117192440.86546254,154497723.66180307,18494862.636260886,3515773.225963876,68017813.91935818,46762393.32184216,2412233.624262212,37305282.79634052,3.0452533872699914,3288.873658251591,8868.137787776204,11691.087677775487,2.696405733168426,3.5547390665017593,8.170926464146746,10.771936565156846,18.0,0.4327680853759638,8.254999999999894e-05,True,True,True,True,False
3.6576,0.012,0.010634900000000001,0.0006000000000000001,13215,MOX,Zircaloy,Zircaloy,Zircaloy,SS316,Light Water Reactor,high,fixed_core_power,870.0,0.9,45.0,True,0.3,0.0,6.1047164401782705,113449458.55264227,149390225.7140697,18583903.063207522,3403483.756579268,65529925.781577386,45051964.877646886,2867567.8934180024,35940767.16142742,2.9338671291390233,3168.5764994701453,8584.900382341451,11304.595211053325,2.7093871281873843,3.567720461520717,8.210264024810256,10.811274125820354,18.0,0.5148058615602764,8.254999999999981e-05,True,True,True,True,False
3.6576,0.012,0.0104349,0.0007000000000000001,13215,MOX,Zircaloy,Zircaloy,Zircaloy,SS316,Light Water Reactor,high,fixed_core_power,870.0,0.9,45.0,True,0.3,0.0,5.877264794324406,109776339.56719188,144378013.1402071,18678134.031531367,3293290.1870157565,63088389.04227781,43373403.1195725,3314547.40534158,34601673.573015235,2.824556088441491,3050.52057551681,8306.949645644487,10925.313139629747,2.723125263378087,3.58145859671142,8.251894737509353,10.852904838519454,18.0,0.5953383574476299,8.254999999999981e-05,True,True,True,True,False
3.6576,0.012,0.0102349,0.0008,13215,MOX,Zircaloy,Zircaloy,Zircaloy,SS316,Light Water Reactor,high,fixed_core_power,870.0,0.9,45.0,True,0.3,0.0,5.654131208363923,106173083.90911143,139461085.94021538,18777966.05640385,3185192.5172733427,60693203.70145948,41726708.04761899,3753172.160032942,33288002.031103965,2.7173202651773947,2934.705886391587,8034.285577685314,10553.241463504759,2.7376799886287735,3.596013321962107,8.295999965541737,10.897010066551838,18.0,0.6743655730380236,8.254999999999981e-05,True,True,True,True,False
3.6576,0.008,0.0070349,0.0004,13215,MOX,SS316,Zircaloy,Zircaloy,SS316,Light Water Reactor,low,fixed_core_power,870.0,0.9,45.0,True,0.3,0.0,2.671249978495921,26356649.325858757,42083305.01050614,9866785.039975623,790699.4797757627,15439861.468668785,9761723.496166239,1155064.361023733,15726655.684647383,1.283776663899175,1386.4787970111088,1994.4494382034625,3184.510405637998,1.4384997754765394,2.296833108809873,4.359090228716786,6.960100329726887,18.0,0.2794535635272071,8.254999999999981e-05,True,True,True,True,False
3.6576,0.008,0.0068349000000000005,0.0005,13215,MOX,SS316,Zircaloy,Zircaloy,SS316,Light Water Reactor,low,fixed_core_power,870.0,0.9,45.0,True,0.3,0.0,2.5215234107229043,25211448.651667878,40056607.58491946,9998498.742646977,756343.4595500364,14574439.85586402,9214567.90743577,1422440.8883680904,14845158.93325158,1.2118195370034934,1308.765099963773,1907.7902876782352,3031.146998480474,1.4577025989851375,2.3160359323184707,4.417280602985265,7.0182907039953655,18.0,0.3447206786931006,8.254999999999981e-05,True,True,True,True,False
3.6576,0.008,0.006634900000000001,0.0006000000000000001,13215,MOX,SS316,Zircaloy,Zircaloy,SS316,Light Water Reactor,low,fixed_core_power,870.0,0.9,45.0,True,0.3,0.0,2.3761149028432684,24099454.458317924,38088538.68667462,10142377.554839803,722983.6337495378,13733976.688395306,8683192.0873748,1682285.68254782,13989084.228356691,1.1419376275412483,1233.2926377445483,1823.6439242011293,2882.2201049318664,1.478678999929991,2.337012333263324,4.480845454333306,7.081855555343406,18.0,0.4081492835726313,8.254999999999981e-05,True,True,True,True,False
3.6576,0.008,0.0064349,0.0007000000000000001,13215,MOX,SS316,Zircaloy,Zircaloy,SS316,Light Water Reactor,low,fixed_core_power,870.0,0.9,45.0,True,0.3,0.0,2.235024454857011,23020666.745808877,36179098.31577158,10299961.906806814,690620.0023742663,12918471.966262631,8167596.035983323,1934598.74356292,13158431.569962705,1.0741309355124387,1160.0614103534335,1742.0103477721436,2737.729724992174,1.501653560945027,2.3599868942783604,4.5504653361970515,7.151475437207153,18.0,0.46973937816579886,8.254999999999981e-05,True,True,True,True,False
3.6576,0.008,0.006234900000000001,0.0008,13215,MOX,SS316,Zircaloy,Zircaloy,SS316,Light Water Reactor,low,fixed_core_power,870.0,0.9,45.0,True,0.3,0.0,2.0982520667641356,21975085.514140747,34328286.472210385,10473043.66440115,659252.5654242224,12127925.689466013,7667779.753261347,2179380.0714133885,12353200.958069637,1.008399460917066,1089.071417790431,1662.8895583912786,2597.6758586613987,1.5268875220002025,2.385220855333536,4.626931884849098,7.227941985859199,18.0,0.5294909624726029,8.254999999999981e-05,True,True,True,True,False
3.6576,0.0085,0.007534900000000001,0.0004,13215,MOX,SS316,Zircaloy,Zircaloy,SS316,Light Water Reactor,low,fixed_core_power,870.0,0.9,45.0,True,0.3,0.0,3.064457909962003,30141639.34761739,48183258.364195764,9835879.699842615,904249.1804285217,17712608.6990259,11198648.95592146,1230381.692670031,18041619.01657837,1.472748557409662,1590.5684420024347,2280.8656335692312,3646.103546287988,1.4339940195831824,2.292327352916516,4.345436422979341,6.946446523989441,18.0,0.2978386663908391,8.254999999999981e-05,True,True,True,True,False
3.6576,0.0085,0.007334900000000001,0.0005,13215,MOX,SS316,Zircaloy,Zircaloy,SS316,Light Water Reactor,low,fixed_core_power,870.0,0.9,45.0,True,0.3,0.0,2.903936192455536,28913422.47132424,46009989.62025453,9956631.466780052,867402.6741397271,16784790.972881023,10612043.945517251,1516587.552925964,17096567.148930296,1.3956033869303903,1507.2516578848215,2187.9245154237033,3481.6488551081748,1.4515986789452888,2.309932012278622,4.398783875591784,6.999793976601884,18.0,0.36770205727264077,8.254999999999981e-05,True,True,True,True,False
3.6576,0.0085,0.007134900000000001,0.0006000000000000001,13215,MOX,SS316,Zircaloy,Zircaloy,SS316,Light Water Reactor,low,fixed_core_power,870.0,0.9,45.0,True,0.3,0.0,2.747732534842448,27718412.07587199,43895349.40365512,10087740.245599024,831552.3622761597,15881931.692072187,10041218.703782536,1795261.6800172676,16176937.327783128,1.3205334338845547,1426.176108595319,2097.496184326295,3321.6306775372773,1.4707133093066451,2.3290466426399785,4.456706997898924,7.057717098909025,18.0,0.4357269378680794,8.254999999999981e-05,True,True,True,True,False
3.6576,0.0085,0.006934900000000001,0.0007000000000000001,13215,MOX,SS316,Zircaloy,Zircaloy,SS316,Light Water Reactor,low,fixed_core_power,870.0,0.9,45.0,True,0.3,0.0,2.595846937122741,26556608.161260664,41839337.714397535,10230421.440293485,796698.24483782,15004030.8565994,9486173.23071732,2066404.073943941,15282729.553136872,1.247538698272155,1347.3417941339274,2009.5806402770083,3166.0490135752957,1.4915151070250654,2.3498484403583983,4.519742748560804,7.120752849570904,18.0,0.5019133081771547,8.254999999999981e-05,True,True,True,True,False
3.6576,0.0085,0.006734900000000001,0.0008,13215,MOX,SS316,Zircaloy,Zircaloy,SS316,Light Water Reactor,low,fixed_core_power,870.0,0.9,45.0,True,0.3,0.0,2.4482793992964136,25428010.727490243,39841954.55248177,10386073.883069776,762840.3218247072,14151088.466462659,8946907.5263216,2330014.7347059846,14413943.824991524,1.1766191800931916,1270.7487145006467,1924.1778832758414,3014.90386322223,1.514208010851277,2.3725413441846106,4.588509123791749,7.18951922480185,18.0,0.5662611681998668,8.254999999999981e-05,True,True,True,True,False
3.6576,0.009000000000000001,0.008034900000000001,0.0004,13215,MOX,SS316,Zircaloy,Zircaloy,SS316,Light Water Reactor,low,fixed_core_power,870.0,0.9,45.0,True,0.3,0.0,3.4846537157617132,34181243.20691068,54696713.346050724,9809078.89134085,1025437.2962073203,20141346.212733313,12734197.969861038,1305699.0243163293,20515470.139140047,1.674690559879125,1808.6658046694554,2586.548861665583,4138.987010673532,1.4300866721689862,2.288420005502319,4.333595976269655,6.934606077279754,18.0,0.31622376925447115,8.254999999999981e-05,True,True,True,True,False
3.6576,0.009000000000000001,0.007834900000000002,0.0005,13215,MOX,SS316,Zircaloy,Zircaloy,SS316,Light Water Reactor,low,fixed_core_power,870.0,0.9,45.0,True,0.3,0.0,3.3133368485217947,32870010.128515247,52376873.283754945,9920515.67083492,986100.3038554573,19151132.37324832,12108143.537783088,1610734.2174838379,19506863.155239698,1.5923573458162632,1719.745933481564,2487.325775899754,3963.4410354714296,1.4463332795119637,2.3046666128452973,4.382828119733223,6.9838382207433245,18.0,0.3906834358521811,8.254999999999894e-05,True,True,True,True,False
3.6576,0.009000000000000001,0.007634900000000002,0.0006000000000000001,13215,MOX,SS316,Zircaloy,Zircaloy,SS316,Light Water Reactor,low,fixed_core_power,870.0,0.9,45.0,True,0.3,0.0,3.1463380411752557,31591983.530960705,50115661.748800956,10040873.904051362,947759.5059288212,18185876.979099363,11497868.874374628,1908237.6774867135,18523678.21784025,1.5120993491868369,1633.067297121784,2390.6154771820434,3792.331573878241,1.463880564747949,2.3222138980812823,4.436001711357421,7.037011812367522,18.0,0.4633045921635271,8.254999999999981e-05,True,True,True,True,False
3.6576,0.009000000000000001,0.007434900000000001,0.0007000000000000001,13215,MOX,SS316,Zircaloy,Zircaloy,SS316,Light Water Reactor,low,fixed_core_power,870.0,0.9,45.0,True,0.3,0.0,2.9836572937220973,30347163.414247088,47913078.74118881,10171129.06301285,910414.9024274126,17245580.030286457,10903373.979635669,2198209.4043249628,17565915.32694172,1.4339165699908467,1548.6298955901143,2296.4179655124544,3625.6586258939697,1.4828707440375166,2.34120407737085,4.493547709204596,7.094557810214697,18.0,0.5340872381885108,8.254999999999981e-05,True,True,True,True,False
3.6576,0.009000000000000001,0.007234900000000002,0.0008,13215,MOX,SS316,Zircaloy,Zircaloy,SS316,Light Water Reactor,low,fixed_core_power,870.0,0.9,45.0,True,0.3,0.0,2.82529460616232,29135549.77837438,45769124.26091848,10312393.516352637,874066.4933512314,16330241.526809597,10324658.853566207,2480649.3979985807,16633574.482544098,1.357809008228293,1466.4337288865565,2204.733240890986,3463.422191518614,1.5034659919920217,2.361799325325355,4.555957551490975,7.156967652501075,18.0,0.6030313739271308,8.254999999999981e-05,True,True,True,True,False
3.6576,0.0095,0.0085349,0.0004,13215,MOX,SS316,Zircaloy,Zircaloy,SS316,Light Water Reactor,low,fixed_core_power,870.0,0.9,45.0,True,0.3,0.0,3.931837395895048,38475460.90373861,61623669.95607102,9785618.53649088,1154263.8271121583,22726074.009791017,14368370.537984967,1381016.355962628,23148209.052332405,1.8896026713075635,2040.7708850121685,2911.499122492517,4663.160798794629,1.4266663366648122,2.284999669998146,4.323231323226704,6.924241424236805,18.0,0.33460887211810336,8.254999999999981e-05,True,True,True,True,False
3.6576,0.0095,0.0083349,0.0005,13215,MOX,SS316,Zircaloy,Zircaloy,SS316,Light Water Reactor,low,fixed_core_power,870.0,0.9,45.0,True,0.3,0.0,3.749725378921677,37081211.623240866,59157258.57542063,9889047.297086181,1112436.348697226,21673464.05696589,13702866.684233269,1704880.8820417086,22076046.95217977,1.8020814136611105,1946.2479267539989,2805.994069106384,4476.523539570233,1.4417454377389067,2.3000787710722403,4.3689255689057775,6.96993566991588,18.0,0.41366481443172065,8.255000000000068e-05,True,True,True,True,False
3.6576,0.0095,0.0081349,0.0006000000000000001,13215,MOX,SS316,Zircaloy,Zircaloy,SS316,Light Water Reactor,low,fixed_core_power,870.0,0.9,45.0,True,0.3,0.0,3.5719314218416893,35720168.82358407,56749475.722112134,10000239.25576005,1071605.064707522,20645812.54947683,13053142.599151075,2021213.6749561618,21029306.89852806,1.7166353734480946,1853.9662033239422,2703.0018027683745,4294.322793954759,1.457956352128864,2.3162896854621975,4.418049551905648,7.019059652915749,18.0,0.4908822464589754,8.254999999999981e-05,True,True,True,True,False
3.6576,0.0095,0.0079349,0.0007000000000000001,13215,MOX,SS316,Zircaloy,Zircaloy,SS316,Light Water Reactor,low,fixed_core_power,870.0,0.9,45.0,True,0.3,0.0,3.3984555246550796,34392332.504768156,54400321.3961454,10119988.993605778,1031769.9751430446,19643119.487323802,12419198.282738369,2330014.734705985,20007988.891377248,1.633264550668514,1763.9257147219948,2602.522323478483,4116.558561948195,1.475414923518282,2.3337482568516155,4.470954313691764,7.071964414701864,18.0,0.5662611681998669,8.254999999999981e-05,True,True,True,True,False
3.6576,0.0095,0.0077349,0.0008,13215,MOX,SS316,Zircaloy,Zircaloy,SS316,Light Water Reactor,low,fixed_core_power,870.0,0.9,45.0,True,0.3,0.0,3.229297687361852,33097702.66679318,52109795.59752053,10249195.296031091,992931.0800037953,18665384.87050683,11801033.734995168,2631284.061291179,19012092.930727355,1.55196894532237,1676.1264609481598,2504.5556312367144,3943.230843550551,1.4942521877614918,2.352585521094825,4.528036932610581,7.129047033620681,18.0,0.6398015796543954,8.254999999999938e-05,True,True,True,True,False
3.6576,0.01,0.0090349,0.0004,13215,MOX,SS316,Zircaloy,Zircaloy,SS316,Light Water Reactor,low,fixed_core_power,870.0,0.9,45.0,True,0.3,0.0,4.406008950362012,43024292.43810119,68964128.19425663,9764912.627916059,1290728.7731430356,25466792.090199012,16101166.660293251,1456333.687608927,25939835.75615545,2.117484891694978,2286.8836830305763,3255.716416050033,5218.624910651278,1.4236475777970308,2.2819809111303644,4.3140835690819115,6.915093670092013,18.0,0.35299397498173557,8.254999999999981e-05,True,True,True,True,False
3.6576,0.01,0.0088349,0.0005,13215,MOX,SS316,Zircaloy,Zircaloy,SS316,Light Water Reactor,low,fixed_core_power,870.0,0.9,45.0,True,0.3,0.0,4.2131017836551905,41547026.95550117,66351145.495251715,9861386.951695224,1246410.808665035,24351786.024033774,15396213.384867812,1799027.5465995825,24804118.539750542,2.0247755904649347,2186.7576377021296,3143.9293950435995,5020.8963674045945,1.437712776596165,2.2960461099294984,4.3567053836247425,6.957715484634844,18.0,0.436646193011261,8.255000000000068e-05,True,True,True,True,False
3.6576,0.01,0.008634900000000001,0.0006000000000000001,13215,MOX,SS316,Zircaloy,Zircaloy,SS316,Light Water Reactor,low,fixed_core_power,870.0,0.9,45.0,True,0.3,0.0,4.02451267684175,40102967.95374208,63796791.32358864,9964676.763103904,1203089.0386122623,23261738.40320459,14707039.878111875,2134189.67242561,23693823.369846556,1.9341415066683285,2088.8728272017943,3034.655161085288,4827.604337766828,1.4527716199700111,2.3111049533033445,4.402338242333367,7.003348343343468,18.0,0.5184599007544237,8.254999999999981e-05,True,True,True,True,False
3.6576,0.01,0.0084349,0.0007000000000000001,13215,MOX,SS316,Zircaloy,Zircaloy,SS316,Light Water Reactor,low,fixed_core_power,870.0,0.9,45.0,True,0.3,0.0,3.8402416299216915,38692115.4328239,61301065.67926738,10075437.735831453,1160763.4629847168,22196649.227711454,14033646.140025433,2461820.065087007,22608950.246443477,1.8455826403051578,1993.2292515295708,2927.893714175096,4638.748821737978,1.4689196999935052,2.3272530333268384,4.4512718181621365,7.052281919172238,18.0,0.598435098211223,8.254999999999981e-05,True,True,True,True,False
3.6576,0.01,0.0082349,0.0008,13215,MOX,SS316,Zircaloy,Zircaloy,SS316,Light Water Reactor,low,fixed_core_power,870.0,0.9,45.0,True,0.3,0.0,3.66028864289501,37314469.392746605,58863968.5622879,10194406.243119039,1119434.081782398,21156518.49755435,13376032.170608481,2781918.724583776,21549499.169541296,1.7590989913754227,1899.8269106854564,2823.6450543130236,4454.32981931804,1.4862643741025092,2.344597707435842,4.50383143667427,7.10484153768437,18.0,0.6765717853816596,8.254999999999981e-05,True,True,True,True,False
3.6576,0.0105,0.0095349,0.0004,13215,MOX,SS316,Zircaloy,Zircaloy,SS316,Light Water Reactor,low,fixed_core_power,870.0,0.9,45.0,True,0.3,0.0,4.907168379162603,47827737.80999843,76718088.06060761,9746504.320717873,1434832.1342999528,28363500.453957308,17932586.336785894,1531651.0192552248,28890350.250609186,2.358337221041369,2547.004198724678,3619.2007423381333,5805.379346243481,1.4209637911670185,2.279297124500352,4.305950882324298,6.9069609833343995,18.0,0.37137907784536756,8.254999999999981e-05,True,True,True,True,False
3.6576,0.0105,0.0093349,0.0005,13215,MOX,SS316,Zircaloy,Zircaloy,SS316,Light Water Reactor,low,fixed_core_power,870.0,0.9,45.0,True,0.3,0.0,4.70346606272233,46267456.12529612,73958534.04324813,9836885.290188927,1388023.6837588837,27186098.274451952,17188183.639686715,1893174.2111574546,27691077.917952005,2.260439876227735,2441.275066325954,3501.131753711398,5596.559518974509,1.434140626758826,2.2924739600921593,4.345880687147957,6.946890788158059,18.0,0.4596275715908009,8.255000000000068e-05,True,True,True,True,False
3.6576,0.0105,0.009134900000000001,0.0006000000000000001,13215,MOX,SS316,Zircaloy,Zircaloy,SS316,Light Water Reactor,low,fixed_core_power,870.0,0.9,45.0,True,0.3,0.0,4.50408180617544,44740380.921434745,71257608.5532305,9933296.695475705,1342211.4276430423,26033654.54028265,16459560.711257033,2247165.6698950566,26517227.631795745,2.1646177488475384,2337.787168755341,3385.575552132784,5392.176205314453,1.4481966525358658,2.3065299858691994,4.388474704654139,6.98948480566424,18.0,0.5460375550498716,8.254999999999981e-05,True,True,True,True,False
3.6576,0.0105,0.0089349,0.0007000000000000001,13215,MOX,SS316,Zircaloy,Zircaloy,SS316,Light Water Reactor,low,fixed_core_power,870.0,0.9,45.0,True,0.3,0.0,4.309015609521929,43246512.19841427,68615311.59055465,10036285.80570687,1297395.3659524282,24906169.251449395,15746717.551496848,2593625.395468031,25368799.39214039,2.0708708389007775,2236.5405060128396,3272.5321376022907,5192.229405263311,1.4632116560394206,2.3215449893727533,4.433974715270971,7.03498481628107,18.0,0.6306090282225797,8.254999999999981e-05,True,True,True,True,False
3.6576,0.0105,0.0087349,0.0008,13215,MOX,SS316,Zircaloy,Zircaloy,SS316,Light Water Reactor,low,fixed_core_power,870.0,0.9,45.0,True,0.3,0.0,4.118267472761798,41785849.95623471,66031643.15522064,10146463.344745364,1253575.4986870412,23803642.40795218,15049654.160406157,2932553.387876373,24245793.198985938,1.9791991463874523,2137.5350780984486,3162.0015101199174,4996.719118821085,1.479274676012725,2.337608009346058,4.482650533371894,7.083660634381994,18.0,0.7133419911089238,8.254999999999981e-05,True,True,True,True,False
3.6576,0.011,0.0100349,0.0004,13215,MOX,SS316,Zircaloy,Zircaloy,SS316,Light Water Reactor,low,fixed_core_power,870.0,0.9,45.0,True,0.3,0.0,5.4353156822968165,52885797.01943029,84885549.55512388,9730032.27607972,1586573.9105829087,31416199.10106588,19862629.567462884,1606968.3509015238,31999752.535693593,2.612159659346734,2821.132432094472,4001.9521013568133,6423.4241055712355,1.4185622964128892,2.276895629746223,4.2986736254936035,6.899683726503706,18.0,0.38976418070899976,8.254999999999981e-05,True,True,True,True,False
3.6576,0.011,0.0098349,0.0005,13215,MOX,SS316,Zircaloy,Zircaloy,SS316,Light Water Reactor,low,fixed_core_power,870.0,0.9,45.0,True,0.3,0.0,5.220818216123097,51242499.132625714,81979424.21940987,9815032.244251868,1537274.9739787714,30176400.80822042,19078777.448689967,1987320.8757153298,30736925.08678415,2.5090742709495113,2709.800212625472,3877.601145109778,6203.512994279975,1.4309546242720406,2.289287957605374,4.336226134157698,6.937236235167799,18.0,0.48260895017034156,8.254999999999894e-05,True,True,True,True,False
3.6576,0.011,0.0096349,0.0006000000000000001,13215,MOX,SS316,Zircaloy,Zircaloy,SS316,Light Water Reactor,low,fixed_core_power,870.0,0.9,45.0,True,0.3,0.0,5.010638809842753,49632407.72666203,79131927.41103764,9905405.200862927,1488972.231799861,28961560.96071099,18310705.09858654,2360141.6673645023,29499519.684375606,2.4080640999857232,2600.7092279845806,3755.7629759108613,5988.038396597627,1.444130291651785,2.3024636249851187,4.376152398944803,6.977162499954905,18.0,0.5736152093453193,8.254999999999981e-05,True,True,True,True,False
3.6576,0.011,0.0094349,0.0007000000000000001,13215,MOX,SS316,Zircaloy,Zircaloy,SS316,Light Water Reactor,low,fixed_core_power,870.0,0.9,45.0,True,0.3,0.0,4.8047774634557925,48055522.80153927,76343059.13000724,10001612.59642934,1441665.6840461781,27771679.558537614,17558412.51715261,2725430.72584905,28287536.328467973,2.309129146455372,2493.859478171801,3636.437593760066,5777.000312524195,1.458156574413674,2.316489907747007,4.418656286102042,7.019666387112142,18.0,0.6627829582339351,8.254999999999981e-05,True,True,True,True,False
3.6576,0.011,0.009234899999999999,0.0008,13215,MOX,SS316,Zircaloy,Zircaloy,SS316,Light Water Reactor,low,fixed_core_power,870.0,0.9,45.0,True,0.3,0.0,4.603234176962212,46511844.35725744,73612819.3763187,10104166.455409784,1395355.3307177231,26606756.601700287,16821899.704388183,3083188.051168969,27100975.019061252,2.2122694103584566,2389.250963187133,3519.6249986573926,5570.398742059681,1.4731081217028792,2.3314414550362126,4.46396400516024,7.064974106170341,18.0,0.7501121968361878,8.254999999999981e-05,True,True,True,True,False
3.6576,0.0115,0.0105349,0.0004,13215,MOX,SS316,Zircaloy,Zircaloy,SS316,Light Water Reactor,low,fixed_core_power,870.0,0.9,45.0,True,0.3,0.0,5.990450859764665,58198470.06639683,93466512.67780554,9715206.990060037,1745954.101991905,34624888.03152477,21891296.352324244,1682285.682547821,35268042.61140871,2.8789522066110775,3109.2683831399636,4403.970493106079,7072.759188634547,1.4164008861334227,2.274734219466756,4.292123897374008,6.8931339983841085,18.0,0.4081492835726315,8.254999999999981e-05,True,True,True,True,False
3.6576,0.0115,0.010334900000000001,0.0005,13215,MOX,SS316,Zircaloy,Zircaloy,SS316,Light Water Reactor,low,fixed_core_power,870.0,0.9,45.0,True,0.3,0.0,5.765158243857492,56472155.97748998,90413816.02373698,9795421.667333838,1694164.6793246993,33322693.62533919,21067994.811877582,2081467.5402732014,33941660.046247,2.7706787746302637,2992.3330766006843,4273.337569238743,6841.7567933209975,1.428095556158237,2.2864288894915705,4.327562291388596,6.928572392398698,18.0,0.5055903287498813,8.254999999999894e-05,True,True,True,True,False
3.6576,0.0115,0.0101349,0.0006000000000000001,13215,MOX,SS316,Zircaloy,Zircaloy,SS316,Light Water Reactor,low,fixed_core_power,870.0,0.9,45.0,True,0.3,0.0,5.544183687843699,54779048.369424,87419747.89701016,9880453.364042351,1643371.45108272,32045457.66448964,20260473.04010041,2473117.66483395,32640699.527586166,2.664480560082885,2877.6390048895164,4145.217432419523,6615.190911616357,1.4404925097888273,2.2988258431221604,4.3651288175419,6.966138918552001,18.0,0.6011928636407674,8.254999999999981e-05,True,True,True,True,False
3.6576,0.0115,0.0099349,0.0007000000000000001,13215,MOX,SS316,Zircaloy,Zircaloy,SS316,Light Water Reactor,low,fixed_core_power,870.0,0.9,45.0,True,0.3,0.0,5.327527191723285,53119147.24219896,84484308.29762521,9970694.720192805,1593574.4172659686,30793180.148976147,19468731.03699274,2857236.056230072,31365161.055426262,2.5603575629689432,2765.186168006459,4019.6100826484267,6393.061543520636,1.4536489908548673,2.3119823241882003,4.404996941984447,7.006007042994546,18.0,0.6949568882452911,8.254999999999981e-05,True,True,True,True,False
3.6576,0.0115,0.0097349,0.0008,13215,MOX,SS316,Zircaloy,Zircaloy,SS316,Light Water Reactor,low,fixed_core_power,870.0,0.9,45.0,True,0.3,0.0,5.115188755496253,51492452.595814824,81607497.2255821,10066579.1737375,1544773.5778744447,29565861.078798696,18692768.802554566,3233822.7144615646,30115044.62976726,2.4583097832884375,2654.974565951513,3896.51551992545,6175.368689033832,1.4676281912060363,2.3259615245393697,4.447358155169806,7.0483682561799075,18.0,0.7868824025634518,8.254999999999981e-05,True,True,True,True,False
3.6576,0.012,0.0110349,0.0004,13215,MOX,SS316,Zircaloy,Zircaloy,SS316,Light Water Reactor,low,fixed_core_power,870.0,0.9,45.0,True,0.3,0.0,6.5725739115661375,63765756.950898014,102460977.42865252,9701793.819113351,1912972.7085269403,37989567.24533395,24018586.69136995,1757603.0141941183,38695220.47775451,3.1587148628343953,3411.4120518611476,4825.255917585926,7753.384595433411,1.4144453511423325,2.2727786844756657,4.286198033764644,6.8872081347747445,18.0,0.4265343864362633,8.254999999999981e-05,True,True,True,True,False
3.6576,0.012,0.010834900000000001,0.0005,13215,MOX,SS316,Zircaloy,Zircaloy,SS316,Light Water Reactor,low,fixed_core_power,870.0,0.9,45.0,True,0.3,0.0,6.336486145925514,61956426.65988887,99261709.45622939,9777726.208669782,1858692.799796666,36624976.72580825,23155835.72924955,2175614.2048310745,37305282.79634052,3.0452533872699914,3288.873658251591,4688.341026098287,7511.2909160975705,1.4255156972465375,2.283849030579871,4.3197445371107195,6.920754638120822,18.0,0.5285717073294214,8.254999999999894e-05,True,True,True,True,False
3.6576,0.012,0.010634900000000001,0.0006000000000000001,13215,MOX,SS316,Zircaloy,Zircaloy,SS316,Light Water Reactor,low,fixed_core_power,870.0,0.9,45.0,True,0.3,0.0,6.1047164401782705,60180302.84972063,96121070.01114805,9858001.340347799,1805409.0854916188,35285344.65161859,22308864.53579864,2586093.6623033974,35940767.16142742,2.9338671291390233,3168.5764994701453,4553.938921658769,7273.633750370644,1.437219181048741,2.2955525143820745,4.355209639541639,6.956219740551741,18.0,0.6287705179362155,8.254999999999981e-05,True,True,True,True,False
3.6576,0.012,0.0104349,0.0007000000000000001,13215,MOX,SS316,Zircaloy,Zircaloy,SS316,Light Water Reactor,low,fixed_core_power,870.0,0.9,45.0,True,0.3,0.0,5.877264794324406,58437385.52039329,93039059.09340852,9942956.045952784,1753121.5656117985,33970671.02276497,21477673.111017223,2989041.3866110938,34601673.573015235,2.824556088441491,3050.52057551681,4422.049604267369,7040.413098252631,1.4496049099810446,2.307938243314378,4.3927421514577105,6.993752252467812,18.0,0.7271308182566472,8.254999999999981e-05,True,True,True,True,False
3.6576,0.012,0.0102349,0.0008,13215,MOX,SS316,Zircaloy,Zircaloy,SS316,Light Water Reactor,low,fixed_core_power,870.0,0.9,45.0,True,0.3,0.0,5.654131208363923,56727674.67190688,90015676.70301084,10032960.428649405,1701830.2401572063,32680955.83924741,20662261.45490531,3384457.37775416,33288002.031103965,2.7173202651773947,2934.705886391587,4292.673073924092,6811.628959743537,1.4627268421784558,2.3210601755117892,4.4325055823589565,7.033515683369058,18.0,0.8236526082907157,8.254999999999981e-05,True,True,True,True,False
3.6576,0.008,0.0070349,0.0004,13215,MOX,SS316,Zircaloy,Zircaloy,SS316,Light Water Reactor,mean,fixed_core_power,870.0,0.9,45.0,True,0.3,0.0,2.671249978495921,37201437.87889725,52928093.56354463,13926602.968039688,1116043.1363669175,22056944.95524112,13989428.562632395,1155064.361023733,15726655.684647383,1.283776663899175,1386.4787970111088,2815.0917804689557,4005.1527479034908,2.030389347848354,2.8887226811816875,6.1526949934798605,8.753705094489963,18.0,0.2794535635272071,8.254999999999981e-05,True,True,True,True,False
3.6576,0.008,0.0068349000000000005,0.0005,13215,MOX,SS316,Zircaloy,Zircaloy,SS316,Light Water Reactor,mean,fixed_core_power,870.0,0.9,45.0,True,0.3,0.0,2.5215234107229043,35448374.60055398,50293533.533805564,14058316.670711046,1063451.2380166193,20820628.36552003,13205305.34666586,1422440.8883680904,14845158.93325158,1.2118195370034934,1308.765099963773,2682.434703030948,3805.7914138331867,2.0495921713569523,2.907925504690285,6.2108853677483395,8.81189546875844,18.0,0.3447206786931006,8.254999999999981e-05,True,True,True,True,False
3.6576,0.008,0.006634900000000001,0.0006000000000000001,13215,MOX,SS316,Zircaloy,Zircaloy,SS316,Light Water Reactor,mean,fixed_core_power,870.0,0.9,45.0,True,0.3,0.0,2.3761149028432684,33746048.34002124,47735132.56837793,14202195.482903872,1012381.4502006371,19619966.697707582,12443795.959765833,1682285.68254782,13989084.228356691,1.1419376275412483,1233.2926377445483,2553.6169761650576,3612.193156895795,2.0705685723018057,2.928901905635139,6.274450219096381,8.875460320106482,18.0,0.4081492835726313,8.254999999999981e-05,True,True,True,True,False
3.6576,0.008,0.0064349,0.0007000000000000001,13215,MOX,SS316,Zircaloy,Zircaloy,SS316,Light Water Reactor,mean,fixed_core_power,870.0,0.9,45.0,True,0.3,0.0,2.235024454857011,32094459.097298987,45252890.66726169,14359779.83487088,962833.7729189696,18454959.951803762,11704900.401932303,1934598.74356292,13158431.569962705,1.0741309355124387,1160.0614103534335,2428.6385998712817,3424.357977091312,2.0935431333168415,2.951876466650175,6.344070100960125,8.945080201970226,18.0,0.46973937816579886,8.254999999999981e-05,True,True,True,True,False
3.6576,0.008,0.006234900000000001,0.0008,13215,MOX,SS316,Zircaloy,Zircaloy,SS316,Light Water Reactor,mean,fixed_core_power,870.0,0.9,45.0,True,0.3,0.0,2.0982520667641356,30493606.872387268,42846807.830456905,14532861.592465216,914808.206171618,17325608.127808593,10988618.673165288,2179380.0714133885,12353200.958069637,1.008399460917066,1089.071417790431,2307.499574149623,3242.2858744197433,2.1187770943720174,2.9771104277053513,6.420536649612174,9.021546750622276,18.0,0.5294909624726029,8.254999999999981e-05,True,True,True,True,False
3.6576,0.0085,0.007534900000000001,0.0004,13215,MOX,SS316,Zircaloy,Zircaloy,SS316,Light Water Reactor,mean,fixed_core_power,870.0,0.9,45.0,True,0.3,0.0,3.064457909962003,42582780.51027887,60624399.52685724,13895697.627906682,1277483.415308366,25303726.712894145,16048672.104714694,1230381.692670031,18041619.01657837,1.472748557409662,1590.5684420024347,3222.306508534156,4587.544421252913,2.025883591954997,2.8842169252883307,6.139041187742414,8.740051288752516,18.0,0.2978386663908391,8.254999999999981e-05,True,True,True,True,False
3.6576,0.0085,0.007334900000000001,0.0005,13215,MOX,SS316,Zircaloy,Zircaloy,SS316,Light Water Reactor,mean,fixed_core_power,870.0,0.9,45.0,True,0.3,0.0,2.903936192455536,40702874.68740933,57799441.83633962,14016449.394844119,1221086.2406222797,23978272.818401463,15208014.316081898,1516587.552925964,17096567.148930296,1.3956033869303903,1507.2516578848215,3080.051054665859,4373.775394350331,2.0434882513171035,2.901821584650437,6.192388640354859,8.79339874136496,18.0,0.36770205727264077,8.254999999999981e-05,True,True,True,True,False
3.6576,0.0085,0.007134900000000001,0.0006000000000000001,13215,MOX,SS316,Zircaloy,Zircaloy,SS316,Light Water Reactor,mean,fixed_core_power,870.0,0.9,45.0,True,0.3,0.0,2.747732534842448,38873705.88235029,55050643.21013342,14147558.173663093,1166211.1764705086,22688473.845817413,14389970.356515605,1795261.6800172676,16176937.327783128,1.3205334338845547,1426.176108595319,2941.6349513696773,4165.76944458066,2.06260288167846,2.920936215011794,6.250311762662,8.851321863672103,18.0,0.4357269378680794,8.254999999999981e-05,True,True,True,True,False
3.6576,0.0085,0.006934900000000001,0.0007000000000000001,13215,MOX,SS316,Zircaloy,Zircaloy,SS316,Light Water Reactor,mean,fixed_core_power,870.0,0.9,45.0,True,0.3,0.0,2.595846937122741,37095274.09510176,52378003.64823863,14290239.36835755,1112858.2228530527,21434329.795142002,13594540.226015817,2066404.073943941,15282729.553136872,1.247538698272155,1347.3417941339274,2807.058198645612,3963.5265719438994,2.08340467939688,2.9417380127302133,6.313347513323878,8.91435761433398,18.0,0.5019133081771547,8.254999999999981e-05,True,True,True,True,False
3.6576,0.0085,0.006734900000000001,0.0008,13215,MOX,SS316,Zircaloy,Zircaloy,SS316,Light Water Reactor,mean,fixed_core_power,870.0,0.9,45.0,True,0.3,0.0,2.4482793992964136,35367579.32566375,49781523.15065528,14445891.811133847,1061027.3797699125,20215840.66637523,12821723.924582535,2330014.7347059846,14413943.824991524,1.1766191800931916,1270.7487145006467,2676.320796493663,3767.0467764400514,2.106097583223092,2.9644309165564255,6.382113888554825,8.983123989564925,18.0,0.5662611681998668,8.254999999999981e-05,True,True,True,True,False
3.6576,0.009000000000000001,0.008034900000000001,0.0004,13215,MOX,SS316,Zircaloy,Zircaloy,SS316,Light Water Reactor,mean,fixed_core_power,870.0,0.9,45.0,True,0.3,0.0,3.4846537157617132,48328302.835255146,68843772.97439519,13868896.819404915,1449849.0850576544,28773351.732476167,18249252.078462653,1305699.0243163293,20515470.139140047,1.674690559879125,1808.6658046694554,3657.0792913549108,5209.517440362859,2.0219762445408005,2.8803095778741334,6.127200741032729,8.728210842042829,18.0,0.31622376925447115,8.254999999999981e-05,True,True,True,True,False
3.6576,0.009000000000000001,0.007834900000000002,0.0005,13215,MOX,SS316,Zircaloy,Zircaloy,SS316,Light Water Reactor,mean,fixed_core_power,870.0,0.9,45.0,True,0.3,0.0,3.3133368485217947,46321554.46785932,65828417.623099014,13980333.598898984,1389646.6340357796,27358760.533211887,17352059.717163596,1610734.2174838379,19506863.155239698,1.5923573458162632,1719.745933481564,3505.225461056324,4981.340720628,2.0382228518837784,2.896556185217112,6.176432884496298,8.777442985506399,18.0,0.3906834358521811,8.254999999999894e-05,True,True,True,True,False
3.6576,0.009000000000000001,0.007634900000000002,0.0006000000000000001,13215,MOX,SS316,Zircaloy,Zircaloy,SS316,Light Water Reactor,mean,fixed_core_power,870.0,0.9,45.0,True,0.3,0.0,3.1463380411752557,44365543.11827398,62889221.33611423,14100691.832115427,1330966.2935482194,25979824.255856235,16477481.184931036,1908237.6774867135,18523678.21784025,1.5120993491868369,1633.067297121784,3357.210981329851,4758.927078026049,2.0557701371197634,2.9141034704530964,6.229606476120495,8.830616577130595,18.0,0.4633045921635271,8.254999999999981e-05,True,True,True,True,False
3.6576,0.009000000000000001,0.007434900000000001,0.0007000000000000001,13215,MOX,SS316,Zircaloy,Zircaloy,SS316,Light Water Reactor,mean,fixed_core_power,870.0,0.9,45.0,True,0.3,0.0,2.9836572937220973,42460268.78649917,60026184.11344089,14230946.991076915,1273808.063594975,24636542.900409225,15625516.481764985,2198209.4043249628,17565915.32694172,1.4339165699908467,1548.6298955901143,3213.0358521754956,4542.27651255701,2.0747603164093316,2.933093649742665,6.287152473967671,8.888162574977772,18.0,0.5340872381885108,8.254999999999981e-05,True,True,True,True,False
3.6576,0.009000000000000001,0.007234900000000002,0.0008,13215,MOX,SS316,Zircaloy,Zircaloy,SS316,Light Water Reactor,mean,fixed_core_power,870.0,0.9,45.0,True,0.3,0.0,2.82529460616232,40605731.47253487,57239305.955078974,14372211.444416702,1218171.9441760462,23328916.466870856,14796165.607665438,2480649.3979985807,16633574.482544098,1.357809008228293,1466.4337288865565,3072.7000735932556,4331.389024220884,2.095355564363836,2.95368889769717,6.349562316254048,8.950572417264151,18.0,0.6030313739271308,8.254999999999981e-05,True,True,True,True,False
3.6576,0.0095,0.0085349,0.0004,13215,MOX,SS316,Zircaloy,Zircaloy,SS316,Light Water Reactor,mean,fixed_core_power,870.0,0.9,45.0,True,0.3,0.0,3.931837395895048,54438004.85382606,77586213.90615846,13845436.464554947,1633140.1456147819,32465820.01398717,20591168.483876266,1381016.355962628,23148209.052332405,1.8896026713075635,2040.7708850121685,4119.410128931219,5871.07180523333,2.018555909036627,2.8768892423699604,6.116836087989778,8.717846188999879,18.0,0.33460887211810336,8.254999999999981e-05,True,True,True,True,False
3.6576,0.0095,0.0083349,0.0005,13215,MOX,SS316,Zircaloy,Zircaloy,SS316,Light Water Reactor,mean,fixed_core_power,870.0,0.9,45.0,True,0.3,0.0,3.749725378921677,52304413.94190392,74380460.8940837,13948865.225150248,1569132.4182571175,30962091.50995128,19637441.549910937,1704880.8820417086,22076046.95217977,1.8020814136611105,1946.2479267539989,3957.95792220234,5628.487392666189,2.033635010110722,2.8919683434440553,6.162530333668854,8.763540434678955,18.0,0.41366481443172065,8.255000000000068e-05,True,True,True,True,False
3.6576,0.0095,0.0081349,0.0006000000000000001,13215,MOX,SS316,Zircaloy,Zircaloy,SS316,Light Water Reactor,mean,fixed_core_power,870.0,0.9,45.0,True,0.3,0.0,3.5719314218416893,50221560.04779234,71250866.9463204,14060057.183824118,1506646.80143377,29494017.927824046,18706328.445012122,2021213.6749561618,21029306.89852806,1.7166353734480946,1853.9662033239422,3800.3450660455796,5391.666057231963,2.0498459245006786,2.908179257834012,6.211654316668723,8.812664417678823,18.0,0.4908822464589754,8.254999999999981e-05,True,True,True,True,False
3.6576,0.0095,0.0079349,0.0007000000000000001,13215,MOX,SS316,Zircaloy,Zircaloy,SS316,Light Water Reactor,mean,fixed_core_power,870.0,0.9,45.0,True,0.3,0.0,3.3984555246550796,48189443.17149122,68197432.06286848,14179806.921669845,1445683.2951447365,28061599.267605435,17797829.169179805,2330014.734705985,20007988.891377248,1.633264550668514,1763.9257147219948,3646.5715604609322,5160.607798930645,2.067304495890097,2.9256378292234304,6.264559078454839,8.86556917946494,18.0,0.5662611681998669,8.254999999999981e-05,True,True,True,True,False
3.6576,0.0095,0.0077349,0.0008,13215,MOX,SS316,Zircaloy,Zircaloy,SS316,Light Water Reactor,mean,fixed_core_power,870.0,0.9,45.0,True,0.3,0.0,3.229297687361852,46208063.31300066,65220156.24372801,14309013.224095158,1386241.8993900197,26664835.529295474,16911943.722413998,2631284.061291179,19012092.930727355,1.55196894532237,1676.1264609481598,3496.637405448404,4935.312617762241,2.0861417601333065,2.9444750934666395,6.321641697373656,8.922651798383756,18.0,0.6398015796543954,8.254999999999938e-05,True,True,True,True,False
3.6576,0.01,0.0090349,0.0004,13215,MOX,SS316,Zircaloy,Zircaloy,SS316,Light Water Reactor,mean,fixed_core_power,870.0,0.9,45.0,True,0.3,0.0,4.406008950362012,60911886.565991625,86851722.32214707,13824730.555980125,1827356.5969797487,36381131.55742717,23074421.320955534,1456333.687608927,25939835.75615545,2.117484891694978,2286.8836830305763,4609.299021263082,6572.2075158643265,2.015537150168846,2.8738704835021793,6.107688333844988,8.708698434855089,18.0,0.35299397498173557,8.254999999999981e-05,True,True,True,True,False
3.6576,0.01,0.0088349,0.0005,13215,MOX,SS316,Zircaloy,Zircaloy,SS316,Light Water Reactor,mean,fixed_core_power,870.0,0.9,45.0,True,0.3,0.0,4.2131017836551905,58651453.109543204,83455571.64929375,13921204.87975929,1759543.5932862961,34788265.74861968,22064159.814323943,1799027.5465995825,24804118.539750542,2.0247755904649347,2186.7576377021296,4438.248438103912,6315.215410464907,2.0296023489679795,2.887935682301313,6.150310148387817,8.751320249397917,18.0,0.436646193011261,8.255000000000068e-05,True,True,True,True,False
3.6576,0.01,0.008634900000000001,0.0006000000000000001,13215,MOX,SS316,Zircaloy,Zircaloy,SS316,Light Water Reactor,mean,fixed_core_power,870.0,0.9,45.0,True,0.3,0.0,4.02451267684175,56441756.67090532,80135580.04075187,14024494.69116797,1693252.7001271595,33231054.86172085,21076512.136758864,2134189.67242561,23693823.369846556,1.9341415066683285,2088.8728272017943,4271.037205516861,6063.986382198402,2.0446611923418256,2.9029945256751595,6.195943007096441,8.796953108106543,18.0,0.5184599007544237,8.254999999999981e-05,True,True,True,True,False
3.6576,0.01,0.0084349,0.0007000000000000001,13215,MOX,SS316,Zircaloy,Zircaloy,SS316,Light Water Reactor,mean,fixed_core_power,870.0,0.9,45.0,True,0.3,0.0,3.8402416299216915,54282797.25007795,76891747.49652143,14135255.66389552,1628483.9175023383,31709498.89673065,20111478.288260292,2461820.065087007,22608950.246443477,1.8455826403051578,1993.2292515295708,4107.665323501926,5818.520431064807,2.06080927236532,2.919142605698653,6.244876582925212,8.845886683935312,18.0,0.598435098211223,8.254999999999981e-05,True,True,True,True,False
3.6576,0.01,0.0082349,0.0008,13215,MOX,SS316,Zircaloy,Zircaloy,SS316,Light Water Reactor,mean,fixed_core_power,870.0,0.9,45.0,True,0.3,0.0,3.66028864289501,52174574.84706106,73724074.01660235,14254224.171183106,1565237.2454118317,30223597.853649076,19169058.26882821,2781918.724583776,21549499.169541296,1.7590989913754227,1899.8269106854564,3948.132792059104,5578.817557064121,2.0781539464743237,2.936487279807657,6.297436201437344,8.898446302447445,18.0,0.6765717853816596,8.254999999999981e-05,True,True,True,True,False
3.6576,0.0105,0.0095349,0.0004,13215,MOX,SS316,Zircaloy,Zircaloy,SS316,Light Water Reactor,mean,fixed_core_power,870.0,0.9,45.0,True,0.3,0.0,4.907168379162603,67749947.97175184,96640298.22236103,13806322.248781936,2032498.439152555,40519286.36279616,25699010.589700464,1531651.0192552248,28890350.250609186,2.358337221041369,2547.004198724678,5126.7459683504985,7312.924572255848,2.012853363538833,2.8711866968721664,6.099555647087373,8.700565748097473,18.0,0.37137907784536756,8.254999999999981e-05,True,True,True,True,False
3.6576,0.0105,0.0093349,0.0005,13215,MOX,SS316,Zircaloy,Zircaloy,SS316,Light Water Reactor,mean,fixed_core_power,870.0,0.9,45.0,True,0.3,0.0,4.70346606272233,65362671.97077715,93053749.88872916,13896703.218252994,1960880.1591233143,38837283.24921708,24632214.510402612,1893174.2111574546,27691077.917952005,2.260439876227735,2441.275066325954,4946.09700876104,7041.524774024151,2.0260301991306404,2.8843635324639743,6.139485451911031,8.740495552921134,18.0,0.4596275715908009,8.255000000000068e-05,True,True,True,True,False
3.6576,0.0105,0.009134900000000001,0.0006000000000000001,13215,MOX,SS316,Zircaloy,Zircaloy,SS316,Light Water Reactor,mean,fixed_core_power,870.0,0.9,45.0,True,0.3,0.0,4.50408180617544,63026132.98761298,89543360.61940873,13993114.62353977,1890783.9896283892,37190935.057546645,23588032.26017127,2247165.6698950566,26517227.631795745,2.1646177488475384,2337.787168755341,4769.287399743699,6775.888052925367,2.040086224907681,2.8984195582410144,6.182079469417215,8.783089570427316,18.0,0.5460375550498716,8.254999999999981e-05,True,True,True,True,False
3.6576,0.0105,0.0089349,0.0007000000000000001,13215,MOX,SS316,Zircaloy,Zircaloy,SS316,Light Water Reactor,mean,fixed_core_power,870.0,0.9,45.0,True,0.3,0.0,4.309015609521929,60740331.02225932,86109130.41439971,14096103.733770937,1822209.9306677794,35580241.78778485,22566463.83900643,2593625.395468031,25368799.39214039,2.0708708389007775,2236.5405060128396,4596.317141298473,6516.014408959494,2.0551012284112353,2.913434561744569,6.227579480034046,8.828589581044149,18.0,0.6306090282225797,8.254999999999981e-05,True,True,True,True,False
3.6576,0.0105,0.0087349,0.0008,13215,MOX,SS316,Zircaloy,Zircaloy,SS316,Light Water Reactor,mean,fixed_core_power,870.0,0.9,45.0,True,0.3,0.0,4.118267472761798,58505266.07471615,82751059.27370209,14206281.27280943,1755157.9822414846,34005203.43993168,21567509.24690809,2932553.387876373,24245793.198985938,1.9791991463874523,2137.5350780984486,4427.186233425361,6261.9038421265295,2.0711642483845396,2.929497581717873,6.276255298134968,8.877265399145069,18.0,0.7133419911089238,8.254999999999981e-05,True,True,True,True,False
3.6576,0.011,0.0100349,0.0004,13215,MOX,SS316,Zircaloy,Zircaloy,SS316,Light Water Reactor,mean,fixed_core_power,870.0,0.9,45.0,True,0.3,0.0,5.4353156822968165,74952189.07110669,106951941.60680029,13789850.204143789,2248565.6721332003,44880284.43009412,28464936.29011104,1606968.3509015238,31999752.535693593,2.612159659346734,2821.132432094472,5671.750970193469,8093.222974407891,2.0104518687847044,2.868785202118038,6.09227839025668,8.693288491266781,18.0,0.38976418070899976,8.254999999999981e-05,True,True,True,True,False
3.6576,0.011,0.0098349,0.0005,13215,MOX,SS316,Zircaloy,Zircaloy,SS316,Light Water Reactor,mean,fixed_core_power,870.0,0.9,45.0,True,0.3,0.0,5.220818216123097,72438070.52560572,103174995.61238988,13874850.172315935,2173142.115768172,43109144.01174346,27341605.638146933,1987320.8757153298,30736925.08678415,2.5090742709495113,2709.800212625472,5481.503634173721,7807.415483343918,2.0228441966438555,2.881177529977189,6.129830898920774,8.730840999930875,18.0,0.48260895017034156,8.254999999999894e-05,True,True,True,True,False
3.6576,0.011,0.0096349,0.0006000000000000001,13215,MOX,SS316,Zircaloy,Zircaloy,SS316,Light Water Reactor,mean,fixed_core_power,870.0,0.9,45.0,True,0.3,0.0,5.010638809842753,69974688.99791525,99474208.68229085,13965223.128926996,2099240.6699374574,41373658.51530142,26240888.81524932,2360141.6673645023,29499519.684375606,2.4080640999857232,2600.7092279845806,5295.095648726088,7527.371069412853,2.0360198640236002,2.8943531973569336,6.169757163707879,8.77076726471798,18.0,0.5736152093453193,8.254999999999981e-05,True,True,True,True,False
3.6576,0.011,0.0094349,0.0007000000000000001,13215,MOX,SS316,Zircaloy,Zircaloy,SS316,Light Water Reactor,mean,fixed_core_power,870.0,0.9,45.0,True,0.3,0.0,4.8047774634557925,67562044.48803529,95849580.81650326,14061430.524493407,2026861.3346410587,39673827.940768026,25162785.82141822,2725430.72584905,28287536.328467973,2.309129146455372,2493.859478171801,5112.52701385057,7253.0897326147,2.0500461467854887,2.908379480118822,6.212261050865117,8.813271151875218,18.0,0.6627829582339351,8.254999999999981e-05,True,True,True,True,False
3.6576,0.011,0.009234899999999999,0.0008,13215,MOX,SS316,Zircaloy,Zircaloy,SS316,Light Water Reactor,mean,fixed_core_power,870.0,0.9,45.0,True,0.3,0.0,4.603234176962212,65200136.99596586,92301112.0150271,14163984.383473849,1956004.1098789757,38009652.28814327,24107296.65665362,3083188.051168969,27100975.019061252,2.2122694103584566,2389.250963187133,4933.797729547171,6984.571472949459,2.0649976940746937,2.9233310274080266,6.257568769923314,8.858578870933414,18.0,0.7501121968361878,8.254999999999981e-05,True,True,True,True,False
3.6576,0.0115,0.0105349,0.0004,13215,MOX,SS316,Zircaloy,Zircaloy,SS316,Light Water Reactor,mean,fixed_core_power,870.0,0.9,45.0,True,0.3,0.0,5.990450859764665,82518609.86405623,117786652.47546494,13775024.918124106,2475558.2959216866,49464125.75932111,31372198.422187295,1682285.682547821,35268042.61140871,2.8789522066110775,3109.2683831399636,6244.314026791996,8913.102722320464,2.0082904585052375,2.8666237918385704,6.0857286621370825,8.686738763147183,18.0,0.4081492835726315,8.254999999999981e-05,True,True,True,True,False
3.6576,0.0115,0.010334900000000001,0.0005,13215,MOX,SS316,Zircaloy,Zircaloy,SS316,Light Water Reactor,mean,fixed_core_power,870.0,0.9,45.0,True,0.3,0.0,5.765158243857492,79877648.77402899,113819308.82027599,13855239.595397906,2396329.4632208697,47603848.036198854,30192333.197556924,2081467.5402732014,33941660.046247,2.7706787746302637,2992.3330766006843,6044.468314341959,8612.887538424215,2.019985128530052,2.878318461863386,6.1211670561516724,8.722177157161775,18.0,0.5055903287498813,8.254999999999894e-05,True,True,True,True,False
3.6576,0.0115,0.0101349,0.0006000000000000001,13215,MOX,SS316,Zircaloy,Zircaloy,SS316,Light Water Reactor,mean,fixed_core_power,870.0,0.9,45.0,True,0.3,0.0,5.544183687843699,77287424.7018122,109928124.22939835,13940271.292106416,2318622.741054366,45779225.2349852,29035081.801993042,2473117.66483395,32640699.527586166,2.664480560082885,2877.6390048895164,5848.461952464033,8318.435431660866,2.032382082160642,2.8907154154939745,6.158733582304976,8.759743683315074,18.0,0.6011928636407674,8.254999999999981e-05,True,True,True,True,False
3.6576,0.0115,0.0099349,0.0007000000000000001,13215,MOX,SS316,Zircaloy,Zircaloy,SS316,Light Water Reactor,mean,fixed_core_power,870.0,0.9,45.0,True,0.3,0.0,5.327527191723285,74747937.64740597,106113098.70283222,14030512.648256872,2242438.129422179,43990257.35568022,27900444.23549568,2857236.056230072,31365161.055426262,2.5603575629689432,2765.186168006459,5656.294941158227,8029.746402030437,2.0455385632266823,2.903871896560015,6.198601706747522,8.799611807757621,18.0,0.6949568882452911,8.254999999999981e-05,True,True,True,True,False
3.6576,0.0115,0.0097349,0.0008,13215,MOX,SS316,Zircaloy,Zircaloy,SS316,Light Water Reactor,mean,fixed_core_power,870.0,0.9,45.0,True,0.3,0.0,5.115188755496253,72259187.61081024,102374232.24057749,14126397.101801567,2167775.628324307,42236944.39828386,26788420.498064812,3233822.7144615646,30115044.62976726,2.4583097832884375,2654.974565951513,5467.967280424536,7746.820449532916,2.059517763577851,2.917851096911184,6.240962919932882,8.841973020942982,18.0,0.7868824025634518,8.254999999999981e-05,True,True,True,True,False
3.6576,0.012,0.0110349,0.0004,13215,MOX,SS316,Zircaloy,Zircaloy,SS316,Light Water Reactor,mean,fixed_core_power,870.0,0.9,45.0,True,0.3,0.0,6.5725739115661375,90449210.35060039,129144430.8283549,13761611.747177418,2713476.3105180115,54270810.35047708,34420796.9859292,1757603.0141941183,38695220.47775451,3.1587148628343953,3411.4120518611476,6844.435138146076,9772.56381599356,2.006334923514147,2.8646682568474806,6.0798027985277185,8.68081289953782,18.0,0.4265343864362633,8.254999999999981e-05,True,True,True,True,False
3.6576,0.012,0.010834900000000001,0.0005,13215,MOX,SS316,Zircaloy,Zircaloy,SS316,Light Water Reactor,mean,fixed_core_power,870.0,0.9,45.0,True,0.3,0.0,6.336486145925514,87681406.71604685,124986689.51238737,13837544.136733849,2630442.2014814056,52321395.32258322,33184397.188632563,2175614.2048310745,37305282.79634052,3.0452533872699914,3288.873658251591,6634.991049265747,9457.940939265029,2.017405269618352,2.875738602951685,6.113349301873794,8.714359402883893,18.0,0.5285717073294214,8.254999999999894e-05,True,True,True,True,False
3.6576,0.012,0.010634900000000001,0.0006000000000000001,13215,MOX,SS316,Zircaloy,Zircaloy,SS316,Light Water Reactor,mean,fixed_core_power,870.0,0.9,45.0,True,0.3,0.0,6.1047164401782705,84964340.09930383,120905107.26073125,13917819.268411865,2548930.202979115,50407635.21659799,31970611.220402427,2586093.6623033974,35940767.16142742,2.9338671291390233,3168.5764994701453,6429.386310957535,9149.08113966941,2.0291087534205556,2.887442086753889,6.148814404304714,8.749824505314814,18.0,0.6287705179362155,8.254999999999981e-05,True,True,True,True,False
3.6576,0.012,0.0104349,0.0007000000000000001,13215,MOX,SS316,Zircaloy,Zircaloy,SS316,Light Water Reactor,mean,fixed_core_power,870.0,0.9,45.0,True,0.3,0.0,5.877264794324406,82298010.50037128,116899684.07338652,14002773.974016849,2468940.315011138,48529530.0325214,30779439.08123879,2989041.3866110938,34601673.573015235,2.824556088441491,3050.52057551681,6227.620923221436,8845.984417206699,2.041494482352859,2.899827815686193,6.186346916220785,8.787357017230887,18.0,0.7271308182566472,8.254999999999981e-05,True,True,True,True,False
3.6576,0.012,0.0102349,0.0008,13215,MOX,SS316,Zircaloy,Zircaloy,SS316,Light Water Reactor,mean,fixed_core_power,870.0,0.9,45.0,True,0.3,0.0,5.654131208363923,79682417.91924928,112970419.95035325,14092778.356713472,2390472.537577478,46687079.770353444,29610880.77114167,3384457.37775416,33288002.031103965,2.7173202651773947,2934.705886391587,6029.694886057456,8548.6507718769,2.0546164145502708,2.9129497478836037,6.226110347122033,8.827120448132131,18.0,0.8236526082907157,8.254999999999981e-05,True,True,True,True,False
3.6576,0.008,0.0070349,0.0004,13215,MOX,SS316,Zircaloy,Zircaloy,SS316,Light Water Reactor,high,fixed_core_power,870.0,0.9,45.0,True,0.3,0.0,2.671249978495921,49542549.011640064,65269204.696287446,18546579.096103758,1486276.470349202,28674028.44181346,19713456.208802868,1155064.361023733,15726655.684647383,1.283776663899175,1386.4787970111088,3748.963224490357,4939.024191924892,2.703945586886836,3.5622789202201695,8.193774505717684,10.794784606727786,18.0,0.2794535635272071,8.254999999999981e-05,True,True,True,True,False
3.6576,0.008,0.0068349000000000005,0.0005,13215,MOX,SS316,Zircaloy,Zircaloy,SS316,Light Water Reactor,high,fixed_core_power,870.0,0.9,45.0,True,0.3,0.0,2.5215234107229043,47097752.56444848,61942911.497700065,18678292.79877511,1412932.5769334545,27066816.87517604,18608494.800904352,1422440.8883680904,14845158.93325158,1.2118195370034934,1308.765099963773,3563.9616015473694,4687.318312349607,2.7231484103954338,3.5814817437287663,8.251964879986163,10.852974980996262,18.0,0.3447206786931006,8.254999999999981e-05,True,True,True,True,False
3.6576,0.008,0.006634900000000001,0.0006000000000000001,13215,MOX,SS316,Zircaloy,Zircaloy,SS316,Light Water Reactor,high,fixed_core_power,870.0,0.9,45.0,True,0.3,0.0,2.3761149028432684,44723642.468694404,58712726.69705109,18822171.610967938,1341709.274060832,25505956.707019858,17535400.079126727,1682285.68254782,13989084.228356691,1.1419376275412483,1233.2926377445483,3384.3089268781237,4442.88510760886,2.744124811340287,3.60245814467362,8.315529731334204,10.916539832344302,18.0,0.4081492835726313,8.254999999999981e-05,True,True,True,True,False
3.6576,0.008,0.0064349,0.0007000000000000001,13215,MOX,SS316,Zircaloy,Zircaloy,SS316,Light Water Reactor,high,fixed_core_power,870.0,0.9,45.0,True,0.3,0.0,2.235024454857011,42420218.72437778,55578650.294340484,18979755.96293495,1272606.5617313334,23991447.93734489,16494172.043469971,1934598.74356292,13158431.569962705,1.0741309355124387,1160.0614103534335,3210.0052004826166,4205.724577702647,2.767099372355323,3.6254327056886564,8.385149613197948,10.98615971420805,18.0,0.46973937816579886,8.254999999999981e-05,True,True,True,True,False
3.6576,0.008,0.006234900000000001,0.0008,13215,MOX,SS316,Zircaloy,Zircaloy,SS316,Light Water Reactor,high,fixed_core_power,870.0,0.9,45.0,True,0.3,0.0,2.0982520667641356,40187481.33149867,52540682.289568305,19152837.720529284,1205624.43994496,22523290.56615117,15484810.693934109,2179380.0714133885,12353200.958069637,1.008399460917066,1089.071417790431,3041.0504223608527,3975.836722630973,2.7923333334104994,3.6506666667438328,8.461616161849998,11.062626262860098,18.0,0.5294909624726029,8.254999999999981e-05,True,True,True,True,False
3.6576,0.0085,0.007534900000000001,0.0004,13215,MOX,SS316,Zircaloy,Zircaloy,SS316,Light Water Reactor,high,fixed_core_power,870.0,0.9,45.0,True,0.3,0.0,3.064457909962003,56740502.89976043,74782121.9163388,18515673.75597075,1702215.0869928128,32894844.72676239,22615276.48032801,1230381.692670031,18041619.01657837,1.472748557409662,1590.5684420024347,4293.643806262613,5658.88171898137,2.699439830993479,3.5577731643268122,8.180120699980238,10.78113080099034,18.0,0.2978386663908391,8.254999999999981e-05,True,True,True,True,False
3.6576,0.0085,0.007334900000000001,0.0005,13215,MOX,SS316,Zircaloy,Zircaloy,SS316,Light Water Reactor,high,fixed_core_power,870.0,0.9,45.0,True,0.3,0.0,2.903936192455536,54118990.57397516,71215557.72290546,18636425.522908185,1623569.7172192547,31171754.6639219,21430648.357127294,1516587.552925964,17096567.148930296,1.3956033869303903,1507.2516578848215,4095.2698126352752,5388.994152319747,2.717044490355585,3.575377823688918,8.233468152592682,10.834478253602782,18.0,0.36770205727264077,8.254999999999981e-05,True,True,True,True,False
3.6576,0.0085,0.007134900000000001,0.0006000000000000001,13215,MOX,SS316,Zircaloy,Zircaloy,SS316,Light Water Reactor,high,fixed_core_power,870.0,0.9,45.0,True,0.3,0.0,2.747732534842448,51568164.59962737,67745101.9274105,18767534.30172716,1547044.937988821,29495015.999562636,20277886.92004746,1795261.6800172676,16176937.327783128,1.3205334338845547,1426.176108595319,3902.2447672816775,5126.379260492659,2.7361591207169416,3.594492454050275,8.291391274899823,10.892401375909923,18.0,0.4357269378680794,8.254999999999981e-05,True,True,True,True,False
3.6576,0.0085,0.006934900000000001,0.0007000000000000001,13215,MOX,SS316,Zircaloy,Zircaloy,SS316,Light Water Reactor,high,fixed_core_power,870.0,0.9,45.0,True,0.3,0.0,2.595846937122741,49088024.976717055,64370754.529853925,18910215.49642162,1472640.7493015116,27864628.733684603,19156992.169088505,2066404.073943941,15282729.553136872,1.247538698272155,1347.3417941339274,3714.56867020182,4871.037043500108,2.7569609184353614,3.615294251768695,8.354427025561701,10.955437126571802,18.0,0.5019133081771547,8.254999999999981e-05,True,True,True,True,False
3.6576,0.0085,0.006734900000000001,0.0008,13215,MOX,SS316,Zircaloy,Zircaloy,SS316,Light Water Reactor,high,fixed_core_power,870.0,0.9,45.0,True,0.3,0.0,2.4482793992964136,46678571.70524421,61092515.53023574,19065867.939197913,1400357.1511573263,26280592.866287798,18067964.104250435,2330014.7347059846,14413943.824991524,1.1766191800931916,1270.7487145006467,3532.241521395703,4622.967501342091,2.779653822261573,3.637987155594906,8.423193400792647,11.024203501802745,18.0,0.5662611681998668,8.254999999999981e-05,True,True,True,True,False
3.6576,0.009000000000000001,0.008034900000000001,0.0004,13215,MOX,SS316,Zircaloy,Zircaloy,SS316,Light Water Reactor,high,fixed_core_power,870.0,0.9,45.0,True,0.3,0.0,3.4846537157617132,64427319.816644005,84942789.95578405,18488872.94746898,1932819.59449932,37405357.252219014,25716263.540108666,1305699.0243163293,20515470.139140047,1.674690559879125,1808.6658046694554,4875.317428425577,6427.755577433527,2.695532483579282,3.5538658169126154,8.16828025327055,10.769290354280653,18.0,0.31622376925447115,8.254999999999981e-05,True,True,True,True,False
3.6576,0.009000000000000001,0.007834900000000002,0.0005,13215,MOX,SS316,Zircaloy,Zircaloy,SS316,Light Water Reactor,high,fixed_core_power,870.0,0.9,45.0,True,0.3,0.0,3.3133368485217947,61629091.61226504,81135954.76750474,18600309.72696305,1848872.7483679513,35566388.69317546,24451968.70160575,1610734.2174838379,19506863.155239698,1.5923573458162632,1719.745933481564,4663.571064113889,6139.686323685564,2.7117790909222603,3.5701124242555933,8.217512396734122,10.81852249774422,18.0,0.3906834358521811,8.254999999999894e-05,True,True,True,True,False
3.6576,0.009000000000000001,0.007634900000000002,0.0006000000000000001,13215,MOX,SS316,Zircaloy,Zircaloy,SS316,Light Water Reactor,high,fixed_core_power,870.0,0.9,45.0,True,0.3,0.0,3.1463380411752557,58901549.759323515,77425227.97716376,18720667.960179493,1767046.4927797054,33773771.532613106,23219540.549223702,1908237.6774867135,18523678.21784025,1.5120993491868369,1633.067297121784,4457.173648075937,5858.889744772135,2.7293263761582445,3.5876597094915774,8.270685988358316,10.871696089368417,18.0,0.4633045921635271,8.254999999999981e-05,True,True,True,True,False
3.6576,0.009000000000000001,0.007434900000000001,0.0007000000000000001,13215,MOX,SS316,Zircaloy,Zircaloy,SS316,Light Water Reactor,high,fixed_core_power,870.0,0.9,45.0,True,0.3,0.0,2.9836572937220973,56244694.2578195,73810609.58476123,18850923.119140983,1687340.8277345852,32027505.770531993,22018979.082962543,2198209.4043249628,17565915.32694172,1.4339165699908467,1548.6298955901143,4256.125180311729,5585.3658406932445,2.748316555447813,3.606649888781147,8.328231986205493,10.929242087215597,18.0,0.5340872381885108,8.254999999999981e-05,True,True,True,True,False
3.6576,0.009000000000000001,0.007234900000000002,0.0008,13215,MOX,SS316,Zircaloy,Zircaloy,SS316,Light Water Reactor,high,fixed_core_power,870.0,0.9,45.0,True,0.3,0.0,2.82529460616232,53658525.10775296,70292099.59029706,18992187.572480768,1609755.7532325885,30327591.406932116,20850284.302822266,2480649.3979985807,16633574.482544098,1.357809008228293,1466.4337288865565,4060.4256608212604,5319.114611448888,2.7689118034023177,3.627245136735651,8.390641828491871,10.991651929501973,18.0,0.6030313739271308,8.254999999999981e-05,True,True,True,True,False
3.6576,0.0095,0.0085349,0.0004,13215,MOX,SS316,Zircaloy,Zircaloy,SS316,Light Water Reactor,high,fixed_core_power,870.0,0.9,45.0,True,0.3,0.0,3.931837395895048,72602999.76229078,95751208.81462318,18465412.592619013,2178089.9928687233,42205566.01818332,29016417.388144825,1381016.355962628,23148209.052332405,1.8896026713075635,2040.7708850121685,5493.984090979249,7245.64576728136,2.6921121480751085,3.550445481408442,8.157915600227602,10.758925701237702,18.0,0.33460887211810336,8.254999999999981e-05,True,True,True,True,False
3.6576,0.0095,0.0083349,0.0005,13215,MOX,SS316,Zircaloy,Zircaloy,SS316,Light Water Reactor,high,fixed_core_power,870.0,0.9,45.0,True,0.3,0.0,3.749725378921677,69628055.67931806,91704102.63149783,18568841.353214316,2088841.6703795416,40250718.96293666,27672455.83433969,1704880.8820417086,22076046.95217977,1.8020814136611105,1946.2479267539989,5268.8653559832055,6939.394826447055,2.7071912491492034,3.565524582482537,8.203609845906676,10.804619946916779,18.0,0.41366481443172065,8.255000000000068e-05,True,True,True,True,False
3.6576,0.0095,0.0081349,0.0006000000000000001,13215,MOX,SS316,Zircaloy,Zircaloy,SS316,Light Water Reactor,high,fixed_core_power,870.0,0.9,45.0,True,0.3,0.0,3.5719314218416893,66723797.94778288,87753104.84631094,18680033.311888184,2001713.9384334863,38342223.30617126,26360360.966655456,2021213.6749561618,21029306.89852806,1.7166353734480946,1853.9662033239422,5049.095569260907,6640.41656044729,2.72340216353916,3.5817354968724935,8.252733828906546,10.853743929916646,18.0,0.4908822464589754,8.254999999999981e-05,True,True,True,True,False
3.6576,0.0095,0.0079349,0.0007000000000000001,13215,MOX,SS316,Zircaloy,Zircaloy,SS316,Light Water Reactor,high,fixed_core_power,870.0,0.9,45.0,True,0.3,0.0,3.3984555246550796,63890226.567685135,83898215.45906238,18799783.04973391,1916706.797030554,36480079.047887065,25080132.785092086,2330014.734705985,20007988.891377248,1.633264550668514,1763.9257147219948,4834.674730812345,6348.710969282057,2.7408607349285785,3.5991940682619115,8.305638590692661,10.906648691702761,18.0,0.5662611681998669,8.254999999999981e-05,True,True,True,True,False
3.6576,0.0095,0.0077349,0.0008,13215,MOX,SS316,Zircaloy,Zircaloy,SS316,Light Water Reactor,high,fixed_core_power,870.0,0.9,45.0,True,0.3,0.0,3.229297687361852,61127341.53902491,80139434.46975227,18928989.352159224,1833820.2461707473,34664286.18808412,23831771.28964961,2631284.061291179,19012092.930727355,1.55196894532237,1676.1264609481598,4625.602840637526,6064.278052951363,2.7596979991717876,3.618031332505121,8.362721209611477,10.963731310621577,18.0,0.6398015796543954,8.254999999999938e-05,True,True,True,True,False
3.6576,0.01,0.0090349,0.0004,13215,MOX,SS316,Zircaloy,Zircaloy,SS316,Light Water Reactor,high,fixed_core_power,870.0,0.9,45.0,True,0.3,0.0,4.406008950362012,81267542.73670074,107207378.49285619,18444706.684044193,2438026.282101022,47295471.02465531,32515738.024436496,1456333.687608927,25939835.75615545,2.117484891694978,2286.8836830305763,6149.6437939236275,8112.552288524873,2.6890933892073274,3.547426722540661,8.14876784608281,10.74977794709291,18.0,0.35299397498173557,8.254999999999981e-05,True,True,True,True,False
3.6576,0.01,0.0088349,0.0005,13215,MOX,SS316,Zircaloy,Zircaloy,SS316,Light Water Reactor,high,fixed_core_power,870.0,0.9,45.0,True,0.3,0.0,4.2131017836551905,78115882.77513433,102920001.31488487,18541181.007823355,2343476.48325403,45224745.47320558,31092109.75532916,1799027.5465995825,24804118.539750542,2.0247755904649347,2186.7576377021296,5911.152688243233,7788.119660604228,2.703158588006461,3.5614919213397944,8.191389660625639,10.79239976163574,18.0,0.436646193011261,8.255000000000068e-05,True,True,True,True,False
3.6576,0.01,0.008634900000000001,0.0006000000000000001,13215,MOX,SS316,Zircaloy,Zircaloy,SS316,Light Water Reactor,high,fixed_core_power,870.0,0.9,45.0,True,0.3,0.0,4.02451267684175,75034909.16500543,98728732.53485198,18644470.81923204,2251047.274950163,43200371.3202371,29700348.172342718,2134189.67242561,23693823.369846556,1.9341415066683285,2088.8728272017943,5678.010530836582,7470.959707518122,2.7182174313803076,3.5765507647136405,8.237022519334266,10.838032620344364,18.0,0.5184599007544237,8.254999999999981e-05,True,True,True,True,False
3.6576,0.01,0.0084349,0.0007000000000000001,13215,MOX,SS316,Zircaloy,Zircaloy,SS316,Light Water Reactor,high,fixed_core_power,870.0,0.9,45.0,True,0.3,0.0,3.8402416299216915,72024621.906314,94633572.15275748,18755231.791959584,2160738.65718942,41222348.56574985,28340453.275477152,2461820.065087007,22608950.246443477,1.8455826403051578,1993.2292515295708,5450.21732170367,7161.072429266552,2.7343655114038006,3.5926988447371344,8.285956095163032,10.886966196173134,18.0,0.598435098211223,8.254999999999981e-05,True,True,True,True,False
3.6576,0.01,0.0082349,0.0008,13215,MOX,SS316,Zircaloy,Zircaloy,SS316,Light Water Reactor,high,fixed_core_power,870.0,0.9,45.0,True,0.3,0.0,3.66028864289501,69085020.99906003,90634520.16860133,18874200.299247175,2072550.629971801,39290677.2097438,27012425.064732455,2781918.724583776,21549499.169541296,1.7590989913754227,1899.8269106854564,5227.773060844497,6858.457825849515,2.751710185512805,3.610043518846139,8.338515713675166,10.93952581468527,18.0,0.6765717853816596,8.254999999999981e-05,True,True,True,True,False
3.6576,0.0105,0.0095349,0.0004,13215,MOX,SS316,Zircaloy,Zircaloy,SS316,Light Water Reactor,high,fixed_core_power,870.0,0.9,45.0,True,0.3,0.0,4.907168379162603,90420948.73987392,119311298.9904831,18426298.376846004,2712628.4621962174,52675072.271635,36214225.448983684,1531651.0192552248,28890350.250609186,2.358337221041369,2547.004198724678,6842.296537258715,9028.475141164065,2.686409602577315,3.5447429359106484,8.140635159325196,10.741645260335298,18.0,0.37137907784536756,8.254999999999981e-05,True,True,True,True,False
3.6576,0.0105,0.0093349,0.0005,13215,MOX,SS316,Zircaloy,Zircaloy,SS316,Light Water Reactor,high,fixed_core_power,870.0,0.9,45.0,True,0.3,0.0,4.70346606272233,87092572.8997138,114783650.8176658,18516679.34631706,2612777.186991414,50488468.2239822,34710930.46457414,1893174.2111574546,27691077.917952005,2.260439876227735,2441.275066325954,6590.433060893969,8685.860826157079,2.699586438169122,3.557919771502455,8.180564964148854,10.781575065158954,18.0,0.4596275715908009,8.255000000000068e-05,True,True,True,True,False
3.6576,0.0105,0.009134900000000001,0.0006000000000000001,13215,MOX,SS316,Zircaloy,Zircaloy,SS316,Light Water Reactor,high,fixed_core_power,870.0,0.9,45.0,True,0.3,0.0,4.50408180617544,83834883.41099119,110352111.04278694,18613090.751603834,2515046.5023297356,48348215.57481065,33239502.166285496,2247165.6698950566,26517227.631795745,2.1646177488475384,2337.787168755341,6343.918532802965,8350.519185984635,2.7136424639461616,3.571975797279496,8.223158981655034,10.824169082665138,18.0,0.5460375550498716,8.254999999999981e-05,True,True,True,True,False
3.6576,0.0105,0.0089349,0.0007000000000000001,13215,MOX,SS316,Zircaloy,Zircaloy,SS316,Light Water Reactor,high,fixed_core_power,870.0,0.9,45.0,True,0.3,0.0,4.309015609521929,80647880.27370605,106016679.66584644,18716079.861835,2419436.4082111814,46254314.324120305,31799940.554117724,2593625.395468031,25368799.39214039,2.0708708389007775,2236.5405060128396,6102.752952985702,8022.450220646722,2.7286574674497164,3.5869908007830493,8.268658992271867,10.869669093281967,18.0,0.6306090282225797,8.254999999999981e-05,True,True,True,True,False
3.6576,0.0105,0.0087349,0.0008,13215,MOX,SS316,Zircaloy,Zircaloy,SS316,Light Water Reactor,high,fixed_core_power,870.0,0.9,45.0,True,0.3,0.0,4.118267472761798,77531563.4878584,101777356.68684433,18826257.400873497,2325946.904635752,44206764.47191119,30392245.62807083,2932553.387876373,24245793.198985938,1.9791991463874523,2137.5350780984486,5866.936321442179,7701.653930143348,2.744720487423021,3.6030538207563545,8.31733481037279,10.918344911382892,18.0,0.7133419911089238,8.254999999999981e-05,True,True,True,True,False
3.6576,0.011,0.0100349,0.0004,13215,MOX,SS316,Zircaloy,Zircaloy,SS316,Light Water Reactor,high,fixed_core_power,870.0,0.9,45.0,True,0.3,0.0,5.4353156822968165,100063217.77181025,132062970.30750385,18409826.33220786,3001896.5331543074,58344369.75912236,40111879.661786355,1606968.3509015238,31999752.535693593,2.612159659346734,2821.132432094472,7571.942320984506,9993.41432519893,2.684008107823186,3.54234144115652,8.133357902494502,10.734368003504606,18.0,0.38976418070899976,8.254999999999981e-05,True,True,True,True,False
3.6576,0.011,0.0098349,0.0005,13215,MOX,SS316,Zircaloy,Zircaloy,SS316,Light Water Reactor,high,fixed_core_power,870.0,0.9,45.0,True,0.3,0.0,5.220818216123097,96558126.05305646,127295051.13984062,18494826.300380003,2896743.781591694,56041887.215266496,38528917.96207463,1987320.8757153298,30736925.08678415,2.5090742709495113,2709.800212625472,7306.706473935412,9632.61832310561,2.696400435682337,3.5547337690156704,8.170910411158596,10.771920512168698,18.0,0.48260895017034156,8.254999999999894e-05,True,True,True,True,False
3.6576,0.011,0.0096349,0.0006000000000000001,13215,MOX,SS316,Zircaloy,Zircaloy,SS316,Light Water Reactor,high,fixed_core_power,870.0,0.9,45.0,True,0.3,0.0,5.010638809842753,93123720.68574011,122623240.37011573,18585199.256991062,2793711.6205722033,53785756.06989185,36977822.948483765,2360141.6673645023,29499519.684375606,2.4080640999857232,2600.7092279845806,7046.819575160054,9279.09499584682,2.7095761030620813,3.5679094363954156,8.2108366759457,10.811846776955804,18.0,0.5736152093453193,8.254999999999981e-05,True,True,True,True,False
3.6576,0.011,0.0094349,0.0007000000000000001,13215,MOX,SS316,Zircaloy,Zircaloy,SS316,Light Water Reactor,high,fixed_core_power,870.0,0.9,45.0,True,0.3,0.0,4.8047774634557925,89760001.66986127,118047537.99832925,18681406.652557474,2692800.050095838,51575976.322998434,35458594.62101379,2725430.72584905,28287536.328467973,2.309129146455372,2493.859478171801,6792.281624658439,8932.84434342257,2.72360238582397,3.5819357191573045,8.25334056310294,10.854350664113044,18.0,0.6627829582339351,8.254999999999981e-05,True,True,True,True,False
3.6576,0.011,0.009234899999999999,0.0008,13215,MOX,SS316,Zircaloy,Zircaloy,SS316,Light Water Reactor,high,fixed_core_power,870.0,0.9,45.0,True,0.3,0.0,4.603234176962212,86466969.00541992,113567944.02448118,18783960.511537917,2594009.0701625976,49412547.974586256,33971232.9796647,3083188.051168969,27100975.019061252,2.2122694103584566,2389.250963187133,6543.092622430566,8593.866365832855,2.738553933113175,3.5968872664465086,8.298648282161137,10.899658383171237,18.0,0.7501121968361878,8.254999999999981e-05,True,True,True,True,False
3.6576,0.0115,0.0105349,0.0004,13215,MOX,SS316,Zircaloy,Zircaloy,SS316,Light Water Reactor,high,fixed_core_power,870.0,0.9,45.0,True,0.3,0.0,5.990450859764665,110194349.83250986,145462392.4439186,18395001.046188176,3305830.494975296,64303363.48711745,44208700.66284458,1682285.682547821,35268042.61140871,2.8789522066110775,3109.2683831399636,8338.58114510101,11007.36984062948,2.681846697543719,3.540180030877053,8.126808174374906,10.727818275385008,18.0,0.4081492835726315,8.254999999999981e-05,True,True,True,True,False
3.6576,0.0115,0.010334900000000001,0.0005,13215,MOX,SS316,Zircaloy,Zircaloy,SS316,Light Water Reactor,high,fixed_core_power,870.0,0.9,45.0,True,0.3,0.0,5.765158243857492,106512542.23516236,140454202.28140935,18475215.723461974,3195376.2670548707,61885002.44705851,42546072.247830644,2081467.5402732014,33941660.046247,2.7706787746302637,2992.3330766006843,8059.972927367564,10628.392151449818,2.693541367568533,3.5518747009018665,8.162246568389493,10.763256669399595,18.0,0.5055903287498813,8.254999999999894e-05,True,True,True,True,False
3.6576,0.0115,0.0101349,0.0006000000000000001,13215,MOX,SS316,Zircaloy,Zircaloy,SS316,Light Water Reactor,high,fixed_core_power,870.0,0.9,45.0,True,0.3,0.0,5.544183687843699,102901420.98925228,135542120.51683846,18560247.420170482,3087042.6296775686,59512992.80548077,40915310.518937565,2473117.66483395,32640699.527586166,2.664480560082885,2877.6390048895164,7786.713657907853,10256.68713710469,2.705938321199123,3.564271654532457,8.199813094542797,10.8008231955529,18.0,0.6011928636407674,8.254999999999981e-05,True,True,True,True,False
3.6576,0.0115,0.0099349,0.0007000000000000001,13215,MOX,SS316,Zircaloy,Zircaloy,SS316,Light Water Reactor,high,fixed_core_power,870.0,0.9,45.0,True,0.3,0.0,5.327527191723285,99360986.09477974,130726147.150206,18650488.776320938,2980829.582843392,57187334.562384285,39316415.47616539,2857236.056230072,31365161.055426262,2.5603575629689432,2765.186168006459,7518.803336721888,9892.254797594098,2.7190948022651633,3.5774281355984967,8.239681218985343,10.840691319995445,18.0,0.6949568882452911,8.254999999999981e-05,True,True,True,True,False
3.6576,0.0115,0.0097349,0.0008,13215,MOX,SS316,Zircaloy,Zircaloy,SS316,Light Water Reactor,high,fixed_core_power,870.0,0.9,45.0,True,0.3,0.0,5.115188755496253,95891237.55174467,126006282.18151194,18746373.229865637,2876737.12655234,54908027.71776902,37749387.119514085,3233822.7144615646,30115044.62976726,2.4583097832884375,2654.974565951513,7256.241963809661,9535.095132918043,2.7330740026163323,3.5914073359496657,8.282042432170703,10.883052533180804,18.0,0.7868824025634518,8.254999999999981e-05,True,True,True,True,False
3.6576,0.012,0.0110349,0.0004,13215,MOX,SS316,Zircaloy,Zircaloy,SS316,Light Water Reactor,high,fixed_core_power,870.0,0.9,45.0,True,0.3,0.0,6.5725739115661375,120814344.92197262,159509565.39972714,18381587.875241484,3624430.3476591785,70552053.4556202,48504688.452158295,1757603.0141941183,38695220.47775451,3.1587148628343953,3411.4120518611476,9142.21300960822,12070.341687455704,2.679891162552629,3.538224495885962,8.120882310765543,10.721892411775642,18.0,0.4265343864362633,8.254999999999981e-05,True,True,True,True,False
3.6576,0.012,0.010834900000000001,0.0005,13215,MOX,SS316,Zircaloy,Zircaloy,SS316,Light Water Reactor,high,fixed_core_power,870.0,0.9,45.0,True,0.3,0.0,6.336486145925514,116955821.4460314,154261104.24237192,18457520.264797915,3508674.6433809423,68017813.91935818,46762393.32184216,2175614.2048310745,37305282.79634052,3.0452533872699914,3288.873658251591,8850.23242119042,11673.182311189703,2.6909615086568333,3.5492948419901666,8.154428814111615,10.755438915121717,18.0,0.5285717073294214,8.254999999999894e-05,True,True,True,True,False
3.6576,0.012,0.010634900000000001,0.0006000000000000001,13215,MOX,SS316,Zircaloy,Zircaloy,SS316,Light Water Reactor,high,fixed_core_power,870.0,0.9,45.0,True,0.3,0.0,6.1047164401782705,113167984.32152767,149108751.4829551,18537795.39647593,3395039.52964583,65529925.781577386,45051964.877646886,2586093.6623033974,35940767.16142742,2.9338671291390233,3168.5764994701453,8563.600781046362,11283.295609758237,2.7026649924590367,3.5609983257923705,8.189893916542536,10.790904017552638,18.0,0.6287705179362155,8.254999999999981e-05,True,True,True,True,False
3.6576,0.012,0.0104349,0.0007000000000000001,13215,MOX,SS316,Zircaloy,Zircaloy,SS316,Light Water Reactor,high,fixed_core_power,870.0,0.9,45.0,True,0.3,0.0,5.877264794324406,109450833.54846139,144052507.12147662,18622750.102080915,3283525.0064538415,63088389.04227781,43373403.1195725,2989041.3866110938,34601673.573015235,2.824556088441491,3050.52057551681,8282.318089176042,10900.681583161304,2.7150507213913406,3.573384054724674,8.227426428458607,10.828436529468709,18.0,0.7271308182566472,8.254999999999981e-05,True,True,True,True,False
3.6576,0.012,0.0102349,0.0008,13215,MOX,SS316,Zircaloy,Zircaloy,SS316,Light Water Reactor,high,fixed_core_power,870.0,0.9,45.0,True,0.3,0.0,5.654131208363923,105804369.12683265,139092371.1579366,18712754.48477754,3174131.073804979,60693203.70145948,41726708.04761899,3384457.37775416,33288002.031103965,2.7173202651773947,2934.705886391587,8006.384345579467,10525.34023139891,2.7281726535887523,3.5865059869220848,8.267189859359855,10.868199960369953,18.0,0.8236526082907157,8.254999999999981e-05,True,True,True,True,False
3.6576,0.008,0.0070349,0.0004,13215,MOX,Inconel,Zircaloy,Zircaloy,SS316,Light Water Reactor,low,fixed_core_power,870.0,0.9,45.0,True,0.3,0.0,2.671249978495921,26893100.664896533,42619756.349543914,10067609.127334092,806793.019946896,15439861.468668785,9761723.496166239,1691515.7000615075,15726655.684647383,1.283776663899175,1386.4787970111088,2035.0435614753335,3225.104528909869,1.4677783503522472,2.3261116836855806,4.447813182885597,7.048823283895699,18.0,0.2958714603844306,8.254999999999981e-05,True,True,True,True,False
3.6576,0.008,0.0068349000000000005,0.0005,13215,MOX,Inconel,Zircaloy,Zircaloy,SS316,Light Water Reactor,low,fixed_core_power,870.0,0.9,45.0,True,0.3,0.0,2.5215234107229043,25873189.612651978,40718348.545903556,10260935.711572196,776195.6883795593,14574439.85586402,9214567.90743577,2084181.8493521868,14845158.93325158,1.2118195370034934,1308.765099963773,1957.865275266892,3081.2219860691303,1.4959638481505093,2.3542971814838425,4.533223782274271,7.134233883284371,18.0,0.36497301856632025,8.254999999999981e-05,True,True,True,True,False
3.6576,0.008,0.006634900000000001,0.0006000000000000001,13215,MOX,Inconel,Zircaloy,Zircaloy,SS316,Light Water Reactor,low,fixed_core_power,870.0,0.9,45.0,True,0.3,0.0,2.3761149028432684,24882955.756123096,38872039.984479785,10472118.047131497,746488.6726836929,13733976.688395306,8683192.0873748,2465786.9803529903,13989084.228356691,1.1419376275412483,1233.2926377445483,1882.9327095060987,2941.5088902368357,1.5267525742711117,2.3850859076044446,4.6265229523367015,7.227533053346802,18.0,0.4321280539825234,8.254999999999981e-05,True,True,True,True,False
3.6576,0.008,0.0064349,0.0007000000000000001,13215,MOX,Inconel,Zircaloy,Zircaloy,SS316,Light Water Reactor,low,fixed_core_power,870.0,0.9,45.0,True,0.3,0.0,2.235024454857011,23922399.095309872,37080830.66527258,10703417.156498337,717671.9728592961,12918471.966262631,8167596.035983323,2836331.0930639156,13158431.569962705,1.0741309355124387,1160.0614103534335,1810.245864192953,2805.9652414129837,1.5604741680368706,2.418807501370204,4.728709600111729,7.329719701121831,18.0,0.49733656663303955,8.254999999999981e-05,True,True,True,True,False
3.6576,0.008,0.006234900000000001,0.0008,13215,MOX,Inconel,Zircaloy,Zircaloy,SS316,Light Water Reactor,low,fixed_core_power,870.0,0.9,45.0,True,0.3,0.0,2.0982520667641356,22991519.630212322,35344720.58828196,10957463.11627334,689745.5889063696,12127925.689466013,7667779.753261347,3195814.1874849605,12353200.958069637,1.008399460917066,1089.071417790431,1739.8047393274553,2674.591039597575,1.5975120739623012,2.4558454072956346,4.84094567867364,7.441955779683741,18.0,0.5605985565178683,8.254999999999981e-05,True,True,True,True,False
3.6576,0.0085,0.007534900000000001,0.0004,13215,MOX,Inconel,Zircaloy,Zircaloy,SS316,Light Water Reactor,low,fixed_core_power,870.0,0.9,45.0,True,0.3,0.0,3.064457909962003,30713383.53790765,48755002.55448602,10022452.401145386,921401.5061372294,17712608.6990259,11198648.95592146,1802125.8829602906,18041619.01657837,1.472748557409662,1590.5684420024347,2324.1304228458303,3689.368335564587,1.4611948542873658,2.3195281876206995,4.427863194810199,7.028873295820301,18.0,0.31533668804130094,8.254999999999981e-05,True,True,True,True,False
3.6576,0.0085,0.007334900000000001,0.0005,13215,MOX,Inconel,Zircaloy,Zircaloy,SS316,Light Water Reactor,low,fixed_core_power,870.0,0.9,45.0,True,0.3,0.0,2.903936192455536,29619279.496373944,46715846.64530424,10199700.521425098,888578.3848912183,16784790.972881023,10612043.945517251,2222444.5779756666,17096567.148930296,1.3956033869303903,1507.2516578848215,2241.3378355182704,3535.0621752027423,1.4870362383038394,2.345369571637173,4.506170419102543,7.107180520112645,18.0,0.3893045531374084,8.254999999999981e-05,True,True,True,True,False
3.6576,0.0085,0.007134900000000001,0.0006000000000000001,13215,MOX,Inconel,Zircaloy,Zircaloy,SS316,Light Water Reactor,low,fixed_core_power,870.0,0.9,45.0,True,0.3,0.0,2.747732534842448,28554852.650555886,44731789.97833902,10392151.45159432,856645.5795166766,15881931.692072187,10041218.703782536,2631702.2547011655,16176937.327783128,1.3205334338845547,1426.176108595319,2160.790968638357,3384.925461849339,1.5150940726153244,2.3734274059486578,4.591194159440376,7.1922042604504774,18.0,0.4613258954678291,8.254999999999981e-05,True,True,True,True,False
3.6576,0.0085,0.006934900000000001,0.0007000000000000001,13215,MOX,Inconel,Zircaloy,Zircaloy,SS316,Light Water Reactor,low,fixed_core_power,870.0,0.9,45.0,True,0.3,0.0,2.595846937122741,27520103.000453506,42802832.55359038,10601589.256628906,825603.0900136052,15004030.8565994,9486173.23071732,3029898.913136785,15282729.553136872,1.247538698272155,1347.3417941339274,2082.489822206092,3238.95819550438,1.5456284598851315,2.403961793218465,4.68372260571252,7.284732706722621,18.0,0.5314007150325625,8.254999999999981e-05,True,True,True,True,False
3.6576,0.0085,0.006734900000000001,0.0008,13215,MOX,Inconel,Zircaloy,Zircaloy,SS316,Light Water Reactor,low,fixed_core_power,870.0,0.9,45.0,True,0.3,0.0,2.4482793992964136,26515030.546066783,40928974.37105831,10830067.252000188,795450.9163820035,14151088.466462659,8946907.5263216,3417034.5532825254,14413943.824991524,1.1766191800931916,1270.7487145006467,2006.4343962214743,3097.160376167863,1.5789387573843998,2.4372720907177334,4.784662901164848,7.38567300217495,18.0,0.5995290118316089,8.254999999999981e-05,True,True,True,True,False
3.6576,0.009000000000000001,0.008034900000000001,0.0004,13215,MOX,Inconel,Zircaloy,Zircaloy,SS316,Light Water Reactor,low,fixed_core_power,870.0,0.9,45.0,True,0.3,0.0,3.4846537157617132,34788280.24845342,55303750.38759347,9983281.865598237,1043648.4074536026,20141346.212733313,12734197.969861038,1912736.0658590738,20515470.139140047,1.674690559879125,1808.6658046694554,2632.4843169469104,4184.92246595486,1.4554840978087784,2.313817431142112,4.410557872147813,7.011567973157915,18.0,0.3348019156981713,8.254999999999981e-05,True,True,True,True,False
3.6576,0.009000000000000001,0.007834900000000002,0.0005,13215,MOX,Inconel,Zircaloy,Zircaloy,SS316,Light Water Reactor,low,fixed_core_power,870.0,0.9,45.0,True,0.3,0.0,3.3133368485217947,33619983.21763056,53126846.37287025,10146865.457591403,1008599.4965289166,19151132.37324832,12108143.537783088,2360707.3065991476,19506863.155239698,1.5923573458162632,1719.745933481564,2544.0774285002312,4020.192688071907,1.4793333009079066,2.33766663424124,4.482828184569414,7.083838285579515,18.0,0.41363608770849675,8.254999999999894e-05,True,True,True,True,False
3.6576,0.009000000000000001,0.007634900000000002,0.0006000000000000001,13215,MOX,Inconel,Zircaloy,Zircaloy,SS316,Light Water Reactor,low,fixed_core_power,870.0,0.9,45.0,True,0.3,0.0,3.1463380411752557,32481363.382523328,51005041.60036358,10323545.32712274,974440.9014756999,18185876.979099363,11497868.874374628,2797617.529049338,18523678.21784025,1.5120993491868369,1633.067297121784,2457.916260501198,3859.632357197396,1.5050918384277105,2.363425171761044,4.56088435887185,7.161894459881951,18.0,0.4905237369531343,8.254999999999981e-05,True,True,True,True,False
3.6576,0.009000000000000001,0.007434900000000001,0.0007000000000000001,13215,MOX,Inconel,Zircaloy,Zircaloy,SS316,Light Water Reactor,low,fixed_core_power,870.0,0.9,45.0,True,0.3,0.0,2.9836572937220973,31372420.74313178,48938336.0700735,10514753.423304472,941172.6222939533,17245580.030286457,10903373.979635669,3223466.7332096556,17565915.32694172,1.4339165699908467,1548.6298955901143,2374.000812949813,3703.241473331328,1.5329684773037306,2.391301810637064,4.645359022132517,7.246369123142618,18.0,0.5654648634320857,8.254999999999981e-05,True,True,True,True,False
3.6576,0.009000000000000001,0.007234900000000002,0.0008,13215,MOX,Inconel,Zircaloy,Zircaloy,SS316,Light Water Reactor,low,fixed_core_power,870.0,0.9,45.0,True,0.3,0.0,2.82529460616232,30293155.299455896,46926729.78199999,10722122.653468685,908794.6589836768,16330241.526809597,10324658.853566207,3638254.9190800926,16633574.482544098,1.357809008228293,1466.4337288865565,2292.3310858460763,3551.0200364737034,1.5632012826018484,2.4215346159351814,4.736973583641965,7.337983684652064,18.0,0.6384594671453497,8.254999999999981e-05,True,True,True,True,False
3.6576,0.0095,0.0085349,0.0004,13215,MOX,Inconel,Zircaloy,Zircaloy,SS316,Light Water Reactor,low,fixed_core_power,870.0,0.9,45.0,True,0.3,0.0,3.931837395895048,39117790.796533845,62265999.848866254,9948984.87851353,1173533.7238960152,22726074.009791017,14368370.537984967,2023346.248757858,23148209.052332405,1.8896026713075635,2040.7708850121685,2960.1052437785734,4711.766920080685,1.4504838664242916,2.308817199757625,4.395405655831187,6.996415756841287,18.0,0.3542671433550419,8.254999999999981e-05,True,True,True,True,False
3.6576,0.0095,0.0083349,0.0005,13215,MOX,Inconel,Zircaloy,Zircaloy,SS316,Light Water Reactor,low,fixed_core_power,870.0,0.9,45.0,True,0.3,0.0,3.749725378921677,37875300.776421785,59951347.72860156,10100819.913194211,1136259.0232926535,21673464.05696589,13702866.684233269,2498970.035222624,22076046.95217977,1.8020814136611105,1946.2479267539989,2866.084054212772,4536.613524676622,1.4726202221280713,2.330953555461405,4.4624855216002155,7.063495622610318,18.0,0.43796762227958425,8.255000000000068e-05,True,True,True,True,False
3.6576,0.0095,0.0081349,0.0006000000000000001,13215,MOX,Inconel,Zircaloy,Zircaloy,SS316,Light Water Reactor,low,fixed_core_power,870.0,0.9,45.0,True,0.3,0.0,3.5719314218416893,36662487.95202542,57691794.85055348,10264051.467461329,1099874.6385607626,20645812.54947683,13053142.599151075,2963532.803397515,21029306.89852806,1.7166353734480946,1853.9662033239422,2774.3085850946213,4365.629576281005,1.4964181008912751,2.3547514342246085,4.534600305731137,7.135610406741238,18.0,0.5197215784384402,8.254999999999981e-05,True,True,True,True,False
3.6576,0.0095,0.0079349,0.0007000000000000001,13215,MOX,Inconel,Zircaloy,Zircaloy,SS316,Light Water Reactor,low,fixed_core_power,870.0,0.9,45.0,True,0.3,0.0,3.3984555246550796,35479352.3233447,55487341.21472195,10439846.002382396,1064380.569700341,19643119.487323802,12419198.282738369,3417034.5532825277,20007988.891377248,1.633264550668514,1763.9257147219948,2684.7788364241164,4198.815074893829,1.522047563577389,2.3803808969107223,4.612265344173905,7.213275445184006,18.0,0.5995290118316092,8.254999999999981e-05,True,True,True,True,False
3.6576,0.0095,0.0077349,0.0008,13215,MOX,Inconel,Zircaloy,Zircaloy,SS316,Light Water Reactor,low,fixed_core_power,870.0,0.9,45.0,True,0.3,0.0,3.229297687361852,34325893.89037966,53337986.821107015,10629522.953153914,1029776.8167113898,18665384.87050683,11801033.734995168,3859475.2848776625,19012092.930727355,1.55196894532237,1676.1264609481598,2597.4948082012606,4036.170020515098,1.5497009734766054,2.4080343068099386,4.6960635559897135,7.297073656999814,18.0,0.6773899224590911,8.254999999999938e-05,True,True,True,True,False
3.6576,0.01,0.0090349,0.0004,13215,MOX,Inconel,Zircaloy,Zircaloy,SS316,Light Water Reactor,low,fixed_core_power,870.0,0.9,45.0,True,0.3,0.0,4.406008950362012,43701915.1821489,69641750.93830435,9918707.763532395,1311057.4554644672,25466792.090199012,16101166.660293251,2133956.431656643,25939835.75615545,2.117484891694978,2286.8836830305763,3306.9932033408177,5269.901697942062,1.4460697008246581,2.3044030341579913,4.382029396438358,6.983039497448458,18.0,0.37373237101191253,8.254999999999981e-05,True,True,True,True,False
3.6576,0.01,0.0088349,0.0005,13215,MOX,Inconel,Zircaloy,Zircaloy,SS316,Light Water Reactor,low,fixed_core_power,870.0,0.9,45.0,True,0.3,0.0,4.2131017836551905,42385232.172747694,67189350.71249823,10060338.997073846,1271556.9651824308,24351786.024033774,15396213.384867812,2637232.7638461045,24804118.539750542,2.0247755904649347,2186.7576377021296,3207.357712655898,5084.3246850168925,1.4667184224522598,2.325051755785593,4.444601280158363,7.045611381168463,18.0,0.4622991568506726,8.255000000000068e-05,True,True,True,True,False
3.6576,0.01,0.008634900000000001,0.0006000000000000001,13215,MOX,Inconel,Zircaloy,Zircaloy,SS316,Light Water Reactor,low,fixed_core_power,870.0,0.9,45.0,True,0.3,0.0,4.02451267684175,41098226.35906216,64792049.72890872,10211975.873638975,1232946.7907718646,23261738.40320459,14707039.878111875,3129448.0777456914,23693823.369846556,1.9341415066683285,2088.8728272017943,3109.967942418627,4902.917119100168,1.4888258882589172,2.3471592215922508,4.511593600784598,7.112603701794699,18.0,0.5489194199237462,8.254999999999981e-05,True,True,True,True,False
3.6576,0.01,0.0084349,0.0007000000000000001,13215,MOX,Inconel,Zircaloy,Zircaloy,SS316,Light Water Reactor,low,fixed_core_power,870.0,0.9,45.0,True,0.3,0.0,3.8402416299216915,39840897.74109229,62449847.98753576,10374580.971850123,1195226.9322327685,22196649.227711454,14033646.140025433,3610602.373355398,22608950.246443477,1.8455826403051578,1993.2292515295708,3014.823892629004,4725.679000191885,1.5125324346486881,2.3708657679820213,4.58343162014754,7.18444172115764,18.0,0.6335931602311324,8.254999999999981e-05,True,True,True,True,False
3.6576,0.01,0.0082349,0.0008,13215,MOX,Inconel,Zircaloy,Zircaloy,SS316,Light Water Reactor,low,fixed_core_power,870.0,0.9,45.0,True,0.3,0.0,3.66028864289501,38613246.31883806,60162745.48837936,10549235.343444914,1158397.3895651416,21156518.49755435,13376032.170608481,4080695.6506752297,21549499.169541296,1.7590989913754227,1899.8269106854564,2921.9255632870268,4552.610328292044,1.5379956704754738,2.3963290038088076,4.660592940834769,7.261603041844872,18.0,0.7163203777728321,8.254999999999981e-05,True,True,True,True,False
3.6576,0.0105,0.0095349,0.0004,13215,MOX,Inconel,Zircaloy,Zircaloy,SS316,Light Water Reactor,low,fixed_core_power,870.0,0.9,45.0,True,0.3,0.0,4.907168379162603,48540653.40529863,77431003.65590781,9891784.763575196,1456219.6021589588,28363500.453957308,17932586.336785894,2244566.6145554255,28890350.250609186,2.358337221041369,2547.004198724678,3673.1481956336456,5859.326799538994,1.442144538855823,2.3004778721891563,4.370134966229767,6.971145067239867,18.0,0.3931975986687829,8.254999999999981e-05,True,True,True,True,False
3.6576,0.0105,0.0093349,0.0005,13215,MOX,Inconel,Zircaloy,Zircaloy,SS316,Light Water Reactor,low,fixed_core_power,870.0,0.9,45.0,True,0.3,0.0,4.70346606272233,47149777.40660825,74840855.32456025,10024474.882533398,1414493.3221982475,27186098.274451952,17188183.639686715,2775495.492469583,27691077.917952005,2.260439876227735,2441.275066325954,3567.8984038296067,5663.326169092717,1.4614897161912963,2.3198230495246293,4.4287567157312,7.029766816741301,18.0,0.4866306914217605,8.255000000000068e-05,True,True,True,True,False
3.6576,0.0105,0.009134900000000001,0.0006000000000000001,13215,MOX,Inconel,Zircaloy,Zircaloy,SS316,Light Water Reactor,low,fixed_core_power,870.0,0.9,45.0,True,0.3,0.0,4.50408180617544,45788578.60363355,72305806.2354293,10166018.419304444,1373657.3581090064,26033654.54028265,16459560.711257033,3295363.352093865,26517227.631795745,2.1646177488475384,2337.787168755341,3464.8943324732163,5471.494985654885,1.4821256523184516,2.3404589856517855,4.491289855510459,7.092299956520562,18.0,0.5781172614090515,8.254999999999981e-05,True,True,True,True,False
3.6576,0.0105,0.0089349,0.0007000000000000001,13215,MOX,Inconel,Zircaloy,Zircaloy,SS316,Light Water Reactor,low,fixed_core_power,870.0,0.9,45.0,True,0.3,0.0,4.309015609521929,44457056.99637451,69825856.3885149,10317218.832564607,1333711.7098912352,24906169.251449395,15746717.551496848,3804170.193428273,25368799.39214039,2.0708708389007775,2236.5405060128396,3364.135981564473,5283.833249225494,1.5041694852027687,2.362502818536102,4.558089349099299,7.1590994501094,18.0,0.6676573086306563,8.254999999999981e-05,True,True,True,True,False
3.6576,0.0105,0.0087349,0.0008,13215,MOX,Inconel,Zircaloy,Zircaloy,SS316,Light Water Reactor,low,fixed_core_power,870.0,0.9,45.0,True,0.3,0.0,4.118267472761798,43155212.584831126,67401005.78381707,10478972.740420457,1294656.3775449337,23803642.40795218,15049654.160406157,4301916.016472797,24245793.198985938,1.9791991463874523,2137.5350780984486,3265.623351103377,5100.3409598045455,1.5277519347230903,2.3860852680564237,4.629551317342698,7.230561418352798,18.0,0.755250833086573,8.254999999999981e-05,True,True,True,True,False
3.6576,0.011,0.0100349,0.0004,13215,MOX,Inconel,Zircaloy,Zircaloy,SS316,Light Water Reactor,low,fixed_core_power,870.0,0.9,45.0,True,0.3,0.0,5.4353156822968165,53634005.46598297,85633758.00167656,9867689.12809839,1609020.1639794891,31416199.10106588,19862629.567462884,2355176.7974542095,31999752.535693593,2.612159659346734,2821.132432094472,4058.5702206570545,6480.042224871477,1.4386315844250819,2.2969649177584155,4.359489649772975,6.960499750783077,18.0,0.4126628263256535,8.254999999999981e-05,True,True,True,True,False
3.6576,0.011,0.0098349,0.0005,13215,MOX,Inconel,Zircaloy,Zircaloy,SS316,Light Water Reactor,low,fixed_core_power,870.0,0.9,45.0,True,0.3,0.0,5.220818216123097,52168936.47800345,82905861.5647876,9992482.848166151,1565068.0943401034,30176400.80822042,19078777.448689967,2913758.2210930656,30736925.08678415,2.5090742709495113,2709.800212625472,3947.706127733897,6273.617976904094,1.456825528812341,2.3151588621456742,4.414622814582851,7.015632915592952,18.0,0.5109622259928491,8.254999999999894e-05,True,True,True,True,False
3.6576,0.011,0.0096349,0.0006000000000000001,13215,MOX,Inconel,Zircaloy,Zircaloy,SS316,Light Water Reactor,low,fixed_core_power,870.0,0.9,45.0,True,0.3,0.0,5.010638809842753,50733544.68573957,80233064.37011518,10125164.99614382,1522006.340572187,28961560.96071099,18310705.09858654,3461278.626442037,29499519.684375606,2.4080640999857232,2600.7092279845806,3839.087755258386,6071.363175945152,1.4761695440414486,2.3345028773747822,4.473241042549844,7.0742511435599456,18.0,0.6073151028943568,8.254999999999981e-05,True,True,True,True,False
3.6576,0.011,0.0094349,0.0007000000000000001,13215,MOX,Inconel,Zircaloy,Zircaloy,SS316,Light Water Reactor,low,fixed_core_power,870.0,0.9,45.0,True,0.3,0.0,4.8047774634557925,49327830.08919136,77615366.41765934,10266413.057497311,1479834.902675741,27771679.558537614,17558412.51715261,3997738.01350114,28287536.328467973,2.309129146455372,2493.859478171801,3732.7151032305233,5873.277821994653,1.4967624021730779,2.3550957355064113,4.53564364294872,7.136653743958822,18.0,0.7017214570301789,8.254999999999981e-05,True,True,True,True,False
3.6576,0.011,0.009234899999999999,0.0008,13215,MOX,Inconel,Zircaloy,Zircaloy,SS316,Light Water Reactor,low,fixed_core_power,870.0,0.9,45.0,True,0.3,0.0,4.603234176962212,47951792.688358836,75052767.70742008,10416978.768610772,1438553.780650765,26606756.601700287,16821899.704388183,4523136.382270363,27100975.019061252,2.2122694103584566,2389.250963187133,3628.588171650309,5679.361915052598,1.5187137004686886,2.3770470338020218,4.602162728692996,7.203172829703096,18.0,0.7941812884003139,8.254999999999981e-05,True,True,True,True,False
3.6576,0.0115,0.0105349,0.0004,13215,MOX,Inconel,Zircaloy,Zircaloy,SS316,Light Water Reactor,low,fixed_core_power,870.0,0.9,45.0,True,0.3,0.0,5.990450859764665,58981971.364202,94250013.9756107,9845998.697753964,1769459.14092606,34624888.03152477,21891296.352324244,2465786.9803529917,35268042.61140871,2.8789522066110775,3109.2683831399636,4463.259278411048,7132.047973939516,1.4354692900146906,2.2938026233480233,4.349906939438456,6.950917040448555,18.0,0.43212805398252363,8.254999999999981e-05,True,True,True,True,False
3.6576,0.0115,0.010334900000000001,0.0005,13215,MOX,Inconel,Zircaloy,Zircaloy,SS316,Light Water Reactor,low,fixed_core_power,870.0,0.9,45.0,True,0.3,0.0,5.765158243857492,57442709.38693332,91384369.43318032,9963769.762631556,1723281.2816079995,33322693.62533919,21067994.811877582,3052020.9497165424,33941660.046247,2.7706787746302637,2992.3330766006843,4346.780884368772,6915.200108451027,1.4526393864237706,2.310972719757104,4.4019375346174865,7.002947635627588,18.0,0.5352937605639367,8.254999999999894e-05,True,True,True,True,False
3.6576,0.0115,0.0101349,0.0006000000000000001,13215,MOX,Inconel,Zircaloy,Zircaloy,SS316,Light Water Reactor,low,fixed_core_power,870.0,0.9,45.0,True,0.3,0.0,5.544183687843699,55933124.60538027,88573824.13296643,10088613.176367242,1677993.7381614079,32045457.66448964,20260473.04010041,3627193.9007902127,32640699.527586166,2.664480560082885,2877.6390048895164,4232.548210774141,6702.521689970975,1.4708405757575713,2.3291739090909043,4.457092653810822,7.058102754820922,18.0,0.6365129443796624,8.254999999999981e-05,True,True,True,True,False
3.6576,0.0115,0.0099349,0.0007000000000000001,13215,MOX,Inconel,Zircaloy,Zircaloy,SS316,Light Water Reactor,low,fixed_core_power,870.0,0.9,45.0,True,0.3,0.0,5.327527191723285,54453217.0195429,85818378.07496917,10221105.4134346,1633596.5105862871,30793180.148976147,19468731.03699274,4191305.83357401,31365161.055426262,2.5603575629689432,2765.186168006459,4120.561257627159,6494.01271849937,1.490156903467316,2.3484902368006497,4.515626980203988,7.1166370812140896,18.0,0.7357856054297021,8.254999999999981e-05,True,True,True,True,False
3.6576,0.0115,0.0097349,0.0008,13215,MOX,Inconel,Zircaloy,Zircaloy,SS316,Light Water Reactor,low,fixed_core_power,870.0,0.9,45.0,True,0.3,0.0,5.115188755496253,53002986.62942119,83118031.25918844,10361882.847914392,1590089.5988826356,29565861.078798696,18692768.802554566,4744356.748067929,30115044.62976726,2.4583097832884375,2654.974565951513,4010.820024927824,6289.673194036204,1.510681147896568,2.3690144812299008,4.5778216602926305,7.178831761302729,18.0,0.8331117437140546,8.254999999999981e-05,True,True,True,True,False
3.6576,0.012,0.0110349,0.0004,13215,MOX,Inconel,Zircaloy,Zircaloy,SS316,Light Water Reactor,low,fixed_core_power,870.0,0.9,45.0,True,0.3,0.0,6.5725739115661375,64584551.09995567,103279771.57771018,9826371.216047112,1937536.5329986701,37989567.24533395,24018586.69136995,2576397.1632517735,38695220.47775451,3.1587148628343953,3411.4120518611476,4887.215368895624,7815.344046743108,1.4326077573154288,2.290941090648762,4.341235628228572,6.942245729238672,18.0,0.4515932816393938,8.254999999999981e-05,True,True,True,True,False
3.6576,0.012,0.010834900000000001,0.0005,13215,MOX,Inconel,Zircaloy,Zircaloy,SS316,Light Water Reactor,low,fixed_core_power,870.0,0.9,45.0,True,0.3,0.0,6.336486145925514,62971096.133397825,100276378.92973834,9937857.462828903,1889132.8840019347,36624976.72580825,23155835.72924955,3190283.6783400225,37305282.79634052,3.0452533872699914,3288.873658251591,4765.122673734229,7588.072563733511,1.4488615766004922,2.3071949099338256,4.390489626062097,6.991499727072198,18.0,0.5596252951350249,8.254999999999894e-05,True,True,True,True,False
3.6576,0.012,0.010634900000000001,0.0006000000000000001,13215,MOX,Inconel,Zircaloy,Zircaloy,SS316,Light Water Reactor,low,fixed_core_power,870.0,0.9,45.0,True,0.3,0.0,6.1047164401782705,61387318.36255562,97328085.52398305,10055719.862520427,1841619.5508766687,35285344.65161859,22308864.53579864,3793109.175138388,35940767.16142742,2.9338671291390233,3168.5764994701453,4645.275699020479,7364.970527732353,1.4660449889081957,2.324378322241529,4.442560572449078,7.043570673459178,18.0,0.6657107858649681,8.254999999999981e-05,True,True,True,True,False
3.6576,0.012,0.0104349,0.0007000000000000001,13215,MOX,Inconel,Zircaloy,Zircaloy,SS316,Light Water Reactor,low,fixed_core_power,870.0,0.9,45.0,True,0.3,0.0,5.877264794324406,59833217.78742907,94434891.3604443,10180452.962610975,1794996.533622872,33970671.02276497,21477673.111017223,4384873.653646881,34601673.573015235,2.824556088441491,3050.52057551681,4527.674444754375,7146.037938739637,1.4842300953788226,2.3425634287121557,4.4976669556934015,7.098677056703502,18.0,0.7698497538292253,8.254999999999981e-05,True,True,True,True,False
3.6576,0.012,0.0102349,0.0008,13215,MOX,Inconel,Zircaloy,Zircaloy,SS316,Light Water Reactor,low,fixed_core_power,870.0,0.9,45.0,True,0.3,0.0,5.654131208363923,58308794.40801822,91596796.43912219,10312600.160704518,1749263.8322405464,32680955.83924741,20662261.45490531,4965577.113865496,33288002.031103965,2.7173202651773947,2934.705886391587,4412.318910935923,6931.274796755368,1.5034961191157585,2.3618294524490917,4.5560488458053285,7.157058946815429,18.0,0.8720421990277953,8.254999999999981e-05,True,True,True,True,False
3.6576,0.008,0.0070349,0.0004,13215,MOX,Inconel,Zircaloy,Zircaloy,SS316,Light Water Reactor,mean,fixed_core_power,870.0,0.9,45.0,True,0.3,0.0,2.671249978495921,37737889.217935026,53464544.90258241,14127427.055398159,1132136.6765380506,22056944.95524112,13989428.562632395,1691515.7000615075,15726655.684647383,1.283776663899175,1386.4787970111088,2855.6859037408267,4045.746871175362,2.0596679227240617,2.918001256057395,6.241417947648672,8.842428048658773,18.0,0.2958714603844306,8.254999999999981e-05,True,True,True,True,False
3.6576,0.008,0.0068349000000000005,0.0005,13215,MOX,Inconel,Zircaloy,Zircaloy,SS316,Light Water Reactor,mean,fixed_core_power,870.0,0.9,45.0,True,0.3,0.0,2.5215234107229043,36110115.56153808,50955274.49478966,14320753.639636263,1083303.4668461422,20820628.36552003,13205305.34666586,2084181.8493521868,14845158.93325158,1.2118195370034934,1308.765099963773,2732.509690619605,3855.8664014218434,2.087853420522324,2.9461867538556574,6.326828547037345,8.927838648047446,18.0,0.36497301856632025,8.254999999999981e-05,True,True,True,True,False
3.6576,0.008,0.006634900000000001,0.0006000000000000001,13215,MOX,Inconel,Zircaloy,Zircaloy,SS316,Light Water Reactor,mean,fixed_core_power,870.0,0.9,45.0,True,0.3,0.0,2.3761149028432684,34529549.637826405,48518633.866183095,14531935.975195564,1035886.4891347921,19619966.697707582,12443795.959765833,2465786.9803529903,13989084.228356691,1.1419376275412483,1233.2926377445483,2612.905761470027,3671.481942200764,2.1186421466429266,2.9769754799762596,6.420127717099778,9.021137818109876,18.0,0.4321280539825234,8.254999999999981e-05,True,True,True,True,False
3.6576,0.008,0.0064349,0.0007000000000000001,13215,MOX,Inconel,Zircaloy,Zircaloy,SS316,Light Water Reactor,mean,fixed_core_power,870.0,0.9,45.0,True,0.3,0.0,2.235024454857011,32996191.446799982,46154623.01676269,14763235.084562404,989885.7434039995,18454959.951803762,11704900.401932303,2836331.0930639156,13158431.569962705,1.0741309355124387,1160.0614103534335,2496.874116292091,3492.5934935121218,2.1523637404086853,3.010697073742019,6.522314364874804,9.123324465884906,18.0,0.49733656663303955,8.254999999999981e-05,True,True,True,True,False
3.6576,0.008,0.006234900000000001,0.0008,13215,MOX,Inconel,Zircaloy,Zircaloy,SS316,Light Water Reactor,mean,fixed_core_power,870.0,0.9,45.0,True,0.3,0.0,2.0982520667641356,31510040.988458842,43863241.94652848,15017281.044337409,945301.2296537652,17325608.127808593,10988618.673165288,3195814.1874849605,12353200.958069637,1.008399460917066,1089.071417790431,2384.4147550857997,3319.20105535592,2.189401646334116,3.0477349796674496,6.634550443436716,9.235560544446816,18.0,0.5605985565178683,8.254999999999981e-05,True,True,True,True,False
3.6576,0.0085,0.007534900000000001,0.0004,13215,MOX,Inconel,Zircaloy,Zircaloy,SS316,Light Water Reactor,mean,fixed_core_power,870.0,0.9,45.0,True,0.3,0.0,3.064457909962003,43154524.70056913,61196143.7171475,14082270.329209452,1294635.7410170739,25303726.712894145,16048672.104714694,1802125.8829602906,18041619.01657837,1.472748557409662,1590.5684420024347,3265.5712978107554,4630.809210529512,2.053084426659181,2.9114177599925144,6.221467959573276,8.822478060583377,18.0,0.31533668804130094,8.254999999999981e-05,True,True,True,True,False
3.6576,0.0085,0.007334900000000001,0.0005,13215,MOX,Inconel,Zircaloy,Zircaloy,SS316,Light Water Reactor,mean,fixed_core_power,870.0,0.9,45.0,True,0.3,0.0,2.903936192455536,41408731.71245903,58505298.861389324,14259518.449489163,1242261.9513737708,23978272.818401463,15208014.316081898,2222444.5779756666,17096567.148930296,1.3956033869303903,1507.2516578848215,3133.464374760426,4427.188714444897,2.078925810675654,2.937259144008987,6.299775183865618,8.900785284875719,18.0,0.3893045531374084,8.254999999999981e-05,True,True,True,True,False
3.6576,0.0085,0.007134900000000001,0.0006000000000000001,13215,MOX,Inconel,Zircaloy,Zircaloy,SS316,Light Water Reactor,mean,fixed_core_power,870.0,0.9,45.0,True,0.3,0.0,2.747732534842448,39710146.457034186,55887083.784817316,14451969.379658388,1191304.3937110256,22688473.845817413,14389970.356515605,2631702.2547011655,16176937.327783128,1.3205334338845547,1426.176108595319,3004.929735681739,4229.064228892722,2.1069836449871393,2.965316978320473,6.384798924203452,8.985809025213555,18.0,0.4613258954678291,8.254999999999981e-05,True,True,True,True,False
3.6576,0.0085,0.006934900000000001,0.0007000000000000001,13215,MOX,Inconel,Zircaloy,Zircaloy,SS316,Light Water Reactor,mean,fixed_core_power,870.0,0.9,45.0,True,0.3,0.0,2.595846937122741,38058768.934294604,53341498.487431474,14661407.184692973,1141763.0680288381,21434329.795142002,13594540.226015817,3029898.913136785,15282729.553136872,1.247538698272155,1347.3417941339274,2879.9673805746957,4036.4357538729832,2.137518032256946,2.9958513655902794,6.477327370475594,9.078337471485694,18.0,0.5314007150325625,8.254999999999981e-05,True,True,True,True,False
3.6576,0.0085,0.006734900000000001,0.0008,13215,MOX,Inconel,Zircaloy,Zircaloy,SS316,Light Water Reactor,mean,fixed_core_power,870.0,0.9,45.0,True,0.3,0.0,2.4482793992964136,36454599.14424029,50868542.969231814,14889885.180064257,1093637.9743272087,20215840.66637523,12821723.924582535,3417034.5532825254,14413943.824991524,1.1766191800931916,1270.7487145006467,2758.5773094392953,3849.303289385684,2.1708283297562145,3.029161663089548,6.578267665927923,9.179277766938023,18.0,0.5995290118316089,8.254999999999981e-05,True,True,True,True,False
3.6576,0.009000000000000001,0.008034900000000001,0.0004,13215,MOX,Inconel,Zircaloy,Zircaloy,SS316,Light Water Reactor,mean,fixed_core_power,870.0,0.9,45.0,True,0.3,0.0,3.4846537157617132,48935339.87679789,69450810.01593794,14043099.793662302,1468060.1963039367,28773351.732476167,18249252.078462653,1912736.0658590738,20515470.139140047,1.674690559879125,1808.6658046694554,3703.0147466362387,5255.452895644187,2.047373670180593,2.905707003513926,6.204162636910888,8.805172737920987,18.0,0.3348019156981713,8.254999999999981e-05,True,True,True,True,False
3.6576,0.009000000000000001,0.007834900000000002,0.0005,13215,MOX,Inconel,Zircaloy,Zircaloy,SS316,Light Water Reactor,mean,fixed_core_power,870.0,0.9,45.0,True,0.3,0.0,3.3133368485217947,47071527.55697463,66578390.71221432,14206683.385655468,1412145.8267092388,27358760.533211887,17352059.717163596,2360707.3065991476,19506863.155239698,1.5923573458162632,1719.745933481564,3561.977113656801,5038.092373228476,2.071222873279721,2.929556206613054,6.276432949332488,8.877443050342588,18.0,0.41363608770849675,8.254999999999894e-05,True,True,True,True,False
3.6576,0.009000000000000001,0.007634900000000002,0.0006000000000000001,13215,MOX,Inconel,Zircaloy,Zircaloy,SS316,Light Water Reactor,mean,fixed_core_power,870.0,0.9,45.0,True,0.3,0.0,3.1463380411752557,45254922.96983661,63778601.18767686,14383363.255186807,1357647.6890950983,25979824.255856235,16477481.184931036,2797617.529049338,18523678.21784025,1.5120993491868369,1633.067297121784,3424.5117646490053,4826.227861345204,2.096981410799525,2.9553147441328584,6.354489123634924,8.955499224645026,18.0,0.4905237369531343,8.254999999999981e-05,True,True,True,True,False
3.6576,0.009000000000000001,0.007434900000000001,0.0007000000000000001,13215,MOX,Inconel,Zircaloy,Zircaloy,SS316,Light Water Reactor,mean,fixed_core_power,870.0,0.9,45.0,True,0.3,0.0,2.9836572937220973,43485526.11538386,61051441.442325585,14574571.351368539,1304565.7834615158,24636542.900409225,15625516.481764985,3223466.7332096556,17565915.32694172,1.4339165699908467,1548.6298955901143,3290.618699612854,4619.859359994369,2.1248580496755456,2.983191383008879,6.4389637868955925,9.039973887905694,18.0,0.5654648634320857,8.254999999999981e-05,True,True,True,True,False
3.6576,0.009000000000000001,0.007234900000000002,0.0008,13215,MOX,Inconel,Zircaloy,Zircaloy,SS316,Light Water Reactor,mean,fixed_core_power,870.0,0.9,45.0,True,0.3,0.0,2.82529460616232,41763336.99361639,58396911.47616048,14781940.58153275,1252900.1098084915,23328916.466870856,14796165.607665438,3638254.9190800926,16633574.482544098,1.357809008228293,1466.4337288865565,3160.2979185483455,4418.986869175973,2.155090854973663,3.013424188306996,6.530578348405039,9.131588449415139,18.0,0.6384594671453497,8.254999999999981e-05,True,True,True,True,False
3.6576,0.0095,0.0085349,0.0004,13215,MOX,Inconel,Zircaloy,Zircaloy,SS316,Light Water Reactor,mean,fixed_core_power,870.0,0.9,45.0,True,0.3,0.0,3.931837395895048,55080334.746621296,78228543.7989537,14008802.806577595,1652410.0423986388,32465820.01398717,20591168.483876266,2023346.248757858,23148209.052332405,1.8896026713075635,2040.7708850121685,4168.016250217275,5919.677926519387,2.042373438796106,2.9007067721294395,6.18901042059426,8.790020521604362,18.0,0.3542671433550419,8.254999999999981e-05,True,True,True,True,False
3.6576,0.0095,0.0083349,0.0005,13215,MOX,Inconel,Zircaloy,Zircaloy,SS316,Light Water Reactor,mean,fixed_core_power,870.0,0.9,45.0,True,0.3,0.0,3.749725378921677,53098503.09508484,75174550.0472646,14160637.84125828,1592955.0928525452,30962091.50995128,19637441.549910937,2498970.035222624,22076046.95217977,1.8020814136611105,1946.2479267539989,4018.0479073087276,5688.577377772577,2.064509794499886,2.92284312783322,6.256090286363291,8.857100387373393,18.0,0.43796762227958425,8.255000000000068e-05,True,True,True,True,False
3.6576,0.0095,0.0081349,0.0006000000000000001,13215,MOX,Inconel,Zircaloy,Zircaloy,SS316,Light Water Reactor,mean,fixed_core_power,870.0,0.9,45.0,True,0.3,0.0,3.5719314218416893,51163879.17623369,72193186.07476175,14323869.395525396,1534916.3752870106,29494017.927824046,18706328.445012122,2963532.803397515,21029306.89852806,1.7166353734480946,1853.9662033239422,3871.6518483718264,5462.972839558211,2.08830767326309,2.9466410065964235,6.328205070494212,8.929215171504314,18.0,0.5197215784384402,8.254999999999981e-05,True,True,True,True,False
3.6576,0.0095,0.0079349,0.0007000000000000001,13215,MOX,Inconel,Zircaloy,Zircaloy,SS316,Light Water Reactor,mean,fixed_core_power,870.0,0.9,45.0,True,0.3,0.0,3.3984555246550796,49276462.990067765,69284451.88144502,14499663.930446463,1478293.8897020328,28061599.267605435,17797829.169179805,3417034.5532825277,20007988.891377248,1.633264550668514,1763.9257147219948,3728.8280734065656,5242.864311876278,2.1139371359492034,2.9722704692825372,6.40587010893698,9.006880209947083,18.0,0.5995290118316092,8.254999999999981e-05,True,True,True,True,False
3.6576,0.0095,0.0077349,0.0008,13215,MOX,Inconel,Zircaloy,Zircaloy,SS316,Light Water Reactor,mean,fixed_core_power,870.0,0.9,45.0,True,0.3,0.0,3.229297687361852,47436254.53658714,66448347.4673145,14689340.881217983,1423087.6360976142,26664835.529295474,16911943.722413998,3859475.2848776625,19012092.930727355,1.55196894532237,1676.1264609481598,3589.5765824129508,5028.251794726788,2.1415905458484206,2.999923879181754,6.48966832075279,9.09067842176289,18.0,0.6773899224590911,8.254999999999938e-05,True,True,True,True,False
3.6576,0.01,0.0090349,0.0004,13215,MOX,Inconel,Zircaloy,Zircaloy,SS316,Light Water Reactor,mean,fixed_core_power,870.0,0.9,45.0,True,0.3,0.0,4.406008950362012,61589509.31003934,87529345.06619479,13978525.691596461,1847685.2793011803,36381131.55742717,23074421.320955534,2133956.431656643,25939835.75615545,2.117484891694978,2286.8836830305763,4660.575808553866,6623.484303155111,2.037959273196473,2.8962926065298062,6.175634161201432,8.776644262211533,18.0,0.37373237101191253,8.254999999999981e-05,True,True,True,True,False
3.6576,0.01,0.0088349,0.0005,13215,MOX,Inconel,Zircaloy,Zircaloy,SS316,Light Water Reactor,mean,fixed_core_power,870.0,0.9,45.0,True,0.3,0.0,4.2131017836551905,59489658.32678973,84293776.86654027,14120156.925137913,1784689.7498036919,34788265.74861968,22064159.814323943,2637232.7638461045,24804118.539750542,2.0247755904649347,2186.7576377021296,4501.676755716211,6378.643728077205,2.0586079948240745,2.9169413281574075,6.238206044921438,8.839216145931537,18.0,0.4622991568506726,8.255000000000068e-05,True,True,True,True,False
3.6576,0.01,0.008634900000000001,0.0006000000000000001,13215,MOX,Inconel,Zircaloy,Zircaloy,SS316,Light Water Reactor,mean,fixed_core_power,870.0,0.9,45.0,True,0.3,0.0,4.02451267684175,57437015.0762254,81130838.44607195,14271793.80170304,1723110.452286762,33231054.86172085,21076512.136758864,3129448.0777456914,23693823.369846556,1.9341415066683285,2088.8728272017943,4346.3499868502,6139.29916353174,2.080715460630732,2.939048793964065,6.305198365547672,8.906208466557771,18.0,0.5489194199237462,8.254999999999981e-05,True,True,True,True,False
3.6576,0.01,0.0084349,0.0007000000000000001,13215,MOX,Inconel,Zircaloy,Zircaloy,SS316,Light Water Reactor,mean,fixed_core_power,870.0,0.9,45.0,True,0.3,0.0,3.8402416299216915,55431579.55834634,78040529.80478981,14434398.89991419,1662947.38675039,31709498.89673065,20111478.288260292,3610602.373355398,22608950.246443477,1.8455826403051578,1993.2292515295708,4194.595501955833,5905.450609518714,2.1044220070205024,2.9627553403538354,6.377036384910613,8.978046485920713,18.0,0.6335931602311324,8.254999999999981e-05,True,True,True,True,False
3.6576,0.01,0.0082349,0.0008,13215,MOX,Inconel,Zircaloy,Zircaloy,SS316,Light Water Reactor,mean,fixed_core_power,870.0,0.9,45.0,True,0.3,0.0,3.66028864289501,53473351.773152515,75022850.94269381,14609053.27150898,1604200.5531945755,30223597.853649076,19169058.26882821,4080695.6506752297,21549499.169541296,1.7590989913754227,1899.8269106854564,4046.4133010331075,5677.098066038125,2.1298852428472888,2.988218576180622,6.454197705597845,9.055207806607946,18.0,0.7163203777728321,8.254999999999981e-05,True,True,True,True,False
3.6576,0.0105,0.0095349,0.0004,13215,MOX,Inconel,Zircaloy,Zircaloy,SS316,Light Water Reactor,mean,fixed_core_power,870.0,0.9,45.0,True,0.3,0.0,4.907168379162603,68462863.56705204,97353213.81766123,13951602.69163926,2053885.907011561,40519286.36279616,25699010.589700464,2244566.6145554255,28890350.250609186,2.358337221041369,2547.004198724678,5180.693421646011,7366.87202555136,2.0340341112276374,2.8923674445609704,6.16373973099284,8.76474983200294,18.0,0.3931975986687829,8.254999999999981e-05,True,True,True,True,False
3.6576,0.0105,0.0093349,0.0005,13215,MOX,Inconel,Zircaloy,Zircaloy,SS316,Light Water Reactor,mean,fixed_core_power,870.0,0.9,45.0,True,0.3,0.0,4.70346606272233,66244993.25208928,93936071.17004128,14084292.810597464,1987349.7975626783,38837283.24921708,24632214.510402612,2775495.492469583,27691077.917952005,2.260439876227735,2441.275066325954,5012.863658879249,7108.29142414236,2.053379288563111,2.911712621896444,6.222361480494275,8.823371581504375,18.0,0.4866306914217605,8.255000000000068e-05,True,True,True,True,False
3.6576,0.0105,0.009134900000000001,0.0006000000000000001,13215,MOX,Inconel,Zircaloy,Zircaloy,SS316,Light Water Reactor,mean,fixed_core_power,870.0,0.9,45.0,True,0.3,0.0,4.50408180617544,64074330.669811785,90591558.30160753,14225836.347368509,1922229.9200943534,37190935.057546645,23588032.26017127,3295363.352093865,26517227.631795745,2.1646177488475384,2337.787168755341,4848.606180084131,6855.206833265799,2.0740152246902666,2.9323485580236,6.284894620273534,8.885904721283636,18.0,0.5781172614090515,8.254999999999981e-05,True,True,True,True,False
3.6576,0.0105,0.0089349,0.0007000000000000001,13215,MOX,Inconel,Zircaloy,Zircaloy,SS316,Light Water Reactor,mean,fixed_core_power,870.0,0.9,45.0,True,0.3,0.0,4.309015609521929,61950875.820219554,87319675.21235994,14377036.760628674,1858526.2746065867,35580241.78778485,22566463.83900643,3804170.193428273,25368799.39214039,2.0708708389007775,2236.5405060128396,4687.920985260655,6607.618252921675,2.096059057574583,2.9543923909079166,6.351694113862373,8.952704214872474,18.0,0.6676573086306563,8.254999999999981e-05,True,True,True,True,False
3.6576,0.0105,0.0087349,0.0008,13215,MOX,Inconel,Zircaloy,Zircaloy,SS316,Light Water Reactor,mean,fixed_core_power,870.0,0.9,45.0,True,0.3,0.0,4.118267472761798,59874628.70331257,84120421.90229851,14538790.668484522,1796238.861099377,34005203.43993168,21567509.24690809,4301916.016472797,24245793.198985938,1.9791991463874523,2137.5350780984486,4530.808074408821,6365.52568310999,2.119641507094905,2.9779748404282382,6.423156082105772,9.024166183115874,18.0,0.755250833086573,8.254999999999981e-05,True,True,True,True,False
3.6576,0.011,0.0100349,0.0004,13215,MOX,Inconel,Zircaloy,Zircaloy,SS316,Light Water Reactor,mean,fixed_core_power,870.0,0.9,45.0,True,0.3,0.0,5.4353156822968165,75700397.51765937,107700150.05335295,13927507.056162456,2271011.925529781,44880284.43009412,28464936.29011104,2355176.7974542095,31999752.535693593,2.612159659346734,2821.132432094472,5728.369089493709,8149.841093708131,2.0305211567968966,2.88885449013023,6.15309441453605,8.754104515546151,18.0,0.4126628263256535,8.254999999999981e-05,True,True,True,True,False
3.6576,0.011,0.0098349,0.0005,13215,MOX,Inconel,Zircaloy,Zircaloy,SS316,Light Water Reactor,mean,fixed_core_power,870.0,0.9,45.0,True,0.3,0.0,5.220818216123097,73364507.87098345,104101432.9577676,14052300.776230218,2200935.2361295037,43109144.01174346,27341605.638146933,2913758.2210930656,30736925.08678415,2.5090742709495113,2709.800212625472,5551.60861679784,7877.520465968037,2.048715101184156,2.9070484345174887,6.208227579345927,8.809237680356025,18.0,0.5109622259928491,8.254999999999894e-05,True,True,True,True,False
3.6576,0.011,0.0096349,0.0006000000000000001,13215,MOX,Inconel,Zircaloy,Zircaloy,SS316,Light Water Reactor,mean,fixed_core_power,870.0,0.9,45.0,True,0.3,0.0,5.010638809842753,71075825.95699278,100575345.64136839,14184982.924207887,2132274.778709783,41373658.51530142,26240888.81524932,3461278.626442037,29499519.684375606,2.4080640999857232,2600.7092279845806,5378.420428073611,7610.695848760378,2.068059116413263,2.926392449746597,6.266845807312918,8.86785590832302,18.0,0.6073151028943568,8.254999999999981e-05,True,True,True,True,False
3.6576,0.011,0.0094349,0.0007000000000000001,13215,MOX,Inconel,Zircaloy,Zircaloy,SS316,Light Water Reactor,mean,fixed_core_power,870.0,0.9,45.0,True,0.3,0.0,4.8047774634557925,68834351.77568738,97121888.10415536,14326230.985561378,2065030.5532706215,39673827.940768026,25162785.82141822,3997738.01350114,28287536.328467973,2.309129146455372,2493.859478171801,5208.804523321028,7349.367242085158,2.0886519745448924,2.946985307878226,6.329248407711795,8.930258508721897,18.0,0.7017214570301789,8.254999999999981e-05,True,True,True,True,False
3.6576,0.011,0.009234899999999999,0.0008,13215,MOX,Inconel,Zircaloy,Zircaloy,SS316,Light Water Reactor,mean,fixed_core_power,870.0,0.9,45.0,True,0.3,0.0,4.603234176962212,66640085.327067256,93741060.34612851,14476796.696674837,1999202.5598120177,38009652.28814327,24107296.65665362,4523136.382270363,27100975.019061252,2.2122694103584566,2389.250963187133,5042.760902540087,7093.534645942376,2.110603272840503,2.9689366061738363,6.395767493456069,8.99677759446617,18.0,0.7941812884003139,8.254999999999981e-05,True,True,True,True,False
3.6576,0.0115,0.0105349,0.0004,13215,MOX,Inconel,Zircaloy,Zircaloy,SS316,Light Water Reactor,mean,fixed_core_power,870.0,0.9,45.0,True,0.3,0.0,5.990450859764665,83302111.1618614,118570153.77327012,13905816.625818033,2499063.334855842,49464125.75932111,31372198.422187295,2465786.9803529917,35268042.61140871,2.8789522066110775,3109.2683831399636,6303.602812096966,8972.391507625434,2.0273588623865053,2.8856921957198387,6.143511704201531,8.744521805211631,18.0,0.43212805398252363,8.254999999999981e-05,True,True,True,True,False
3.6576,0.0115,0.010334900000000001,0.0005,13215,MOX,Inconel,Zircaloy,Zircaloy,SS316,Light Water Reactor,mean,fixed_core_power,870.0,0.9,45.0,True,0.3,0.0,5.765158243857492,80848202.18347232,114789862.22971931,14023587.690695623,2425446.0655041696,47603848.036198854,30192333.197556924,3052020.9497165424,33941660.046247,2.7706787746302637,2992.3330766006843,6117.911629471988,8686.330853554242,2.0445289587955853,2.9028622921289187,6.195542299380561,8.796552400390663,18.0,0.5352937605639367,8.254999999999894e-05,True,True,True,True,False
3.6576,0.0115,0.0101349,0.0006000000000000001,13215,MOX,Inconel,Zircaloy,Zircaloy,SS316,Light Water Reactor,mean,fixed_core_power,870.0,0.9,45.0,True,0.3,0.0,5.544183687843699,78441500.93776846,111082200.46535462,14148431.104431307,2353245.028133054,45779225.2349852,29035081.801993042,3627193.9007902127,32640699.527586166,2.664480560082885,2877.6390048895164,5935.79273081865,8405.766210015485,2.062730148129386,2.9210634814627188,6.250697418573896,8.851707519583996,18.0,0.6365129443796624,8.254999999999981e-05,True,True,True,True,False
3.6576,0.0115,0.0099349,0.0007000000000000001,13215,MOX,Inconel,Zircaloy,Zircaloy,SS316,Light Water Reactor,mean,fixed_core_power,870.0,0.9,45.0,True,0.3,0.0,5.327527191723285,76082007.42474991,107447168.48017618,14280923.341498667,2282460.2227424975,43990257.35568022,27900444.23549568,4191305.83357401,31365161.055426262,2.5603575629689432,2765.186168006459,5757.246116136959,8130.69757700917,2.0820464758391313,2.9403798091724647,6.3092317449670645,8.910241845977165,18.0,0.7357856054297021,8.254999999999981e-05,True,True,True,True,False
3.6576,0.0115,0.0097349,0.0008,13215,MOX,Inconel,Zircaloy,Zircaloy,SS316,Light Water Reactor,mean,fixed_core_power,870.0,0.9,45.0,True,0.3,0.0,5.115188755496253,73769721.6444166,103884766.27418387,14421700.775978459,2213091.6493324977,42236944.39828386,26788420.498064812,4744356.748067929,30115044.62976726,2.4583097832884375,2654.974565951513,5582.2717854269085,7861.124954535291,2.1025707202683823,2.960904053601716,6.371426425055704,8.972436526065806,18.0,0.8331117437140546,8.254999999999981e-05,True,True,True,True,False
3.6576,0.012,0.0110349,0.0004,13215,MOX,Inconel,Zircaloy,Zircaloy,SS316,Light Water Reactor,mean,fixed_core_power,870.0,0.9,45.0,True,0.3,0.0,6.5725739115661375,91268004.49965805,129963224.97741255,13886189.144111179,2738040.1349897413,54270810.35047708,34420796.9859292,2576397.1632517735,38695220.47775451,3.1587148628343953,3411.4120518611476,6906.394589455774,9834.523267303257,2.0244973296872435,2.8828306630205764,6.134840392991647,8.735850494001747,18.0,0.4515932816393938,8.254999999999981e-05,True,True,True,True,False
3.6576,0.012,0.010834900000000001,0.0005,13215,MOX,Inconel,Zircaloy,Zircaloy,SS316,Light Water Reactor,mean,fixed_core_power,870.0,0.9,45.0,True,0.3,0.0,6.336486145925514,88696076.1895558,126001358.98589632,13997675.390892968,2660882.2856866736,52321395.32258322,33184397.188632563,3190283.6783400225,37305282.79634052,3.0452533872699914,3288.873658251591,6711.772696901687,9534.72258690097,2.0407511489723063,2.89908448230564,6.18409439082517,8.785104491835273,18.0,0.5596252951350249,8.254999999999894e-05,True,True,True,True,False
3.6576,0.012,0.010634900000000001,0.0006000000000000001,13215,MOX,Inconel,Zircaloy,Zircaloy,SS316,Light Water Reactor,mean,fixed_core_power,870.0,0.9,45.0,True,0.3,0.0,6.1047164401782705,86171355.61213881,122112122.77356623,14115537.790584492,2585140.668364164,50407635.21659799,31970611.220402427,3793109.175138388,35940767.16142742,2.9338671291390233,3168.5764994701453,6520.723088319244,9240.417917031118,2.0579345612800104,2.9162678946133433,6.236165337212152,8.837175438222252,18.0,0.6657107858649681,8.254999999999981e-05,True,True,True,True,False
3.6576,0.012,0.0104349,0.0007000000000000001,13215,MOX,Inconel,Zircaloy,Zircaloy,SS316,Light Water Reactor,mean,fixed_core_power,870.0,0.9,45.0,True,0.3,0.0,5.877264794324406,83693842.76740707,118295516.3404223,14240270.890675042,2510815.2830222123,48529530.0325214,30779439.08123879,4384873.653646881,34601673.573015235,2.824556088441491,3050.52057551681,6333.245763708443,8951.609257693704,2.0761196677506373,2.9344530010839707,6.291271720456476,8.892281821466577,18.0,0.7698497538292253,8.254999999999981e-05,True,True,True,True,False
3.6576,0.012,0.0102349,0.0008,13215,MOX,Inconel,Zircaloy,Zircaloy,SS316,Light Water Reactor,mean,fixed_core_power,870.0,0.9,45.0,True,0.3,0.0,5.654131208363923,81263537.65536061,114551539.68646458,14372418.088768583,2437906.1296608183,46687079.770353444,29610880.77114167,4965577.113865496,33288002.031103965,2.7173202651773947,2934.705886391587,6149.340723069286,8668.296608888731,2.095385691487573,2.9537190248209066,6.349653610568402,8.950663711578505,18.0,0.8720421990277953,8.254999999999981e-05,True,True,True,True,False
3.6576,0.008,0.0070349,0.0004,13215,MOX,Inconel,Zircaloy,Zircaloy,SS316,Light Water Reactor,high,fixed_core_power,870.0,0.9,45.0,True,0.3,0.0,2.671249978495921,50079000.35067784,65805656.03532522,18747403.18346223,1502370.010520335,28674028.44181346,19713456.208802868,1691515.7000615075,15726655.684647383,1.283776663899175,1386.4787970111088,3789.557347762228,4979.6183151967625,2.7332241617625437,3.5915574950958766,8.282497459886496,10.883507560896595,18.0,0.2958714603844306,8.254999999999981e-05,True,True,True,True,False
3.6576,0.008,0.0068349000000000005,0.0005,13215,MOX,Inconel,Zircaloy,Zircaloy,SS316,Light Water Reactor,high,fixed_core_power,870.0,0.9,45.0,True,0.3,0.0,2.5215234107229043,47759493.52543258,62604652.45868416,18940729.76770033,1432784.8057629773,27066816.87517604,18608494.800904352,2084181.8493521868,14845158.93325158,1.2118195370034934,1308.765099963773,3614.0365891360257,4737.393299938264,2.761409659560805,3.6197429928941385,8.367908059275166,10.968918160285268,18.0,0.36497301856632025,8.254999999999981e-05,True,True,True,True,False
3.6576,0.008,0.006634900000000001,0.0006000000000000001,13215,MOX,Inconel,Zircaloy,Zircaloy,SS316,Light Water Reactor,high,fixed_core_power,870.0,0.9,45.0,True,0.3,0.0,2.3761149028432684,45507143.76649957,59496227.99485626,19151912.10325963,1365214.312994987,25505956.707019858,17535400.079126727,2465786.9803529903,13989084.228356691,1.1419376275412483,1233.2926377445483,3443.597712183093,4502.17389291383,2.7921983856814077,3.650531719014741,8.461207229337598,11.0622173303477,18.0,0.4321280539825234,8.254999999999981e-05,True,True,True,True,False
3.6576,0.008,0.0064349,0.0007000000000000001,13215,MOX,Inconel,Zircaloy,Zircaloy,SS316,Light Water Reactor,high,fixed_core_power,870.0,0.9,45.0,True,0.3,0.0,2.235024454857011,43321951.07387877,56480382.643841475,19383211.21262647,1299658.5322163631,23991447.93734489,16494172.043469971,2836331.0930639156,13158431.569962705,1.0741309355124387,1160.0614103534335,3278.240716903426,4273.960094123457,2.8259199794471663,3.6842533127805,8.563393877112626,11.164403978122728,18.0,0.49733656663303955,8.254999999999981e-05,True,True,True,True,False
3.6576,0.008,0.006234900000000001,0.0008,13215,MOX,Inconel,Zircaloy,Zircaloy,SS316,Light Water Reactor,high,fixed_core_power,870.0,0.9,45.0,True,0.3,0.0,2.0982520667641356,41203915.447570235,53557116.40563987,19637257.172401473,1236117.463427107,22523290.56615117,15484810.693934109,3195814.1874849605,12353200.958069637,1.008399460917066,1089.071417790431,3117.965603297029,4052.751903567149,2.862957885372597,3.7212912187059306,8.675629955674536,11.276640056684638,18.0,0.5605985565178683,8.254999999999981e-05,True,True,True,True,False
3.6576,0.0085,0.007534900000000001,0.0004,13215,MOX,Inconel,Zircaloy,Zircaloy,SS316,Light Water Reactor,high,fixed_core_power,870.0,0.9,45.0,True,0.3,0.0,3.064457909962003,57312247.09005069,75353866.10662906,18702246.45727352,1719367.4127015206,32894844.72676239,22615276.48032801,1802125.8829602906,18041619.01657837,1.472748557409662,1590.5684420024347,4336.908595539212,5702.146508257969,2.726640665697662,3.584973999030996,8.262547471811097,10.863557572821199,18.0,0.31533668804130094,8.254999999999981e-05,True,True,True,True,False
3.6576,0.0085,0.007334900000000001,0.0005,13215,MOX,Inconel,Zircaloy,Zircaloy,SS316,Light Water Reactor,high,fixed_core_power,870.0,0.9,45.0,True,0.3,0.0,2.903936192455536,54824847.59902486,71921414.74795516,18879494.57755323,1644745.4279707458,31171754.6639219,21430648.357127294,2222444.5779756666,17096567.148930296,1.3956033869303903,1507.2516578848215,4148.683132729842,5442.407472414314,2.7524820497141356,3.6108153830474685,8.34085469610344,10.94186479711354,18.0,0.3893045531374084,8.254999999999981e-05,True,True,True,True,False
3.6576,0.0085,0.007134900000000001,0.0006000000000000001,13215,MOX,Inconel,Zircaloy,Zircaloy,SS316,Light Water Reactor,high,fixed_core_power,870.0,0.9,45.0,True,0.3,0.0,2.747732534842448,52404605.174311265,68581542.50209439,19071945.507722456,1572138.155229338,29495015.999562636,20277886.92004746,2631702.2547011655,16176937.327783128,1.3205334338845547,1426.176108595319,3965.5395515937394,5189.674044804721,2.780539884025621,3.6388732173589537,8.425878436441275,11.026888537451374,18.0,0.4613258954678291,8.254999999999981e-05,True,True,True,True,False
3.6576,0.0085,0.006934900000000001,0.0007000000000000001,13215,MOX,Inconel,Zircaloy,Zircaloy,SS316,Light Water Reactor,high,fixed_core_power,870.0,0.9,45.0,True,0.3,0.0,2.595846937122741,50051519.8159099,65334249.36904677,19281383.31275704,1501545.594477297,27864628.733684603,19156992.169088505,3029898.913136785,15282729.553136872,1.247538698272155,1347.3417941339274,3787.4778521309045,4943.946225429192,2.811074271295428,3.6694076046287614,8.518406882713418,11.119416983723518,18.0,0.5314007150325625,8.254999999999981e-05,True,True,True,True,False
3.6576,0.0085,0.006734900000000001,0.0008,13215,MOX,Inconel,Zircaloy,Zircaloy,SS316,Light Water Reactor,high,fixed_core_power,870.0,0.9,45.0,True,0.3,0.0,2.4482793992964136,47765591.52382076,62179535.34881228,19509861.308128323,1432967.7457146228,26280592.866287798,18067964.104250435,3417034.5532825254,14413943.824991524,1.1766191800931916,1270.7487145006467,3614.4980343413363,4705.2240142877245,2.844384568794696,3.7027179021280294,8.619347178165745,11.220357279175847,18.0,0.5995290118316089,8.254999999999981e-05,True,True,True,True,False
3.6576,0.009000000000000001,0.008034900000000001,0.0004,13215,MOX,Inconel,Zircaloy,Zircaloy,SS316,Light Water Reactor,high,fixed_core_power,870.0,0.9,45.0,True,0.3,0.0,3.4846537157617132,65034356.85818675,85549826.99732679,18663075.92172637,1951030.7057456025,37405357.252219014,25716263.540108666,1912736.0658590738,20515470.139140047,1.674690559879125,1808.6658046694554,4921.252883706905,6473.6910327148535,2.720929909219074,3.579263242552407,8.245242149148709,10.846252250158809,18.0,0.3348019156981713,8.254999999999981e-05,True,True,True,True,False
3.6576,0.009000000000000001,0.007834900000000002,0.0005,13215,MOX,Inconel,Zircaloy,Zircaloy,SS316,Light Water Reactor,high,fixed_core_power,870.0,0.9,45.0,True,0.3,0.0,3.3133368485217947,62379064.70138035,81885927.85662004,18826659.513719536,1871371.9410414104,35566388.69317546,24451968.70160575,2360707.3065991476,19506863.155239698,1.5923573458162632,1719.745933481564,4720.322716714366,6196.437976286042,2.7447791123182026,3.603112445651536,8.31751246157031,10.918522562580412,18.0,0.41363608770849675,8.254999999999894e-05,True,True,True,True,False
3.6576,0.009000000000000001,0.007634900000000002,0.0006000000000000001,13215,MOX,Inconel,Zircaloy,Zircaloy,SS316,Light Water Reactor,high,fixed_core_power,870.0,0.9,45.0,True,0.3,0.0,3.1463380411752557,59790929.61088614,78314607.8287264,19003339.383250874,1793727.8883265841,33773771.532613106,23219540.549223702,2797617.529049338,18523678.21784025,1.5120993491868369,1633.067297121784,4524.474431395092,5926.19052809129,2.770537649838006,3.6288709831713395,8.395568635872745,10.996578736882846,18.0,0.4905237369531343,8.254999999999981e-05,True,True,True,True,False
3.6576,0.009000000000000001,0.007434900000000001,0.0007000000000000001,13215,MOX,Inconel,Zircaloy,Zircaloy,SS316,Light Water Reactor,high,fixed_core_power,870.0,0.9,45.0,True,0.3,0.0,2.9836572937220973,57269951.586704195,74835866.91364592,19194547.479432605,1718098.5476011257,32027505.770531993,22018979.082962543,3223466.7332096556,17565915.32694172,1.4339165699908467,1548.6298955901143,4333.708027749088,5662.948688130603,2.798414288714027,3.6567476220473605,8.480043299133415,11.081053400143515,18.0,0.5654648634320857,8.254999999999981e-05,True,True,True,True,False
3.6576,0.009000000000000001,0.007234900000000002,0.0008,13215,MOX,Inconel,Zircaloy,Zircaloy,SS316,Light Water Reactor,high,fixed_core_power,870.0,0.9,45.0,True,0.3,0.0,2.82529460616232,54816130.62883447,71449705.11137857,19401916.709596816,1644483.9188650341,30327591.406932116,20850284.302822266,3638254.9190800926,16633574.482544098,1.357809008228293,1466.4337288865565,4148.02350577635,5406.712456403978,2.828647094012144,3.686980427345477,8.57165786064286,11.17266796165296,18.0,0.6384594671453497,8.254999999999981e-05,True,True,True,True,False
3.6576,0.0095,0.0085349,0.0004,13215,MOX,Inconel,Zircaloy,Zircaloy,SS316,Light Water Reactor,high,fixed_core_power,870.0,0.9,45.0,True,0.3,0.0,3.931837395895048,73245329.655086,96393538.7074184,18628778.93464166,2197359.88965258,42205566.01818332,29016417.388144825,2023346.248757858,23148209.052332405,1.8896026713075635,2040.7708850121685,5542.590212265304,7294.251888567415,2.715929677834587,3.5742630111679206,8.230089932832081,10.831100033842183,18.0,0.3542671433550419,8.254999999999981e-05,True,True,True,True,False
3.6576,0.0095,0.0083349,0.0005,13215,MOX,Inconel,Zircaloy,Zircaloy,SS316,Light Water Reactor,high,fixed_core_power,870.0,0.9,45.0,True,0.3,0.0,3.749725378921677,70422144.83249897,92498191.78467874,18780613.969322346,2112664.344974969,40250718.96293666,27672455.83433969,2498970.035222624,22076046.95217977,1.8020814136611105,1946.2479267539989,5328.955341089592,6999.484811553442,2.738066033538367,3.596399366871701,8.297169798601113,10.898179899611215,18.0,0.43796762227958425,8.255000000000068e-05,True,True,True,True,False
3.6576,0.0095,0.0081349,0.0006000000000000001,13215,MOX,Inconel,Zircaloy,Zircaloy,SS316,Light Water Reactor,high,fixed_core_power,870.0,0.9,45.0,True,0.3,0.0,3.5719314218416893,67666117.07622424,88695423.9747523,18943845.523589466,2029983.512286727,38342223.30617126,26360360.966655456,2963532.803397515,21029306.89852806,1.7166353734480946,1853.9662033239422,5120.402351587154,6711.723342773538,2.7618639123015716,3.6201972456349054,8.369284582732035,10.970294683742138,18.0,0.5197215784384402,8.254999999999981e-05,True,True,True,True,False
3.6576,0.0095,0.0079349,0.0007000000000000001,13215,MOX,Inconel,Zircaloy,Zircaloy,SS316,Light Water Reactor,high,fixed_core_power,870.0,0.9,45.0,True,0.3,0.0,3.3984555246550796,64977246.38626168,84985235.27763893,19119640.05851053,1949317.3915878504,36480079.047887065,25080132.785092086,3417034.5532825277,20007988.891377248,1.633264550668514,1763.9257147219948,4916.931243757978,6430.96748222769,2.7874933749876853,3.6458267083210183,8.446949621174804,11.047959722184903,18.0,0.5995290118316092,8.254999999999981e-05,True,True,True,True,False
3.6576,0.0095,0.0077349,0.0008,13215,MOX,Inconel,Zircaloy,Zircaloy,SS316,Light Water Reactor,high,fixed_core_power,870.0,0.9,45.0,True,0.3,0.0,3.229297687361852,62355532.7626114,81367625.69333875,19309317.00928205,1870665.9828783418,34664286.18808412,23831771.28964961,3859475.2848776625,19012092.930727355,1.55196894532237,1676.1264609481598,4718.542017602073,6157.21722991591,2.815146784886902,3.673480118220235,8.530747832990611,11.131757934000712,18.0,0.6773899224590911,8.254999999999938e-05,True,True,True,True,False
3.6576,0.01,0.0090349,0.0004,13215,MOX,Inconel,Zircaloy,Zircaloy,SS316,Light Water Reactor,high,fixed_core_power,870.0,0.9,45.0,True,0.3,0.0,4.406008950362012,81945165.48074846,107885001.2369039,18598501.81966053,2458354.9644224537,47295471.02465531,32515738.024436496,2133956.431656643,25939835.75615545,2.117484891694978,2286.8836830305763,6200.920581214413,8163.829075815657,2.711515512234955,3.5698488455682877,8.216713673439257,10.817723774449357,18.0,0.37373237101191253,8.254999999999981e-05,True,True,True,True,False
3.6576,0.01,0.0088349,0.0005,13215,MOX,Inconel,Zircaloy,Zircaloy,SS316,Light Water Reactor,high,fixed_core_power,870.0,0.9,45.0,True,0.3,0.0,4.2131017836551905,78954087.99238084,103758206.53213139,18740133.053201977,2368622.639771425,45224745.47320558,31092109.75532916,2637232.7638461045,24804118.539750542,2.0247755904649347,2186.7576377021296,5974.581005855531,7851.547978216526,2.7321642338625556,3.590497567195889,8.279285557159259,10.88029565816936,18.0,0.4622991568506726,8.255000000000068e-05,True,True,True,True,False
3.6576,0.01,0.008634900000000001,0.0006000000000000001,13215,MOX,Inconel,Zircaloy,Zircaloy,SS316,Light Water Reactor,high,fixed_core_power,870.0,0.9,45.0,True,0.3,0.0,4.02451267684175,76030167.57032551,99723990.94017206,18891769.92976711,2280905.027109765,43200371.3202371,29700348.172342718,3129448.0777456914,23693823.369846556,1.9341415066683285,2088.8728272017943,5753.323312169921,7546.272488851461,2.7542716996692134,3.6126050330025468,8.346277877785495,10.947287978795595,18.0,0.5489194199237462,8.254999999999981e-05,True,True,True,True,False
3.6576,0.01,0.0084349,0.0007000000000000001,13215,MOX,Inconel,Zircaloy,Zircaloy,SS316,Light Water Reactor,high,fixed_core_power,870.0,0.9,45.0,True,0.3,0.0,3.8402416299216915,73173404.2145824,95782354.46102588,19054375.027978256,2195202.1264374717,41222348.56574985,28340453.275477152,3610602.373355398,22608950.246443477,1.8455826403051578,1993.2292515295708,5537.147500157578,7248.00260772046,2.777978246058984,3.6363115793923173,8.418115897148436,11.019125998158536,18.0,0.6335931602311324,8.254999999999981e-05,True,True,True,True,False
3.6576,0.01,0.0082349,0.0008,13215,MOX,Inconel,Zircaloy,Zircaloy,SS316,Light Water Reactor,high,fixed_core_power,870.0,0.9,45.0,True,0.3,0.0,3.66028864289501,70383797.92515148,91933297.09469278,19229029.399573047,2111513.9377545444,39290677.2097438,27012425.064732455,4080695.6506752297,21549499.169541296,1.7590989913754227,1899.8269106854564,5326.0535698185,6956.738334823517,2.8034414818857702,3.6617748152191036,8.495277217835667,11.096287318845768,18.0,0.7163203777728321,8.254999999999981e-05,True,True,True,True,False
3.6576,0.0105,0.0095349,0.0004,13215,MOX,Inconel,Zircaloy,Zircaloy,SS316,Light Water Reactor,high,fixed_core_power,870.0,0.9,45.0,True,0.3,0.0,4.907168379162603,91133864.33517411,120024214.5857833,18571578.81970333,2734015.9300552234,52675072.271635,36214225.448983684,2244566.6145554255,28890350.250609186,2.358337221041369,2547.004198724678,6896.243990554227,9082.422594459576,2.707590350266119,3.5659236835994523,8.204819243230663,10.805829344240765,18.0,0.3931975986687829,8.254999999999981e-05,True,True,True,True,False
3.6576,0.0105,0.0093349,0.0005,13215,MOX,Inconel,Zircaloy,Zircaloy,SS316,Light Water Reactor,high,fixed_core_power,870.0,0.9,45.0,True,0.3,0.0,4.70346606272233,87974894.18102592,115665972.09897792,18704268.93866153,2639246.8254307774,50488468.2239822,34710930.46457414,2775495.492469583,27691077.917952005,2.260439876227735,2441.275066325954,6657.199711012177,8752.627476275287,2.7269355276015923,3.5852688609349253,8.263440992732097,10.864451093742197,18.0,0.4866306914217605,8.255000000000068e-05,True,True,True,True,False
3.6576,0.0105,0.009134900000000001,0.0006000000000000001,13215,MOX,Inconel,Zircaloy,Zircaloy,SS316,Light Water Reactor,high,fixed_core_power,870.0,0.9,45.0,True,0.3,0.0,4.50408180617544,84883081.09319,111400308.72498575,18845812.475432575,2546492.4327956997,48348215.57481065,33239502.166285496,3295363.352093865,26517227.631795745,2.1646177488475384,2337.787168755341,6423.237313143398,8429.837966325065,2.747571463728748,3.605904797062081,8.325974132511357,10.926984233521457,18.0,0.5781172614090515,8.254999999999981e-05,True,True,True,True,False
3.6576,0.0105,0.0089349,0.0007000000000000001,13215,MOX,Inconel,Zircaloy,Zircaloy,SS316,Light Water Reactor,high,fixed_core_power,870.0,0.9,45.0,True,0.3,0.0,4.309015609521929,81858425.0716663,107227224.46380669,18997012.88869274,2455752.752149989,46254314.324120305,31799940.554117724,3804170.193428273,25368799.39214039,2.0708708389007775,2236.5405060128396,6194.356796947885,8114.054064608906,2.769615296613065,3.627948629946398,8.392773626100198,10.993783727110296,18.0,0.6676573086306563,8.254999999999981e-05,True,True,True,True,False
3.6576,0.0105,0.0087349,0.0008,13215,MOX,Inconel,Zircaloy,Zircaloy,SS316,Light Water Reactor,high,fixed_core_power,870.0,0.9,45.0,True,0.3,0.0,4.118267472761798,78900926.11645482,103146719.31544076,19158766.796548594,2367027.7834936446,44206764.47191119,30392245.62807083,4301916.016472797,24245793.198985938,1.9791991463874523,2137.5350780984486,5970.558162425639,7805.275771126808,2.793197746133387,3.65153107946672,8.464235594343595,11.065245695353697,18.0,0.755250833086573,8.254999999999981e-05,True,True,True,True,False
3.6576,0.011,0.0100349,0.0004,13215,MOX,Inconel,Zircaloy,Zircaloy,SS316,Light Water Reactor,high,fixed_core_power,870.0,0.9,45.0,True,0.3,0.0,5.4353156822968165,100811426.21836293,132811178.75405651,18547483.184226524,3024342.786550888,58344369.75912236,40111879.661786355,2355176.7974542095,31999752.535693593,2.612159659346734,2821.132432094472,7628.560440284747,10050.03244449917,2.704077395835378,3.562410729168712,8.194173926773873,10.795184027783975,18.0,0.4126628263256535,8.254999999999981e-05,True,True,True,True,False
3.6576,0.011,0.0098349,0.0005,13215,MOX,Inconel,Zircaloy,Zircaloy,SS316,Light Water Reactor,high,fixed_core_power,870.0,0.9,45.0,True,0.3,0.0,5.220818216123097,97484563.39843419,128221488.48521835,18672276.904294286,2924536.9019530257,56041887.215266496,38528917.96207463,2913758.2210930656,30736925.08678415,2.5090742709495113,2709.800212625472,7376.811456559531,9702.723305729727,2.7222713402226373,3.5806046735559707,8.249307091583749,10.85031719259385,18.0,0.5109622259928491,8.254999999999894e-05,True,True,True,True,False
3.6576,0.011,0.0096349,0.0006000000000000001,13215,MOX,Inconel,Zircaloy,Zircaloy,SS316,Light Water Reactor,high,fixed_core_power,870.0,0.9,45.0,True,0.3,0.0,5.010638809842753,94224857.64481764,123724377.32919323,18804959.05227195,2826745.729344529,53785756.06989185,36977822.948483765,3461278.626442037,29499519.684375606,2.4080640999857232,2600.7092279845806,7130.144354507577,9362.419775194343,2.7416153554517444,3.599948688785078,8.30792531955074,10.90893542056084,18.0,0.6073151028943568,8.254999999999981e-05,True,True,True,True,False
3.6576,0.011,0.0094349,0.0007000000000000001,13215,MOX,Inconel,Zircaloy,Zircaloy,SS316,Light Water Reactor,high,fixed_core_power,870.0,0.9,45.0,True,0.3,0.0,4.8047774634557925,91032308.95751336,119319845.28598133,18946207.113625444,2730969.268725401,51575976.322998434,35458594.62101379,3997738.01350114,28287536.328467973,2.309129146455372,2493.859478171801,6888.559134128896,9029.121852893026,2.7622082135833743,3.6205415469167077,8.370327919949618,10.97133802095972,18.0,0.7017214570301789,8.254999999999981e-05,True,True,True,True,False
3.6576,0.011,0.009234899999999999,0.0008,13215,MOX,Inconel,Zircaloy,Zircaloy,SS316,Light Water Reactor,high,fixed_core_power,870.0,0.9,45.0,True,0.3,0.0,4.603234176962212,87906917.33652133,115007892.35558258,19096772.824738905,2637207.52009564,49412547.974586256,33971232.9796647,4523136.382270363,27100975.019061252,2.2122694103584566,2389.250963187133,6652.055795423483,8702.829538825772,2.784159511878985,3.642492845212318,8.436847005693894,11.037857106703994,18.0,0.7941812884003139,8.254999999999981e-05,True,True,True,True,False
3.6576,0.0115,0.0105349,0.0004,13215,MOX,Inconel,Zircaloy,Zircaloy,SS316,Light Water Reactor,high,fixed_core_power,870.0,0.9,45.0,True,0.3,0.0,5.990450859764665,110977851.13031504,146245893.74172375,18525792.753882103,3329335.5339094508,64303363.48711745,44208700.66284458,2465786.9803529917,35268042.61140871,2.8789522066110775,3109.2683831399636,8397.869930405981,11066.65862593445,2.7009151014249873,3.5592484347583206,8.184591216439355,10.785601317449457,18.0,0.43212805398252363,8.254999999999981e-05,True,True,True,True,False
3.6576,0.0115,0.010334900000000001,0.0005,13215,MOX,Inconel,Zircaloy,Zircaloy,SS316,Light Water Reactor,high,fixed_core_power,870.0,0.9,45.0,True,0.3,0.0,5.765158243857492,107483095.6446057,141424755.6908527,18643563.81875969,3224492.8693381706,61885002.44705851,42546072.247830644,3052020.9497165424,33941660.046247,2.7706787746302637,2992.3330766006843,8133.416242497593,10701.835466579849,2.7180851978340668,3.5764185311674006,8.236621811618384,10.837631912628487,18.0,0.5352937605639367,8.254999999999894e-05,True,True,True,True,False
3.6576,0.0115,0.0101349,0.0006000000000000001,13215,MOX,Inconel,Zircaloy,Zircaloy,SS316,Light Water Reactor,high,fixed_core_power,870.0,0.9,45.0,True,0.3,0.0,5.544183687843699,104055497.22520855,136696196.7527947,18768407.232495375,3121664.9167562565,59512992.80548077,40915310.518937565,3627193.9007902127,32640699.527586166,2.664480560082885,2877.6390048895164,7874.04443626247,10344.017915459304,2.736286387167867,3.5946197205012,8.291776930811718,10.892787031821817,18.0,0.6365129443796624,8.254999999999981e-05,True,True,True,True,False
3.6576,0.0115,0.0099349,0.0007000000000000001,13215,MOX,Inconel,Zircaloy,Zircaloy,SS316,Light Water Reactor,high,fixed_core_power,870.0,0.9,45.0,True,0.3,0.0,5.327527191723285,100695055.87212369,132060216.92754996,18900899.469562735,3020851.6761637107,57187334.562384285,39316415.47616539,4191305.83357401,31365161.055426262,2.5603575629689432,2765.186168006459,7619.754511700619,9993.20597257283,2.7556027148776123,3.6139360482109457,8.350311257204886,10.951321358214987,18.0,0.7357856054297021,8.254999999999981e-05,True,True,True,True,False
3.6576,0.0115,0.0097349,0.0008,13215,MOX,Inconel,Zircaloy,Zircaloy,SS316,Light Water Reactor,high,fixed_core_power,870.0,0.9,45.0,True,0.3,0.0,5.115188755496253,97401771.58535103,127516816.21511829,19041676.904042527,2922053.147560531,54908027.71776902,37749387.119514085,4744356.748067929,30115044.62976726,2.4583097832884375,2654.974565951513,7370.546468812035,9649.399637920415,2.776126959306864,3.6344602926401968,8.412505937293526,11.013516038303626,18.0,0.8331117437140546,8.254999999999981e-05,True,True,True,True,False
3.6576,0.012,0.0110349,0.0004,13215,MOX,Inconel,Zircaloy,Zircaloy,SS316,Light Water Reactor,high,fixed_core_power,870.0,0.9,45.0,True,0.3,0.0,6.5725739115661375,121633139.07103027,160328359.5487848,18506165.272175245,3648994.172130908,70552053.4556202,48504688.452158295,2576397.1632517735,38695220.47775451,3.1587148628343953,3411.4120518611476,9204.172460917916,12132.301138765402,2.6980535687257245,3.5563869020590584,8.175919905229469,10.77693000623957,18.0,0.4515932816393938,8.254999999999981e-05,True,True,True,True,False
3.6576,0.012,0.010834900000000001,0.0005,13215,MOX,Inconel,Zircaloy,Zircaloy,SS316,Light Water Reactor,high,fixed_core_power,870.0,0.9,45.0,True,0.3,0.0,6.336486145925514,117970490.91954035,155275773.71588087,18617651.518957034,3539114.7275862102,68017813.91935818,46762393.32184216,3190283.6783400225,37305282.79634052,3.0452533872699914,3288.873658251591,8927.01406882636,11749.963958825643,2.7143073880107873,3.572640721344121,8.225173903062991,10.826184004073093,18.0,0.5596252951350249,8.254999999999894e-05,True,True,True,True,False
3.6576,0.012,0.010634900000000001,0.0006000000000000001,13215,MOX,Inconel,Zircaloy,Zircaloy,SS316,Light Water Reactor,high,fixed_core_power,870.0,0.9,45.0,True,0.3,0.0,6.1047164401782705,114374999.83436266,150315766.99579006,18735513.918648556,3431249.9950308795,65529925.781577386,45051964.877646886,3793109.175138388,35940767.16142742,2.9338671291390233,3168.5764994701453,8654.937558408072,11374.632387119944,2.7314908003184915,3.589824133651824,8.277244849449973,10.878254950460072,18.0,0.6657107858649681,8.254999999999981e-05,True,True,True,True,False
3.6576,0.012,0.0104349,0.0007000000000000001,13215,MOX,Inconel,Zircaloy,Zircaloy,SS316,Light Water Reactor,high,fixed_core_power,870.0,0.9,45.0,True,0.3,0.0,5.877264794324406,110846665.81549719,145448339.38851243,18860247.018739108,3325399.9744649157,63088389.04227781,43373403.1195725,4384873.653646881,34601673.573015235,2.824556088441491,3050.52057551681,8387.94292966305,11006.306423648311,2.749675906789119,3.608009240122452,8.3323512326943,10.9333613337044,18.0,0.7698497538292253,8.254999999999981e-05,True,True,True,True,False
3.6576,0.012,0.0102349,0.0008,13215,MOX,Inconel,Zircaloy,Zircaloy,SS316,Light Water Reactor,high,fixed_core_power,870.0,0.9,45.0,True,0.3,0.0,5.654131208363923,107385488.86294398,140673490.89404795,18992394.21683265,3221564.6658883193,60693203.70145948,41726708.04761899,4965577.113865496,33288002.031103965,2.7173202651773947,2934.705886391587,8126.030182591296,10644.98606841074,2.7689419305260543,3.6272752638593877,8.390733122806225,10.991743223816325,18.0,0.8720421990277953,8.254999999999981e-05,True,True,True,True,False
3.6576,0.008,0.0070349,0.0004,13215,MOX,Hastelloy,Zircaloy,Zircaloy,SS316,Light Water Reactor,low,fixed_core_power,870.0,0.9,45.0,True,0.3,0.0,2.671249978495921,26978454.638382535,42705110.32302992,10099561.948737225,809353.6391514761,15439861.468668785,9761723.496166239,1776869.673547511,15726655.684647383,1.283776663899175,1386.4787970111088,2041.502431962356,3231.5633993968913,1.4724368207889724,2.330770154122306,4.461929759966583,7.062939860976684,18.0,0.31089208942401797,8.254999999999981e-05,True,True,True,True,False
3.6576,0.008,0.0068349000000000005,0.0005,13215,MOX,Hastelloy,Zircaloy,Zircaloy,SS316,Light Water Reactor,low,fixed_core_power,870.0,0.9,45.0,True,0.3,0.0,2.5215234107229043,25978478.231261354,40823637.16451293,10302691.666786268,779354.3469378406,14574439.85586402,9214567.90743577,2189470.467961566,14845158.93325158,1.2118195370034934,1308.765099963773,1965.8326319531861,3089.189342755424,1.5020515385133673,2.3603848718467,4.551671328828386,7.152681429838484,18.0,0.3835017550460744,8.254999999999981e-05,True,True,True,True,False
3.6576,0.008,0.006634900000000001,0.0006000000000000001,13215,MOX,Hastelloy,Zircaloy,Zircaloy,SS316,Light Water Reactor,low,fixed_core_power,870.0,0.9,45.0,True,0.3,0.0,2.3761149028432684,25007617.4805566,38996701.70891329,10524582.565696796,750228.5244166979,13733976.688395306,8683192.0873748,2590448.704786495,13989084.228356691,1.1419376275412483,1233.2926377445483,1892.366059822671,2950.9422405534083,1.5344014890767852,2.3927348224101186,4.649701482050864,7.250711583060965,18.0,0.45406607797455234,8.254999999999981e-05,True,True,True,True,False
3.6576,0.008,0.0064349,0.0007000000000000001,13215,MOX,Hastelloy,Zircaloy,Zircaloy,SS316,Light Water Reactor,low,fixed_core_power,870.0,0.9,45.0,True,0.3,0.0,2.235024454857011,24065872.38626825,37224303.95623095,10767610.320312088,721976.1715880475,12918471.966262631,8167596.035983323,2979804.3840222964,13158431.569962705,1.0741309355124387,1160.0614103534335,1821.1027155708098,2816.82209279084,1.569833027215325,2.428166360548658,4.7570697794403785,7.358079880450479,18.0,0.5225850582094512,8.254999999999981e-05,True,True,True,True,False
3.6576,0.008,0.006234900000000001,0.0008,13215,MOX,Hastelloy,Zircaloy,Zircaloy,SS316,Light Water Reactor,low,fixed_core_power,870.0,0.9,45.0,True,0.3,0.0,2.0982520667641356,23153242.94839633,35506443.90646596,11034538.373696255,694597.2884518899,12127925.689466013,7667779.753261347,3357537.5056689675,12353200.958069637,1.008399460917066,1089.071417790431,1752.0425991976033,2686.828899467723,1.6087490412265573,2.4670823745598907,4.874997094625931,7.476007195636032,18.0,0.5890586957507707,8.254999999999981e-05,True,True,True,True,False
3.6576,0.0085,0.007534900000000001,0.0004,13215,MOX,Hastelloy,Zircaloy,Zircaloy,SS316,Light Water Reactor,low,fixed_core_power,870.0,0.9,45.0,True,0.3,0.0,3.064457909962003,30804352.90438615,48845971.920964524,10052137.705741275,924130.5871315845,17712608.6990259,11198648.95592146,1893095.249438794,18041619.01657837,1.472748557409662,1590.5684420024347,2331.0142190227884,3696.2521317415453,1.465522738580287,2.3238560719136205,4.440977995697839,7.041988096707941,18.0,0.3313455163598085,8.254999999999981e-05,True,True,True,True,False
3.6576,0.0085,0.007334900000000001,0.0005,13215,MOX,Hastelloy,Zircaloy,Zircaloy,SS316,Light Water Reactor,low,fixed_core_power,870.0,0.9,45.0,True,0.3,0.0,2.903936192455536,29731587.35622395,46828154.505154245,10238374.876647428,891947.6206867184,16784790.972881023,10612043.945517251,2334752.437825671,17096567.148930296,1.3956033869303903,1507.2516578848215,2249.8363493169845,3543.5606890014565,1.4926746555875465,2.35100798892088,4.523256532083474,7.124266633093575,18.0,0.40906853871581283,8.254999999999981e-05,True,True,True,True,False
3.6576,0.0085,0.007134900000000001,0.0006000000000000001,13215,MOX,Hastelloy,Zircaloy,Zircaloy,SS316,Light Water Reactor,low,fixed_core_power,870.0,0.9,45.0,True,0.3,0.0,2.747732534842448,28687937.464478143,44864874.79226127,10440585.865146106,860638.1239343443,15881931.692072187,10041218.703782536,2764787.068623421,16176937.327783128,1.3205334338845547,1426.176108595319,2170.861707489833,3394.9962007008153,1.5221554297582336,2.380488763091567,4.612592211388586,7.213602312398687,18.0,0.48474621837823834,8.254999999999981e-05,True,True,True,True,False
3.6576,0.0085,0.006934900000000001,0.0007000000000000001,13215,MOX,Hastelloy,Zircaloy,Zircaloy,SS316,Light Water Reactor,low,fixed_core_power,870.0,0.9,45.0,True,0.3,0.0,2.595846937122741,27673403.229148764,42956132.78228564,10660645.21501495,830202.0968744629,15004030.8565994,9486173.23071732,3183199.141832041,15282729.553136872,1.247538698272155,1347.3417941339274,2094.0902935413365,3250.5586668396245,1.5542383548544338,2.4125716881877675,4.709813196528587,7.310823297538689,18.0,0.5583785553470846,8.254999999999981e-05,True,True,True,True,False
3.6576,0.0085,0.006734900000000001,0.0008,13215,MOX,Hastelloy,Zircaloy,Zircaloy,SS316,Light Water Reactor,low,fixed_core_power,870.0,0.9,45.0,True,0.3,0.0,2.4482793992964136,26687984.65023579,41101928.47522731,10900710.375582699,800639.5395070737,14151088.466462659,8946907.5263216,3589988.6574515323,14413943.824991524,1.1766191800931916,1270.7487145006467,2019.5221074714939,3110.248087417882,1.5892379700459387,2.447571303379272,4.815872636502844,7.416882737512945,18.0,0.6299655496223517,8.254999999999981e-05,True,True,True,True,False
3.6576,0.009000000000000001,0.008034900000000001,0.0004,13215,MOX,Hastelloy,Zircaloy,Zircaloy,SS316,Light Water Reactor,low,fixed_core_power,870.0,0.9,45.0,True,0.3,0.0,3.4846537157617132,34884865.00792443,55400335.14706448,10010999.041349197,1046545.9502377328,20141346.212733313,12734197.969861038,2009320.8253300774,20515470.139140047,1.674690559879125,1808.6658046694554,2639.7930388138047,4192.231187821754,1.459525044371723,2.3178583777050563,4.422803164762796,7.0238132657728976,18.0,0.35179894329559913,8.254999999999981e-05,True,True,True,True,False
3.6576,0.009000000000000001,0.007834900000000002,0.0005,13215,MOX,Hastelloy,Zircaloy,Zircaloy,SS316,Light Water Reactor,low,fixed_core_power,870.0,0.9,45.0,True,0.3,0.0,3.3133368485217947,33739310.31872119,53246173.47396089,10182879.635004083,1012179.3095616357,19151132.37324832,12108143.537783088,2480034.4076897777,19506863.155239698,1.5923573458162632,1719.745933481564,2553.107099411365,4029.2223589830414,1.4845838851572055,2.342917218490539,4.498739045930925,7.0997491469410265,18.0,0.4346353223855515,8.254999999999894e-05,True,True,True,True,False
3.6576,0.009000000000000001,0.007634900000000002,0.0006000000000000001,13215,MOX,Hastelloy,Zircaloy,Zircaloy,SS316,Light Water Reactor,low,fixed_core_power,870.0,0.9,45.0,True,0.3,0.0,3.1463380411752557,32622871.285934336,51146549.50377458,10368520.756195882,978686.13857803,18185876.979099363,11497868.874374628,2939125.4324603435,18523678.21784025,1.5120993491868369,1633.067297121784,2468.6243878875775,3870.340484583775,1.5116489027968594,2.3699822361301925,4.580754250899574,7.181764351909674,18.0,0.5154263587819239,8.254999999999981e-05,True,True,True,True,False
3.6576,0.009000000000000001,0.007434900000000001,0.0007000000000000001,13215,MOX,Hastelloy,Zircaloy,Zircaloy,SS316,Light Water Reactor,low,fixed_core_power,870.0,0.9,45.0,True,0.3,0.0,2.9836572937220973,31535547.90956391,49101463.23650563,10569426.983426597,946066.4372869172,17245580.030286457,10903373.979635669,3386593.8996417862,17565915.32694172,1.4339165699908467,1548.6298955901143,2386.344904242445,3715.5855646239597,1.5409394530209004,2.399272786354234,4.669513494002728,7.27052359501283,18.0,0.5941720524847182,8.254999999999981e-05,True,True,True,True,False
3.6576,0.009000000000000001,0.007234900000000002,0.0008,13215,MOX,Hastelloy,Zircaloy,Zircaloy,SS316,Light Water Reactor,low,fixed_core_power,870.0,0.9,45.0,True,0.3,0.0,2.82529460616232,30477340.1896099,47110914.672153994,10787314.046165317,914320.2056882969,16330241.526809597,10324658.853566207,3822439.8092340985,16633574.482544098,1.357809008228293,1466.4337288865565,2306.2686484759665,3564.957599103594,1.5727056757123865,2.43103900904572,4.76577477488602,7.366784875896121,18.0,0.670872403493933,8.254999999999981e-05,True,True,True,True,False
3.6576,0.0095,0.0085349,0.0004,13215,MOX,Hastelloy,Zircaloy,Zircaloy,SS316,Light Water Reactor,low,fixed_core_power,870.0,0.9,45.0,True,0.3,0.0,3.931837395895048,39219990.94899735,62368200.00132975,9974977.853851268,1176599.7284699203,22726074.009791017,14368370.537984967,2125546.401221362,23148209.052332405,1.8896026713075635,2040.7708850121685,2967.838891335403,4719.500567637514,1.4542734381070448,2.312606771440378,4.406889206384984,7.007899307395085,18.0,0.37225237023138996,8.254999999999981e-05,True,True,True,True,False
3.6576,0.0095,0.0083349,0.0005,13215,MOX,Hastelloy,Zircaloy,Zircaloy,SS316,Light Water Reactor,low,fixed_core_power,870.0,0.9,45.0,True,0.3,0.0,3.749725378921677,38001647.11875304,60077694.070932806,10134514.738698363,1140049.4135625912,21673464.05696589,13702866.684233269,2625316.3775538784,22076046.95217977,1.8020814136611105,1946.2479267539989,2875.6448822363254,4546.1743527001745,1.4775326630828571,2.3358659964161905,4.477371706311688,7.078381807321789,18.0,0.4602021060552892,8.255000000000068e-05,True,True,True,True,False
3.6576,0.0095,0.0081349,0.0006000000000000001,13215,MOX,Hastelloy,Zircaloy,Zircaloy,SS316,Light Water Reactor,low,fixed_core_power,870.0,0.9,45.0,True,0.3,0.0,3.5719314218416893,36812418.944925174,57841725.843453236,10306026.235505013,1104372.5683477551,20645812.54947683,13053142.599151075,3113463.7962972703,21029306.89852806,1.7166353734480946,1853.9662033239422,2785.6541010159044,4376.975092202288,1.502537692446365,2.360871025779698,4.553144522564742,7.154154623574842,18.0,0.5461064991856102,8.254999999999981e-05,True,True,True,True,False
3.6576,0.0095,0.0079349,0.0007000000000000001,13215,MOX,Hastelloy,Zircaloy,Zircaloy,SS316,Light Water Reactor,low,fixed_core_power,870.0,0.9,45.0,True,0.3,0.0,3.3984555246550796,35652306.4275137,55660295.31889095,10490737.974607501,1069569.192825411,19643119.487323802,12419198.282738369,3589988.6574515346,20007988.891377248,1.633264550668514,1763.9257147219948,2697.8665476741357,4211.902786143848,1.5294672134757872,2.3878005468091206,4.634749131744809,7.23575923275491,18.0,0.6299655496223521,8.254999999999981e-05,True,True,True,True,False
3.6576,0.0095,0.0077349,0.0008,13215,MOX,Hastelloy,Zircaloy,Zircaloy,SS316,Light Water Reactor,low,fixed_core_power,870.0,0.9,45.0,True,0.3,0.0,3.229297687361852,34521309.566518664,53533402.49724602,10690036.320163645,1035639.2869955599,18665384.87050683,11801033.734995168,4054890.96101667,19012092.930727355,1.55196894532237,1676.1264609481598,2612.2822222110226,4050.9574345248598,1.558523347178287,2.4168566805116205,4.722798021752385,7.323808122762486,18.0,0.7117792573655148,8.254999999999938e-05,True,True,True,True,False
3.6576,0.01,0.0090349,0.0004,13215,MOX,Hastelloy,Zircaloy,Zircaloy,SS316,Light Water Reactor,low,fixed_core_power,870.0,0.9,45.0,True,0.3,0.0,4.406008950362012,43809730.7276049,69749566.48376036,9943177.878475565,1314291.921828147,25466792.090199012,16101166.660293251,2241771.9771126467,25939835.75615545,2.117484891694978,2286.8836830305763,3315.1517765875824,5278.060271188828,1.4496372514208269,2.3079705847541607,4.3928401558206875,6.99385025683079,18.0,0.3927057971671808,8.254999999999981e-05,True,True,True,True,False
3.6576,0.01,0.0088349,0.0005,13215,MOX,Hastelloy,Zircaloy,Zircaloy,SS316,Light Water Reactor,low,fixed_core_power,870.0,0.9,45.0,True,0.3,0.0,4.2131017836551905,42518597.756319575,67322716.29607011,10091993.960666057,1275557.9326895871,24351786.024033774,15396213.384867812,2770598.3474179846,24804118.539750542,2.0247755904649347,2186.7576377021296,3217.449697791871,5094.416670152866,1.4713334675592147,2.329666800892548,4.458586265330953,7.0595963663410535,18.0,0.48576888972502785,8.255000000000068e-05,True,True,True,True,False
3.6576,0.01,0.008634900000000001,0.0006000000000000001,13215,MOX,Hastelloy,Zircaloy,Zircaloy,SS316,Light Water Reactor,low,fixed_core_power,870.0,0.9,45.0,True,0.3,0.0,4.02451267684175,41256580.44145066,64950403.81129722,10251323.266753107,1237697.4132435198,23261738.40320459,14707039.878111875,3287802.1601341977,23693823.369846556,1.9341415066683285,2088.8728272017943,3121.9508468748136,4914.900023556354,1.4945624291819175,2.352895762515251,4.528977058127023,7.129987159137125,18.0,0.5767866395892964,8.254999999999981e-05,True,True,True,True,False
3.6576,0.01,0.0084349,0.0007000000000000001,13215,MOX,Hastelloy,Zircaloy,Zircaloy,SS316,Light Water Reactor,low,fixed_core_power,870.0,0.9,45.0,True,0.3,0.0,3.8402416299216915,40023678.782998174,62632629.029441655,10422177.206545807,1200710.3634899452,22196649.227711454,14033646.140025433,3793383.4152612803,22608950.246443477,1.8455826403051578,1993.2292515295708,3028.655223836411,4739.510331399293,1.5194715918965527,2.3778049252298863,4.604459369383493,7.205469470393594,18.0,0.6657590467599857,8.254999999999981e-05,True,True,True,True,False
3.6576,0.01,0.0082349,0.0008,13215,MOX,Hastelloy,Zircaloy,Zircaloy,SS316,Light Water Reactor,low,fixed_core_power,870.0,0.9,45.0,True,0.3,0.0,3.66028864289501,38819892.780962065,60369391.950503364,10605691.673063925,1164596.783428862,21156518.49755435,13376032.170608481,4287342.1127992375,21549499.169541296,1.7590989913754227,1899.8269106854564,2937.56282867666,4568.247593681677,1.5462265599852931,2.404559893318627,4.685535030258464,7.286545131268566,18.0,0.7526861112370963,8.254999999999981e-05,True,True,True,True,False
3.6576,0.0105,0.0095349,0.0004,13215,MOX,Hastelloy,Zircaloy,Zircaloy,SS316,Light Water Reactor,low,fixed_core_power,870.0,0.9,45.0,True,0.3,0.0,4.907168379162603,48654084.34374713,77544434.59435631,9914900.118436499,1459622.5303124138,28363500.453957308,17932586.336785894,2357997.55300393,28890350.250609186,2.358337221041369,2547.004198724678,3681.731694570347,5867.9102984756955,1.4455145760709163,2.3038479094042494,4.3803472002148975,6.981357301224998,18.0,0.4131592241029714,8.254999999999981e-05,True,True,True,True,False
3.6576,0.0105,0.0093349,0.0005,13215,MOX,Hastelloy,Zircaloy,Zircaloy,SS316,Light Water Reactor,low,fixed_core_power,870.0,0.9,45.0,True,0.3,0.0,4.70346606272233,47290162.231420755,74981240.14937276,10054321.983148227,1418704.8669426227,27186098.274451952,17188183.639686715,2915880.317282088,27691077.917952005,2.260439876227735,2441.275066325954,3578.521546077999,5673.949311341109,1.465841189073203,2.324174522406536,4.441942997191524,7.0429530982016235,18.0,0.511335673394766,8.255000000000068e-05,True,True,True,True,False
3.6576,0.0105,0.009134900000000001,0.0006000000000000001,13215,MOX,Hastelloy,Zircaloy,Zircaloy,SS316,Light Water Reactor,low,fixed_core_power,870.0,0.9,45.0,True,0.3,0.0,4.50408180617544,45955355.7755108,72472583.40730655,10203046.426133402,1378660.673265324,26033654.54028265,16459560.711257033,3462140.5239711213,26517227.631795745,2.1646177488475384,2337.787168755341,3477.514625464306,5484.115278645974,1.487524044935094,2.3458573782684273,4.507648621015436,7.108658722025537,18.0,0.6074667799929822,8.254999999999981e-05,True,True,True,True,False
3.6576,0.0105,0.0089349,0.0007000000000000001,13215,MOX,Hastelloy,Zircaloy,Zircaloy,SS316,Light Water Reactor,low,fixed_core_power,870.0,0.9,45.0,True,0.3,0.0,4.309015609521929,44649664.97601727,70018464.36815766,10361917.668005615,1339489.9492805179,24906169.251449395,15746717.551496848,3996778.1730710296,25368799.39214039,2.0708708389007775,2236.5405060128396,3378.7109327292674,5298.408200390288,1.5106862243924282,2.3690195577257613,4.577837043613418,7.178847144623519,18.0,0.7015525438976199,8.254999999999981e-05,True,True,True,True,False
3.6576,0.0105,0.0087349,0.0008,13215,MOX,Hastelloy,Zircaloy,Zircaloy,SS316,Light Water Reactor,low,fixed_core_power,870.0,0.9,45.0,True,0.3,0.0,4.118267472761798,43373089.83294014,67618883.03192608,10531877.815078683,1301192.6949882042,23803642.40795218,15049654.160406157,4519793.264581805,24245793.198985938,1.9791991463874523,2137.5350780984486,3282.110467872882,5116.828076574051,1.5354650791474487,2.3937984124807823,4.6529244822649956,7.253934583275098,18.0,0.7935929651086777,8.254999999999981e-05,True,True,True,True,False
3.6576,0.011,0.0100349,0.0004,13215,MOX,Hastelloy,Zircaloy,Zircaloy,SS316,Light Water Reactor,low,fixed_core_power,870.0,0.9,45.0,True,0.3,0.0,5.4353156822968165,53753051.79742398,85752804.33311757,9889591.504777033,1612591.5539227193,31416199.10106588,19862629.567462884,2474223.1288952148,31999752.535693593,2.612159659346734,2821.132432094472,4067.5786452836915,6489.050649498114,1.4418247789465983,2.300158112279932,4.369165996807873,6.970176097817976,18.0,0.43361265103876223,8.254999999999981e-05,True,True,True,True,False
3.6576,0.011,0.0098349,0.0005,13215,MOX,Hastelloy,Zircaloy,Zircaloy,SS316,Light Water Reactor,low,fixed_core_power,870.0,0.9,45.0,True,0.3,0.0,5.220818216123097,52316340.54405658,83053265.63084073,10020716.749434331,1569490.2163216972,30176400.80822042,19078777.448689967,3061162.2871461967,30736925.08678415,2.5090742709495113,2709.800212625472,3958.860427094709,6284.772276264906,1.460941809897877,2.3192751432312106,4.42709639362993,7.028106494640032,18.0,0.536902457064505,8.254999999999894e-05,True,True,True,True,False
3.6576,0.011,0.0096349,0.0006000000000000001,13215,MOX,Hastelloy,Zircaloy,Zircaloy,SS316,Light Water Reactor,low,fixed_core_power,870.0,0.9,45.0,True,0.3,0.0,5.010638809842753,50908744.94710558,80408264.63148119,10160130.649828905,1527262.3484131673,28961560.96071099,18310705.09858654,3636478.887808044,29499519.684375606,2.4080640999857232,2600.7092279845806,3852.3454367843797,6084.620857471145,1.4812672617652665,2.3396005950986,4.488688672015959,7.08969877302606,18.0,0.6381469203966676,8.254999999999981e-05,True,True,True,True,False
3.6576,0.011,0.0094349,0.0007000000000000001,13215,MOX,Hastelloy,Zircaloy,Zircaloy,SS316,Light Water Reactor,low,fixed_core_power,870.0,0.9,45.0,True,0.3,0.0,4.8047774634557925,49530265.006570995,77817801.33503896,10308545.06442569,1485907.9501971297,27771679.558537614,17558412.51715261,4200172.930880773,28287536.328467973,2.309129146455372,2493.859478171801,3748.033674352705,5888.5963931168335,1.502904917922767,2.3612382512561,4.5542573270386875,7.155267428048788,18.0,0.7373460410352528,8.254999999999981e-05,True,True,True,True,False
3.6576,0.011,0.009234899999999999,0.0008,13215,MOX,Hastelloy,Zircaloy,Zircaloy,SS316,Light Water Reactor,low,fixed_core_power,870.0,0.9,45.0,True,0.3,0.0,4.603234176962212,48180900.72245284,75281875.74151409,10466749.869816229,1445427.0216735853,26606756.601700287,16821899.704388183,4752244.416364372,27100975.019061252,2.2122694103584566,2389.250963187133,3645.9251397996854,5696.698883201974,1.5259699361745642,2.3843032695078974,4.624151321741103,7.225161422751204,18.0,0.8344998189802589,8.254999999999981e-05,True,True,True,True,False
3.6576,0.0115,0.0105349,0.0004,13215,MOX,Hastelloy,Zircaloy,Zircaloy,SS316,Light Water Reactor,low,fixed_core_power,870.0,0.9,45.0,True,0.3,0.0,5.990450859764665,59106633.088635504,94374675.70004421,9866808.771545038,1773198.9926590652,34624888.03152477,21891296.352324244,2590448.7047864967,35268042.61140871,2.8789522066110775,3109.2683831399636,4472.69262872762,7141.481324256089,1.4385032353529972,2.2968365686863303,4.359100713190901,6.960110814201001,18.0,0.45406607797455256,8.254999999999981e-05,True,True,True,True,False
3.6576,0.0115,0.010334900000000001,0.0005,13215,MOX,Hastelloy,Zircaloy,Zircaloy,SS316,Light Water Reactor,low,fixed_core_power,870.0,0.9,45.0,True,0.3,0.0,5.765158243857492,57597132.69422707,91538792.74047408,9990555.377312345,1727913.980826812,33322693.62533919,21067994.811877582,3206444.2570102983,33941660.046247,2.7706787746302637,2992.3330766006843,4358.466340842003,6926.885564924259,1.456544518698185,2.3148778520315187,4.413771268782378,7.01478136979248,18.0,0.5624692407342429,8.254999999999894e-05,True,True,True,True,False
3.6576,0.0115,0.0101349,0.0006000000000000001,13215,MOX,Hastelloy,Zircaloy,Zircaloy,SS316,Light Water Reactor,low,fixed_core_power,870.0,0.9,45.0,True,0.3,0.0,5.544183687843699,56116747.95623502,88757447.48382118,10121733.174042892,1683502.4386870505,32045457.66448964,20260473.04010041,3810817.2516449695,32640699.527586166,2.664480560082885,2877.6390048895164,4246.4432808350375,6716.4167600318715,1.4756692113290544,2.3340025446623875,4.471724882815316,7.072734983825416,18.0,0.6688270608003537,8.254999999999981e-05,True,True,True,True,False
3.6576,0.0115,0.0099349,0.0007000000000000001,13215,MOX,Hastelloy,Zircaloy,Zircaloy,SS316,Light Water Reactor,low,fixed_core_power,870.0,0.9,45.0,True,0.3,0.0,5.327527191723285,54665478.87465941,86030639.93008567,10260947.88583836,1639964.3662397822,30793180.148976147,19468731.03699274,4403567.688690518,31365161.055426262,2.5603575629689432,2765.186168006459,4136.623448706728,6510.074909578939,1.4959656230629117,2.3542989563962453,4.533229160796702,7.134239261806804,18.0,0.7731395381728864,8.254999999999981e-05,True,True,True,True,False
3.6576,0.0115,0.0097349,0.0008,13215,MOX,Hastelloy,Zircaloy,Zircaloy,SS316,Light Water Reactor,low,fixed_core_power,870.0,0.9,45.0,True,0.3,0.0,5.115188755496253,53243325.449500196,83358370.07926746,10408868.175644627,1597299.7634850058,29565861.078798696,18692768.802554566,4984695.568146939,30115044.62976726,2.4583097832884375,2654.974565951513,4029.006844457071,6307.860013565452,1.517531239706291,2.375864573039624,4.598579514261488,7.199589615271588,18.0,0.8754066728518402,8.254999999999981e-05,True,True,True,True,False
3.6576,0.012,0.0110349,0.0004,13215,MOX,Hastelloy,Zircaloy,Zircaloy,SS316,Light Water Reactor,low,fixed_core_power,870.0,0.9,45.0,True,0.3,0.0,6.5725739115661375,64714828.21738168,103410048.69513619,9846192.54010963,1941444.8465214502,37989567.24533395,24018586.69136995,2706674.280677778,38695220.47775451,3.1587148628343953,3411.4120518611476,4897.073644902132,7825.202322749617,1.4354975507079129,2.2938308840412462,4.349992577902766,6.951002678912867,18.0,0.47451950491034295,8.254999999999981e-05,True,True,True,True,False
3.6576,0.012,0.010834900000000001,0.0005,13215,MOX,Hastelloy,Zircaloy,Zircaloy,SS316,Light Water Reactor,low,fixed_core_power,870.0,0.9,45.0,True,0.3,0.0,6.336486145925514,63132538.6819322,100437821.47827272,9963335.708155485,1893976.160457966,36624976.72580825,23155835.72924955,3351726.2268744037,37305282.79634052,3.0452533872699914,3288.873658251591,4777.339287319879,7600.289177319161,1.4525761046897667,2.3109094380230997,4.401745771787172,7.002755872797271,18.0,0.5880360244039813,8.254999999999894e-05,True,True,True,True,False
3.6576,0.012,0.010634900000000001,0.0006000000000000001,13215,MOX,Hastelloy,Zircaloy,Zircaloy,SS316,Light Water Reactor,low,fixed_core_power,870.0,0.9,45.0,True,0.3,0.0,6.1047164401782705,61579364.80289913,97520131.96432656,10087178.562072719,1847380.9440869738,35285344.65161859,22308864.53579864,3985155.6154818954,35940767.16142742,2.9338671291390233,3168.5764994701453,4659.8081576162795,7379.502986328154,1.4706314202593815,2.328964753592715,4.456458849270853,7.0574689502809544,18.0,0.6995072012040398,8.254999999999981e-05,True,True,True,True,False
3.6576,0.012,0.0104349,0.0007000000000000001,13215,MOX,Hastelloy,Zircaloy,Zircaloy,SS316,Light Water Reactor,low,fixed_core_power,870.0,0.9,45.0,True,0.3,0.0,5.877264794324406,60055306.58028246,94656980.15329769,10218240.743258165,1801659.1974084736,33970671.02276497,21477673.111017223,4606962.446500265,34601673.573015235,2.824556088441491,3050.52057551681,4544.480255791333,7162.843749776594,1.4897392570516987,2.348072590385032,4.514361385005148,7.115371486015248,18.0,0.8089330353105201,8.254999999999981e-05,True,True,True,True,False
3.6576,0.012,0.0102349,0.0008,13215,MOX,Hastelloy,Zircaloy,Zircaloy,SS316,Light Water Reactor,low,fixed_core_power,870.0,0.9,45.0,True,0.3,0.0,5.654131208363923,58560364.01408222,91848366.04518619,10357093.2219359,1756810.9204224667,32680955.83924741,20662261.45490531,5217146.719929505,33288002.031103965,2.7173202651773947,2934.705886391587,4431.355581845041,6950.311467664486,1.5099828580415884,2.3683161913749218,4.575705630429056,7.176715731439157,18.0,0.9163135267234213,8.254999999999981e-05,True,True,True,True,False
3.6576,0.008,0.0070349,0.0004,13215,MOX,Hastelloy,Zircaloy,Zircaloy,SS316,Light Water Reactor,mean,fixed_core_power,870.0,0.9,45.0,True,0.3,0.0,2.671249978495921,37823243.19142103,53549898.87606841,14159379.876801293,1134697.295742631,22056944.95524112,13989428.562632395,1776869.673547511,15726655.684647383,1.283776663899175,1386.4787970111088,2862.1447742278497,4052.2057416623848,2.0643263931607874,2.9226597264941208,6.255534524729659,8.85654462573976,18.0,0.31089208942401797,8.254999999999981e-05,True,True,True,True,False
3.6576,0.008,0.0068349000000000005,0.0005,13215,MOX,Hastelloy,Zircaloy,Zircaloy,SS316,Light Water Reactor,mean,fixed_core_power,870.0,0.9,45.0,True,0.3,0.0,2.5215234107229043,36215404.180147454,51060563.113399036,14362509.594850335,1086462.1254044236,20820628.36552003,13205305.34666586,2189470.467961566,14845158.93325158,1.2118195370034934,1308.765099963773,2740.477047305899,3863.8337581081373,2.0939411108851815,2.952274444218515,6.345276093591459,8.94628619460156,18.0,0.3835017550460744,8.254999999999981e-05,True,True,True,True,False
3.6576,0.008,0.006634900000000001,0.0006000000000000001,13215,MOX,Hastelloy,Zircaloy,Zircaloy,SS316,Light Water Reactor,mean,fixed_core_power,870.0,0.9,45.0,True,0.3,0.0,2.3761149028432684,34654211.36225991,48643295.5906166,14584400.493760863,1039626.3408677973,19619966.697707582,12443795.959765833,2590448.704786495,13989084.228356691,1.1419376275412483,1233.2926377445483,2622.3391117865995,3680.915292517336,2.1262910614486,2.984624394781933,6.44330624681394,9.04431634782404,18.0,0.45406607797455234,8.254999999999981e-05,True,True,True,True,False
3.6576,0.008,0.0064349,0.0007000000000000001,13215,MOX,Hastelloy,Zircaloy,Zircaloy,SS316,Light Water Reactor,mean,fixed_core_power,870.0,0.9,45.0,True,0.3,0.0,2.235024454857011,33139664.73775836,46298096.30772106,14827428.248376155,994189.9421327508,18454959.951803762,11704900.401932303,2979804.3840222964,13158431.569962705,1.0741309355124387,1160.0614103534335,2507.730967669948,3503.450344889978,2.1617225995871396,3.020055932920473,6.550674544203453,9.151684645213555,18.0,0.5225850582094512,8.254999999999981e-05,True,True,True,True,False
3.6576,0.008,0.006234900000000001,0.0008,13215,MOX,Hastelloy,Zircaloy,Zircaloy,SS316,Light Water Reactor,mean,fixed_core_power,870.0,0.9,45.0,True,0.3,0.0,2.0982520667641356,31671764.30664285,44024965.26471248,15094356.301760321,950152.9291992855,17325608.127808593,10988618.673165288,3357537.5056689675,12353200.958069637,1.008399460917066,1089.071417790431,2396.6526149559477,3331.4389152260674,2.200638613598372,3.058971946931705,6.668601859389006,9.269611960399105,18.0,0.5890586957507707,8.254999999999981e-05,True,True,True,True,False
3.6576,0.0085,0.007534900000000001,0.0004,13215,MOX,Hastelloy,Zircaloy,Zircaloy,SS316,Light Water Reactor,mean,fixed_core_power,870.0,0.9,45.0,True,0.3,0.0,3.064457909962003,43245494.06704763,61287113.083626,14111955.633805342,1297364.822011429,25303726.712894145,16048672.104714694,1893095.249438794,18041619.01657837,1.472748557409662,1590.5684420024347,3272.4550939877136,4637.69300670647,2.057412310952102,2.9157456442854355,6.234582760460915,8.835592861471016,18.0,0.3313455163598085,8.254999999999981e-05,True,True,True,True,False
3.6576,0.0085,0.007334900000000001,0.0005,13215,MOX,Hastelloy,Zircaloy,Zircaloy,SS316,Light Water Reactor,mean,fixed_core_power,870.0,0.9,45.0,True,0.3,0.0,2.903936192455536,41521039.57230903,58617606.72123933,14298192.804711493,1245631.1871692708,23978272.818401463,15208014.316081898,2334752.437825671,17096567.148930296,1.3956033869303903,1507.2516578848215,3141.9628885591396,4435.687228243612,2.084564227959361,2.9428975612926944,6.3168612968465485,8.917871397856649,18.0,0.40906853871581283,8.254999999999981e-05,True,True,True,True,False
3.6576,0.0085,0.007134900000000001,0.0006000000000000001,13215,MOX,Hastelloy,Zircaloy,Zircaloy,SS316,Light Water Reactor,mean,fixed_core_power,870.0,0.9,45.0,True,0.3,0.0,2.747732534842448,39843231.27095644,56020168.59873957,14500403.793210173,1195296.9381286933,22688473.845817413,14389970.356515605,2764787.068623421,16176937.327783128,1.3205334338845547,1426.176108595319,3015.0004745332153,4239.134967744198,2.1140450021300485,2.972378335463382,6.406196976151662,9.007207077161762,18.0,0.48474621837823834,8.254999999999981e-05,True,True,True,True,False
3.6576,0.0085,0.006934900000000001,0.0007000000000000001,13215,MOX,Hastelloy,Zircaloy,Zircaloy,SS316,Light Water Reactor,mean,fixed_core_power,870.0,0.9,45.0,True,0.3,0.0,2.595846937122741,38212069.162989855,53494798.716126725,14720463.143079013,1146362.0748896955,21434329.795142002,13594540.226015817,3183199.141832041,15282729.553136872,1.247538698272155,1347.3417941339274,2891.5678519099397,4048.0362252082273,2.146127927226248,3.0044612605595815,6.50341796129166,9.104428062301762,18.0,0.5583785553470846,8.254999999999981e-05,True,True,True,True,False
3.6576,0.0085,0.006734900000000001,0.0008,13215,MOX,Hastelloy,Zircaloy,Zircaloy,SS316,Light Water Reactor,mean,fixed_core_power,870.0,0.9,45.0,True,0.3,0.0,2.4482793992964136,36627553.2484093,51041497.073400825,14960528.303646768,1098826.597452279,20215840.66637523,12821723.924582535,3589988.6574515323,14413943.824991524,1.1766191800931916,1270.7487145006467,2771.665020689315,3862.3910006357037,2.1811275424177534,3.0394608757510873,6.609477401265919,9.210487502276022,18.0,0.6299655496223517,8.254999999999981e-05,True,True,True,True,False
3.6576,0.009000000000000001,0.008034900000000001,0.0004,13215,MOX,Hastelloy,Zircaloy,Zircaloy,SS316,Light Water Reactor,mean,fixed_core_power,870.0,0.9,45.0,True,0.3,0.0,3.4846537157617132,49031924.6362689,69547394.77540895,14070816.969413264,1470957.7390880669,28773351.732476167,18249252.078462653,2009320.8253300774,20515470.139140047,1.674690559879125,1808.6658046694554,3710.3234685031325,5262.7616175110825,2.0514146167435374,2.9097479500768713,6.216407929525871,8.817418030535974,18.0,0.35179894329559913,8.254999999999981e-05,True,True,True,True,False
3.6576,0.009000000000000001,0.007834900000000002,0.0005,13215,MOX,Hastelloy,Zircaloy,Zircaloy,SS316,Light Water Reactor,mean,fixed_core_power,870.0,0.9,45.0,True,0.3,0.0,3.3133368485217947,47190854.65806526,66697717.81330496,14242697.563068148,1415725.6397419577,27358760.533211887,17352059.717163596,2480034.4076897777,19506863.155239698,1.5923573458162632,1719.745933481564,3571.006784567935,5047.122044139611,2.07647345752902,2.9348067908623534,6.292343810694,8.8933539117041,18.0,0.4346353223855515,8.254999999999894e-05,True,True,True,True,False
3.6576,0.009000000000000001,0.007634900000000002,0.0006000000000000001,13215,MOX,Hastelloy,Zircaloy,Zircaloy,SS316,Light Water Reactor,mean,fixed_core_power,870.0,0.9,45.0,True,0.3,0.0,3.1463380411752557,45396430.873247616,63920109.09108786,14428338.68425995,1361892.9261974285,25979824.255856235,16477481.184931036,2939125.4324603435,18523678.21784025,1.5120993491868369,1633.067297121784,3435.2198920353853,4836.935988731582,2.103538475168674,2.961871808502007,6.374359015662648,8.975369116672749,18.0,0.5154263587819239,8.254999999999981e-05,True,True,True,True,False
3.6576,0.009000000000000001,0.007434900000000001,0.0007000000000000001,13215,MOX,Hastelloy,Zircaloy,Zircaloy,SS316,Light Water Reactor,mean,fixed_core_power,870.0,0.9,45.0,True,0.3,0.0,2.9836572937220973,43648653.281816,61214568.60875772,14629244.911490664,1309459.5984544798,24636542.900409225,15625516.481764985,3386593.8996417862,17565915.32694172,1.4339165699908467,1548.6298955901143,3302.962790905486,4632.203451287001,2.1328290253927156,2.991162358726049,6.463118258765804,9.064128359775905,18.0,0.5941720524847182,8.254999999999981e-05,True,True,True,True,False
3.6576,0.009000000000000001,0.007234900000000002,0.0008,13215,MOX,Hastelloy,Zircaloy,Zircaloy,SS316,Light Water Reactor,mean,fixed_core_power,870.0,0.9,45.0,True,0.3,0.0,2.82529460616232,41947521.88377039,58581096.366314486,14847131.974229382,1258425.6565131117,23328916.466870856,14796165.607665438,3822439.8092340985,16633574.482544098,1.357809008228293,1466.4337288865565,3174.235481178236,4432.924431805864,2.164595248084201,3.0229285814175344,6.559379539649093,9.160389640659195,18.0,0.670872403493933,8.254999999999981e-05,True,True,True,True,False
3.6576,0.0095,0.0085349,0.0004,13215,MOX,Hastelloy,Zircaloy,Zircaloy,SS316,Light Water Reactor,mean,fixed_core_power,870.0,0.9,45.0,True,0.3,0.0,3.931837395895048,55182534.8990848,78330743.95141721,14034795.781915335,1655476.046972544,32465820.01398717,20591168.483876266,2125546.401221362,23148209.052332405,1.8896026713075635,2040.7708850121685,4175.749897774105,5927.411574076217,2.0461630104788595,2.9044963438121933,6.200493971148059,8.801504072158162,18.0,0.37225237023138996,8.254999999999981e-05,True,True,True,True,False
3.6576,0.0095,0.0083349,0.0005,13215,MOX,Hastelloy,Zircaloy,Zircaloy,SS316,Light Water Reactor,mean,fixed_core_power,870.0,0.9,45.0,True,0.3,0.0,3.749725378921677,53224849.43741609,75300896.38959587,14194332.66676243,1596745.4831224827,30962091.50995128,19637441.549910937,2625316.3775538784,22076046.95217977,1.8020814136611105,1946.2479267539989,4027.608735332281,5698.138205796131,2.069422235454672,2.927755568788006,6.270976471074763,8.871986572084866,18.0,0.4602021060552892,8.255000000000068e-05,True,True,True,True,False
3.6576,0.0095,0.0081349,0.0006000000000000001,13215,MOX,Hastelloy,Zircaloy,Zircaloy,SS316,Light Water Reactor,mean,fixed_core_power,870.0,0.9,45.0,True,0.3,0.0,3.5719314218416893,51313810.16913344,72343117.0676615,14365844.16356908,1539414.305074003,29494017.927824046,18706328.445012122,3113463.7962972703,21029306.89852806,1.7166353734480946,1853.9662033239422,3882.9973642931095,5474.318355479492,2.09442726481818,2.9527605981515124,6.3467492873278175,8.947759388337916,18.0,0.5461064991856102,8.254999999999981e-05,True,True,True,True,False
3.6576,0.0095,0.0079349,0.0007000000000000001,13215,MOX,Hastelloy,Zircaloy,Zircaloy,SS316,Light Water Reactor,mean,fixed_core_power,870.0,0.9,45.0,True,0.3,0.0,3.3984555246550796,49449417.09423677,69457405.98561402,14550555.902671568,1483482.512827103,28061599.267605435,17797829.169179805,3589988.6574515346,20007988.891377248,1.633264550668514,1763.9257147219948,3741.915784656585,5255.952023126297,2.121356785847602,2.979690119180935,6.428353896507885,9.029363997517985,18.0,0.6299655496223521,8.254999999999981e-05,True,True,True,True,False
3.6576,0.0095,0.0077349,0.0008,13215,MOX,Hastelloy,Zircaloy,Zircaloy,SS316,Light Water Reactor,mean,fixed_core_power,870.0,0.9,45.0,True,0.3,0.0,3.229297687361852,47631670.212726146,66643763.1434535,14749854.248227714,1428950.1063817844,26664835.529295474,16911943.722413998,4054890.96101667,19012092.930727355,1.55196894532237,1676.1264609481598,3604.3639964227127,5043.03920873655,2.150412919550102,3.0087462528834354,6.51640278651546,9.117412887525562,18.0,0.7117792573655148,8.254999999999938e-05,True,True,True,True,False
3.6576,0.01,0.0090349,0.0004,13215,MOX,Hastelloy,Zircaloy,Zircaloy,SS316,Light Water Reactor,mean,fixed_core_power,870.0,0.9,45.0,True,0.3,0.0,4.406008950362012,61697324.85549534,87637160.6116508,14002995.806539632,1850919.7456648601,36381131.55742717,23074421.320955534,2241771.9771126467,25939835.75615545,2.117484891694978,2286.8836830305763,4668.734381800631,6631.6428764018765,2.041526823792642,2.8998601571259757,6.186444920583763,8.787455021593866,18.0,0.3927057971671808,8.254999999999981e-05,True,True,True,True,False
3.6576,0.01,0.0088349,0.0005,13215,MOX,Hastelloy,Zircaloy,Zircaloy,SS316,Light Water Reactor,mean,fixed_core_power,870.0,0.9,45.0,True,0.3,0.0,4.2131017836551905,59623023.91036161,84427142.45011215,14151811.888730124,1788690.7173108482,34788265.74861968,22064159.814323943,2770598.3474179846,24804118.539750542,2.0247755904649347,2186.7576377021296,4511.768740852184,6388.735713213178,2.0632230399310294,2.9215563732643623,6.252191030094028,8.853201131104129,18.0,0.48576888972502785,8.255000000000068e-05,True,True,True,True,False
3.6576,0.01,0.008634900000000001,0.0006000000000000001,13215,MOX,Hastelloy,Zircaloy,Zircaloy,SS316,Light Water Reactor,mean,fixed_core_power,870.0,0.9,45.0,True,0.3,0.0,4.02451267684175,57595369.158613905,81289192.52846046,14311141.194817172,1727861.0747584172,33231054.86172085,21076512.136758864,3287802.1601341977,23693823.369846556,1.9341415066683285,2088.8728272017943,4358.332891306387,6151.282067987927,2.0864520015537322,2.9447853348870656,6.322581822890097,8.923591923900199,18.0,0.5767866395892964,8.254999999999981e-05,True,True,True,True,False
3.6576,0.01,0.0084349,0.0007000000000000001,13215,MOX,Hastelloy,Zircaloy,Zircaloy,SS316,Light Water Reactor,mean,fixed_core_power,870.0,0.9,45.0,True,0.3,0.0,3.8402416299216915,55614360.600252226,78223310.8466957,14481995.134609872,1668430.8180075667,31709498.89673065,20111478.288260292,3793383.4152612803,22608950.246443477,1.8455826403051578,1993.2292515295708,4208.426833163241,5919.281940726122,2.1113611642683674,2.9696944976017003,6.398064134146567,8.999074235156668,18.0,0.6657590467599857,8.254999999999981e-05,True,True,True,True,False
3.6576,0.01,0.0082349,0.0008,13215,MOX,Hastelloy,Zircaloy,Zircaloy,SS316,Light Water Reactor,mean,fixed_core_power,870.0,0.9,45.0,True,0.3,0.0,3.66028864289501,53679998.23527652,75229497.40481782,14665509.601127993,1610399.9470582956,30223597.853649076,19169058.26882821,4287342.1127992375,21549499.169541296,1.7590989913754227,1899.8269106854564,4062.0505664227408,5692.735331427758,2.138116132357108,2.9964494656904415,6.479139795021539,9.08014989603164,18.0,0.7526861112370963,8.254999999999981e-05,True,True,True,True,False
3.6576,0.0105,0.0095349,0.0004,13215,MOX,Hastelloy,Zircaloy,Zircaloy,SS316,Light Water Reactor,mean,fixed_core_power,870.0,0.9,45.0,True,0.3,0.0,4.907168379162603,68576294.50550056,97466644.75610974,13974718.046500565,2057288.8351650166,40519286.36279616,25699010.589700464,2357997.55300393,28890350.250609186,2.358337221041369,2547.004198724678,5189.2769205827135,7375.455524488062,2.037404148442731,2.8957374817760644,6.173951964977973,8.774962065988074,18.0,0.4131592241029714,8.254999999999981e-05,True,True,True,True,False
3.6576,0.0105,0.0093349,0.0005,13215,MOX,Hastelloy,Zircaloy,Zircaloy,SS316,Light Water Reactor,mean,fixed_core_power,870.0,0.9,45.0,True,0.3,0.0,4.70346606272233,66385378.07690178,94076455.99485378,14114139.911212292,1991561.3423070533,38837283.24921708,24632214.510402612,2915880.317282088,27691077.917952005,2.260439876227735,2441.275066325954,5023.486801127641,7118.914566390751,2.0577307614450175,2.916064094778351,6.2355477619545985,8.8365578629647,18.0,0.511335673394766,8.255000000000068e-05,True,True,True,True,False
3.6576,0.0105,0.009134900000000001,0.0006000000000000001,13215,MOX,Hastelloy,Zircaloy,Zircaloy,SS316,Light Water Reactor,mean,fixed_core_power,870.0,0.9,45.0,True,0.3,0.0,4.50408180617544,64241107.841689035,90758335.47348478,14262864.354197467,1927233.235250671,37190935.057546645,23588032.26017127,3462140.5239711213,26517227.631795745,2.1646177488475384,2337.787168755341,4861.22647307522,6867.827126256889,2.079413617306909,2.9377469506402423,6.301253385778511,8.902263486788613,18.0,0.6074667799929822,8.254999999999981e-05,True,True,True,True,False
3.6576,0.0105,0.0089349,0.0007000000000000001,13215,MOX,Hastelloy,Zircaloy,Zircaloy,SS316,Light Water Reactor,mean,fixed_core_power,870.0,0.9,45.0,True,0.3,0.0,4.309015609521929,62143483.79986231,87512283.1920027,14421735.596069682,1864304.5139958693,35580241.78778485,22566463.83900643,3996778.1730710296,25368799.39214039,2.0708708389007775,2236.5405060128396,4702.495936425449,6622.193204086469,2.102575796764243,2.960909130097576,6.371441808376494,8.972451909386592,18.0,0.7015525438976199,8.254999999999981e-05,True,True,True,True,False
3.6576,0.0105,0.0087349,0.0008,13215,MOX,Hastelloy,Zircaloy,Zircaloy,SS316,Light Water Reactor,mean,fixed_core_power,870.0,0.9,45.0,True,0.3,0.0,4.118267472761798,60092505.95142158,84338299.15040752,14591695.74314275,1802775.1785426473,34005203.43993168,21567509.24690809,4519793.264581805,24245793.198985938,1.9791991463874523,2137.5350780984486,4547.295191178327,6382.012799879495,2.1273546515192634,2.985687984852597,6.446529247028071,9.047539348038171,18.0,0.7935929651086777,8.254999999999981e-05,True,True,True,True,False
3.6576,0.011,0.0100349,0.0004,13215,MOX,Hastelloy,Zircaloy,Zircaloy,SS316,Light Water Reactor,mean,fixed_core_power,870.0,0.9,45.0,True,0.3,0.0,5.4353156822968165,75819443.84910037,107819196.38479397,13949409.4328411,2274583.3154730108,44880284.43009412,28464936.29011104,2474223.1288952148,31999752.535693593,2.612159659346734,2821.132432094472,5737.377514120346,8158.849518334769,2.0337143513184133,2.8920476846517467,6.162770761570949,8.76378086258105,18.0,0.43361265103876223,8.254999999999981e-05,True,True,True,True,False
3.6576,0.011,0.0098349,0.0005,13215,MOX,Hastelloy,Zircaloy,Zircaloy,SS316,Light Water Reactor,mean,fixed_core_power,870.0,0.9,45.0,True,0.3,0.0,5.220818216123097,73511911.93703659,104248837.02382074,14080534.677498398,2205357.3581110975,43109144.01174346,27341605.638146933,3061162.2871461967,30736925.08678415,2.5090742709495113,2709.800212625472,5562.762916158652,7888.674765328849,2.0528313822696918,2.911164715603025,6.220701158393005,8.821711259403106,18.0,0.536902457064505,8.254999999999894e-05,True,True,True,True,False
3.6576,0.011,0.0096349,0.0006000000000000001,13215,MOX,Hastelloy,Zircaloy,Zircaloy,SS316,Light Water Reactor,mean,fixed_core_power,870.0,0.9,45.0,True,0.3,0.0,5.010638809842753,71251026.21835878,100750545.9027344,14219948.57789297,2137530.7865507635,41373658.51530142,26240888.81524932,3636478.887808044,29499519.684375606,2.4080640999857232,2600.7092279845806,5391.678109599606,7623.9535302863715,2.073156834137081,2.931490167470415,6.2822934367790335,8.883303537789136,18.0,0.6381469203966676,8.254999999999981e-05,True,True,True,True,False
3.6576,0.011,0.0094349,0.0007000000000000001,13215,MOX,Hastelloy,Zircaloy,Zircaloy,SS316,Light Water Reactor,mean,fixed_core_power,870.0,0.9,45.0,True,0.3,0.0,4.8047774634557925,69036786.69306701,97324323.02153498,14368362.992489757,2071103.6007920103,39673827.940768026,25162785.82141822,4200172.930880773,28287536.328467973,2.309129146455372,2493.859478171801,5224.12309444321,7364.6858132073385,2.0947944902945816,2.953127823627915,6.347862091801762,8.948872192811864,18.0,0.7373460410352528,8.254999999999981e-05,True,True,True,True,False
3.6576,0.011,0.009234899999999999,0.0008,13215,MOX,Hastelloy,Zircaloy,Zircaloy,SS316,Light Water Reactor,mean,fixed_core_power,870.0,0.9,45.0,True,0.3,0.0,4.603234176962212,66869193.36116126,93970168.38022251,14526567.797880294,2006075.8008348378,38009652.28814327,24107296.65665362,4752244.416364372,27100975.019061252,2.2122694103584566,2389.250963187133,5060.097870689464,7110.871614091753,2.117859508546379,2.9761928418797123,6.417756086504179,9.018766187514279,18.0,0.8344998189802589,8.254999999999981e-05,True,True,True,True,False
3.6576,0.0115,0.0105349,0.0004,13215,MOX,Hastelloy,Zircaloy,Zircaloy,SS316,Light Water Reactor,mean,fixed_core_power,870.0,0.9,45.0,True,0.3,0.0,5.990450859764665,83426772.8862949,118694815.49770361,13926626.699609105,2502803.186588847,49464125.75932111,31372198.422187295,2590448.7047864967,35268042.61140871,2.8789522066110775,3109.2683831399636,6313.036162413538,8981.824857942007,2.0303928077248123,2.8887261410581457,6.152705477953977,8.753715578964078,18.0,0.45406607797455256,8.254999999999981e-05,True,True,True,True,False
3.6576,0.0115,0.010334900000000001,0.0005,13215,MOX,Hastelloy,Zircaloy,Zircaloy,SS316,Light Water Reactor,mean,fixed_core_power,870.0,0.9,45.0,True,0.3,0.0,5.765158243857492,81002625.49076608,114944285.53701308,14050373.305376414,2430078.7647229824,47603848.036198854,30192333.197556924,3206444.2570102983,33941660.046247,2.7706787746302637,2992.3330766006843,6129.59708594522,8698.016310027475,2.0484340910700003,2.9067674244033337,6.207376033545455,8.808386134555557,18.0,0.5624692407342429,8.254999999999894e-05,True,True,True,True,False
3.6576,0.0115,0.0101349,0.0006000000000000001,13215,MOX,Hastelloy,Zircaloy,Zircaloy,SS316,Light Water Reactor,mean,fixed_core_power,870.0,0.9,45.0,True,0.3,0.0,5.544183687843699,78625124.28862321,111265823.81620938,14181551.102106957,2358753.728658696,45779225.2349852,29035081.801993042,3810817.2516449695,32640699.527586166,2.664480560082885,2877.6390048895164,5949.6878008795475,8419.661280076381,2.067558783700869,2.925892117034202,6.265329647578391,8.86633974858849,18.0,0.6688270608003537,8.254999999999981e-05,True,True,True,True,False
3.6576,0.0115,0.0099349,0.0007000000000000001,13215,MOX,Hastelloy,Zircaloy,Zircaloy,SS316,Light Water Reactor,mean,fixed_core_power,870.0,0.9,45.0,True,0.3,0.0,5.327527191723285,76294269.27986641,107659430.33529267,14320765.813902425,2288828.078395992,43990257.35568022,27900444.23549568,4403567.688690518,31365161.055426262,2.5603575629689432,2765.186168006459,5773.308307216527,8146.7597680887375,2.0878551954347264,2.9461885287680594,6.326833925559777,8.927844026569877,18.0,0.7731395381728864,8.254999999999981e-05,True,True,True,True,False
3.6576,0.0115,0.0097349,0.0008,13215,MOX,Hastelloy,Zircaloy,Zircaloy,SS316,Light Water Reactor,mean,fixed_core_power,870.0,0.9,45.0,True,0.3,0.0,5.115188755496253,74010060.46449561,104125105.09426287,14468686.103708696,2220301.813934868,42236944.39828386,26788420.498064812,4984695.568146939,30115044.62976726,2.4583097832884375,2654.974565951513,5600.458604956157,7879.3117740645375,2.1094208120781057,2.9677541454114387,6.392184279024563,8.993194380034662,18.0,0.8754066728518402,8.254999999999981e-05,True,True,True,True,False
3.6576,0.012,0.0110349,0.0004,13215,MOX,Hastelloy,Zircaloy,Zircaloy,SS316,Light Water Reactor,mean,fixed_core_power,870.0,0.9,45.0,True,0.3,0.0,6.5725739115661375,91398281.61708406,130093502.09483856,13906010.468173698,2741948.4485125216,54270810.35047708,34420796.9859292,2706674.280677778,38695220.47775451,3.1587148628343953,3411.4120518611476,6916.252865462282,9844.381543309766,2.0273871230797273,2.8857204564130607,6.14359734266584,8.74460744367594,18.0,0.47451950491034295,8.254999999999981e-05,True,True,True,True,False
3.6576,0.012,0.010834900000000001,0.0005,13215,MOX,Hastelloy,Zircaloy,Zircaloy,SS316,Light Water Reactor,mean,fixed_core_power,870.0,0.9,45.0,True,0.3,0.0,6.336486145925514,88857518.73809019,126162801.53443071,14023153.636219552,2665725.5621427055,52321395.32258322,33184397.188632563,3351726.2268744037,37305282.79634052,3.0452533872699914,3288.873658251591,6723.989310487339,9546.939200486622,2.044465677061581,2.9027990103949146,6.1953505365502455,8.796360637560348,18.0,0.5880360244039813,8.254999999999894e-05,True,True,True,True,False
3.6576,0.012,0.010634900000000001,0.0006000000000000001,13215,MOX,Hastelloy,Zircaloy,Zircaloy,SS316,Light Water Reactor,mean,fixed_core_power,870.0,0.9,45.0,True,0.3,0.0,6.1047164401782705,86363402.05248232,122304169.21390975,14146996.490136785,2590902.06157447,50407635.21659799,31970611.220402427,3985155.6154818954,35940767.16142742,2.9338671291390233,3168.5764994701453,6535.255546915045,9254.95037562692,2.062520992631196,2.92085432596453,6.250063614033927,8.851073715044029,18.0,0.6995072012040398,8.254999999999981e-05,True,True,True,True,False
3.6576,0.012,0.0104349,0.0007000000000000001,13215,MOX,Hastelloy,Zircaloy,Zircaloy,SS316,Light Water Reactor,mean,fixed_core_power,870.0,0.9,45.0,True,0.3,0.0,5.877264794324406,83915931.56026046,118517605.13327569,14278058.671322232,2517477.946807814,48529530.0325214,30779439.08123879,4606962.446500265,34601673.573015235,2.824556088441491,3050.52057551681,6350.0515747454,8968.415068730661,2.0816288294235137,2.9399621627568466,6.307966149768223,8.908976250778323,18.0,0.8089330353105201,8.254999999999981e-05,True,True,True,True,False
3.6576,0.012,0.0102349,0.0008,13215,MOX,Hastelloy,Zircaloy,Zircaloy,SS316,Light Water Reactor,mean,fixed_core_power,870.0,0.9,45.0,True,0.3,0.0,5.654131208363923,81515107.26142462,114803109.29252858,14416911.149999965,2445453.2178427386,46687079.770353444,29610880.77114167,5217146.719929505,33288002.031103965,2.7173202651773947,2934.705886391587,6168.377393978404,8687.33327979785,2.101872430413403,2.9602057637467363,6.369310395192129,8.97032049620223,18.0,0.9163135267234213,8.254999999999981e-05,True,True,True,True,False
3.6576,0.008,0.0070349,0.0004,13215,MOX,Hastelloy,Zircaloy,Zircaloy,SS316,Light Water Reactor,high,fixed_core_power,870.0,0.9,45.0,True,0.3,0.0,2.671249978495921,50164354.32416385,65891010.00881123,18779356.004865363,1504930.6297249154,28674028.44181346,19713456.208802868,1776869.673547511,15726655.684647383,1.283776663899175,1386.4787970111088,3796.0162182492504,4986.0771856837855,2.737882632199269,3.5962159655326023,8.296614036967481,10.897624137977582,18.0,0.31089208942401797,8.254999999999981e-05,True,True,True,True,False
3.6576,0.008,0.0068349000000000005,0.0005,13215,MOX,Hastelloy,Zircaloy,Zircaloy,SS316,Light Water Reactor,high,fixed_core_power,870.0,0.9,45.0,True,0.3,0.0,2.5215234107229043,47864782.144041955,62709941.07729354,18982485.7229144,1435943.4643212587,27066816.87517604,18608494.800904352,2189470.467961566,14845158.93325158,1.2118195370034934,1308.765099963773,3622.0039458223196,4745.360656624558,2.7674973499236626,3.625830683256996,8.38635560582928,10.98736570683938,18.0,0.3835017550460744,8.254999999999981e-05,True,True,True,True,False
3.6576,0.008,0.006634900000000001,0.0006000000000000001,13215,MOX,Hastelloy,Zircaloy,Zircaloy,SS316,Light Water Reactor,high,fixed_core_power,870.0,0.9,45.0,True,0.3,0.0,2.3761149028432684,45631805.490933076,59620889.719289765,19204376.621824928,1368954.1647279921,25505956.707019858,17535400.079126727,2590448.704786495,13989084.228356691,1.1419376275412483,1233.2926377445483,3453.031062499665,4511.607243230402,2.799847300487081,3.6581806338204137,8.484385759051762,11.085395860061858,18.0,0.45406607797455234,8.254999999999981e-05,True,True,True,True,False
3.6576,0.008,0.0064349,0.0007000000000000001,13215,MOX,Hastelloy,Zircaloy,Zircaloy,SS316,Light Water Reactor,high,fixed_core_power,870.0,0.9,45.0,True,0.3,0.0,2.235024454857011,43465424.364837155,56623855.93479986,19447404.376440223,1303962.7309451145,23991447.93734489,16494172.043469971,2979804.3840222964,13158431.569962705,1.0741309355124387,1160.0614103534335,3289.097568281283,4284.816945501313,2.835278838625621,3.693612171958954,8.591754056441276,11.192764157451375,18.0,0.5225850582094512,8.254999999999981e-05,True,True,True,True,False
3.6576,0.008,0.006234900000000001,0.0008,13215,MOX,Hastelloy,Zircaloy,Zircaloy,SS316,Light Water Reactor,high,fixed_core_power,870.0,0.9,45.0,True,0.3,0.0,2.0982520667641356,41365638.765754245,53718839.72382388,19714332.42982439,1240969.1629726272,22523290.56615117,15484810.693934109,3357537.5056689675,12353200.958069637,1.008399460917066,1089.071417790431,3130.2034631671772,4064.9897634372974,2.8741948526368537,3.732528185970187,8.709681371626829,11.31069147263693,18.0,0.5890586957507707,8.254999999999981e-05,True,True,True,True,False
3.6576,0.0085,0.007534900000000001,0.0004,13215,MOX,Hastelloy,Zircaloy,Zircaloy,SS316,Light Water Reactor,high,fixed_core_power,870.0,0.9,45.0,True,0.3,0.0,3.064457909962003,57403216.45652919,75444835.47310756,18731931.76186941,1722096.4936958756,32894844.72676239,22615276.48032801,1893095.249438794,18041619.01657837,1.472748557409662,1590.5684420024347,4343.792391716171,5709.0303044349275,2.7309685499905836,3.589301883323917,8.275662272698737,10.876672373708839,18.0,0.3313455163598085,8.254999999999981e-05,True,True,True,True,False
3.6576,0.0085,0.007334900000000001,0.0005,13215,MOX,Hastelloy,Zircaloy,Zircaloy,SS316,Light Water Reactor,high,fixed_core_power,870.0,0.9,45.0,True,0.3,0.0,2.903936192455536,54937155.45887487,72033722.60780516,18918168.93277556,1648114.6637662458,31171754.6639219,21430648.357127294,2334752.437825671,17096567.148930296,1.3956033869303903,1507.2516578848215,4157.181646528556,5450.905986213028,2.758120466997842,3.616453800331176,8.35794080908437,10.958950910094472,18.0,0.40906853871581283,8.254999999999981e-05,True,True,True,True,False
3.6576,0.0085,0.007134900000000001,0.0006000000000000001,13215,MOX,Hastelloy,Zircaloy,Zircaloy,SS316,Light Water Reactor,high,fixed_core_power,870.0,0.9,45.0,True,0.3,0.0,2.747732534842448,52537689.98823352,68714627.31601664,19120379.92127424,1576130.6996470056,29495015.999562636,20277886.92004746,2764787.068623421,16176937.327783128,1.3205334338845547,1426.176108595319,3975.6102904452155,5199.744783656197,2.78760124116853,3.645934574501863,8.447276488389484,11.048286589399584,18.0,0.48474621837823834,8.254999999999981e-05,True,True,True,True,False
3.6576,0.0085,0.006934900000000001,0.0007000000000000001,13215,MOX,Hastelloy,Zircaloy,Zircaloy,SS316,Light Water Reactor,high,fixed_core_power,870.0,0.9,45.0,True,0.3,0.0,2.595846937122741,50204820.04460515,65487549.59774202,19340439.271143083,1506144.6013381544,27864628.733684603,19156992.169088505,3183199.141832041,15282729.553136872,1.247538698272155,1347.3417941339274,3799.0783234661485,4955.546696764436,2.81968416626473,3.6780174995980635,8.544497473529484,11.145507574539586,18.0,0.5583785553470846,8.254999999999981e-05,True,True,True,True,False
3.6576,0.0085,0.006734900000000001,0.0008,13215,MOX,Hastelloy,Zircaloy,Zircaloy,SS316,Light Water Reactor,high,fixed_core_power,870.0,0.9,45.0,True,0.3,0.0,2.4482793992964136,47938545.62798976,62352489.452981286,19580504.43171083,1438156.3688396928,26280592.866287798,18067964.104250435,3589988.6574515323,14413943.824991524,1.1766191800931916,1270.7487145006467,3627.5857455913556,4718.311725537744,2.854683781456235,3.7130171147895683,8.650556913503742,11.251567014513842,18.0,0.6299655496223517,8.254999999999981e-05,True,True,True,True,False
3.6576,0.009000000000000001,0.008034900000000001,0.0004,13215,MOX,Hastelloy,Zircaloy,Zircaloy,SS316,Light Water Reactor,high,fixed_core_power,870.0,0.9,45.0,True,0.3,0.0,3.4846537157617132,65130941.61765776,85646411.7567978,18690793.097477328,1953928.2485297327,37405357.252219014,25716263.540108666,2009320.8253300774,20515470.139140047,1.674690559879125,1808.6658046694554,4928.561605573799,6480.999754581749,2.7249708557820185,3.5833041891153523,8.257487441763692,10.858497542773794,18.0,0.35179894329559913,8.254999999999981e-05,True,True,True,True,False
3.6576,0.009000000000000001,0.007834900000000002,0.0005,13215,MOX,Hastelloy,Zircaloy,Zircaloy,SS316,Light Water Reactor,high,fixed_core_power,870.0,0.9,45.0,True,0.3,0.0,3.3133368485217947,62498391.80247098,82005254.95771068,18862673.691132214,1874951.7540741295,35566388.69317546,24451968.70160575,2480034.4076897777,19506863.155239698,1.5923573458162632,1719.745933481564,4729.3523876255,6205.467647197176,2.750029696567502,3.608363029900835,8.333423322931823,10.934433423941924,18.0,0.4346353223855515,8.254999999999894e-05,True,True,True,True,False
3.6576,0.009000000000000001,0.007634900000000002,0.0006000000000000001,13215,MOX,Hastelloy,Zircaloy,Zircaloy,SS316,Light Water Reactor,high,fixed_core_power,870.0,0.9,45.0,True,0.3,0.0,3.1463380411752557,59932437.51429715,78456115.7321374,19048314.812324014,1797973.1254289143,33773771.532613106,23219540.549223702,2939125.4324603435,18523678.21784025,1.5120993491868369,1633.067297121784,4535.182558781472,5936.898655477669,2.777094714207155,3.635428047540488,8.41543852790047,11.01644862891057,18.0,0.5154263587819239,8.254999999999981e-05,True,True,True,True,False
3.6576,0.009000000000000001,0.007434900000000001,0.0007000000000000001,13215,MOX,Hastelloy,Zircaloy,Zircaloy,SS316,Light Water Reactor,high,fixed_core_power,870.0,0.9,45.0,True,0.3,0.0,2.9836572937220973,57433078.75313633,74998994.08007805,19249221.039554734,1722992.3625940897,32027505.770531993,22018979.082962543,3386593.8996417862,17565915.32694172,1.4339165699908467,1548.6298955901143,4346.05211904172,5675.292779423235,2.806385264431197,3.6647185977645305,8.504197771003627,11.105207872013729,18.0,0.5941720524847182,8.254999999999981e-05,True,True,True,True,False
3.6576,0.009000000000000001,0.007234900000000002,0.0008,13215,MOX,Hastelloy,Zircaloy,Zircaloy,SS316,Light Water Reactor,high,fixed_core_power,870.0,0.9,45.0,True,0.3,0.0,2.82529460616232,55000315.518988475,71633890.00153257,19467108.10229345,1650009.4655696542,30327591.406932116,20850284.302822266,3822439.8092340985,16633574.482544098,1.357809008228293,1466.4337288865565,4161.961068406241,5420.650019033868,2.8381514871226825,3.6964848204560155,8.600459051886917,11.201469152897015,18.0,0.670872403493933,8.254999999999981e-05,True,True,True,True,False
3.6576,0.0095,0.0085349,0.0004,13215,MOX,Hastelloy,Zircaloy,Zircaloy,SS316,Light Water Reactor,high,fixed_core_power,870.0,0.9,45.0,True,0.3,0.0,3.931837395895048,73347529.8075495,96495738.85988191,18654771.909979403,2200425.894226485,42205566.01818332,29016417.388144825,2125546.401221362,23148209.052332405,1.8896026713075635,2040.7708850121685,5550.323859822134,7301.985536124246,2.7197192495173406,3.5780525828506744,8.24157348338588,10.842583584395982,18.0,0.37225237023138996,8.254999999999981e-05,True,True,True,True,False
3.6576,0.0095,0.0083349,0.0005,13215,MOX,Hastelloy,Zircaloy,Zircaloy,SS316,Light Water Reactor,high,fixed_core_power,870.0,0.9,45.0,True,0.3,0.0,3.749725378921677,70548491.17483023,92624538.12701,18814308.794826496,2116454.735244907,40250718.96293666,27672455.83433969,2625316.3775538784,22076046.95217977,1.8020814136611105,1946.2479267539989,5338.516169113146,7009.045639576996,2.742978474493153,3.601311807826487,8.312055983312584,10.913066084322688,18.0,0.4602021060552892,8.255000000000068e-05,True,True,True,True,False
3.6576,0.0095,0.0081349,0.0006000000000000001,13215,MOX,Hastelloy,Zircaloy,Zircaloy,SS316,Light Water Reactor,high,fixed_core_power,870.0,0.9,45.0,True,0.3,0.0,3.5719314218416893,67816048.06912398,88845354.96765205,18985820.291633148,2034481.4420737193,38342223.30617126,26360360.966655456,3113463.7962972703,21029306.89852806,1.7166353734480946,1853.9662033239422,5131.747867508436,6723.068858694821,2.767983503856661,3.6263168371899948,8.38782879956564,10.988838900575741,18.0,0.5461064991856102,8.254999999999981e-05,True,True,True,True,False
3.6576,0.0095,0.0079349,0.0007000000000000001,13215,MOX,Hastelloy,Zircaloy,Zircaloy,SS316,Light Water Reactor,high,fixed_core_power,870.0,0.9,45.0,True,0.3,0.0,3.3984555246550796,65150200.49043068,85158189.38180792,19170532.030735634,1954506.0147129204,36480079.047887065,25080132.785092086,3589988.6574515346,20007988.891377248,1.633264550668514,1763.9257147219948,4930.018955007998,6444.055193477709,2.7949130248860836,3.653246358219416,8.469433408745708,11.070443509755806,18.0,0.6299655496223521,8.254999999999981e-05,True,True,True,True,False
3.6576,0.0095,0.0077349,0.0008,13215,MOX,Hastelloy,Zircaloy,Zircaloy,SS316,Light Water Reactor,high,fixed_core_power,870.0,0.9,45.0,True,0.3,0.0,3.229297687361852,62550948.4387504,81563041.36947775,19369830.37629178,1876528.453162512,34664286.18808412,23831771.28964961,4054890.96101667,19012092.930727355,1.55196894532237,1676.1264609481598,4733.329431611835,6172.004643925671,2.8239691585885836,3.682302491921916,8.557482298753284,11.158492399763382,18.0,0.7117792573655148,8.254999999999938e-05,True,True,True,True,False
3.6576,0.01,0.0090349,0.0004,13215,MOX,Hastelloy,Zircaloy,Zircaloy,SS316,Light Water Reactor,high,fixed_core_power,870.0,0.9,45.0,True,0.3,0.0,4.406008950362012,82052981.02620447,107992816.78235991,18622971.934603702,2461589.4307861337,47295471.02465531,32515738.024436496,2241771.9771126467,25939835.75615545,2.117484891694978,2286.8836830305763,6209.079154461178,8171.987649062423,2.7150830628311238,3.573416396164457,8.227524432821587,10.828534533831688,18.0,0.3927057971671808,8.254999999999981e-05,True,True,True,True,False
3.6576,0.01,0.0088349,0.0005,13215,MOX,Hastelloy,Zircaloy,Zircaloy,SS316,Light Water Reactor,high,fixed_core_power,870.0,0.9,45.0,True,0.3,0.0,4.2131017836551905,79087453.57595272,103891572.11570327,18771788.016794186,2372623.6072785817,45224745.47320558,31092109.75532916,2770598.3474179846,24804118.539750542,2.0247755904649347,2186.7576377021296,5984.672990991504,7861.639963352499,2.7367792789695105,3.595112612302844,8.29327054233185,10.89428064334195,18.0,0.48576888972502785,8.255000000000068e-05,True,True,True,True,False
3.6576,0.01,0.008634900000000001,0.0006000000000000001,13215,MOX,Hastelloy,Zircaloy,Zircaloy,SS316,Light Water Reactor,high,fixed_core_power,870.0,0.9,45.0,True,0.3,0.0,4.02451267684175,76188521.65271401,99882345.02256057,18931117.32288124,2285655.6495814202,43200371.3202371,29700348.172342718,3287802.1601341977,23693823.369846556,1.9341415066683285,2088.8728272017943,5765.306216626108,7558.255393307648,2.7600082405922137,3.618341573925547,8.36366133512792,10.96467143613802,18.0,0.5767866395892964,8.254999999999981e-05,True,True,True,True,False
3.6576,0.01,0.0084349,0.0007000000000000001,13215,MOX,Hastelloy,Zircaloy,Zircaloy,SS316,Light Water Reactor,high,fixed_core_power,870.0,0.9,45.0,True,0.3,0.0,3.8402416299216915,73356185.25648828,95965135.50293176,19101971.26267394,2200685.5576946484,41222348.56574985,28340453.275477152,3793383.4152612803,22608950.246443477,1.8455826403051578,1993.2292515295708,5550.978831364985,7261.833938927867,2.7849174033068484,3.643250736640182,8.43914364638439,11.04015374739449,18.0,0.6657590467599857,8.254999999999981e-05,True,True,True,True,False
3.6576,0.01,0.0082349,0.0008,13215,MOX,Hastelloy,Zircaloy,Zircaloy,SS316,Light Water Reactor,high,fixed_core_power,870.0,0.9,45.0,True,0.3,0.0,3.66028864289501,70590444.38727549,92139943.55681679,19285485.72919206,2117713.3316182643,39290677.2097438,27012425.064732455,4287342.1127992375,21549499.169541296,1.7590989913754227,1899.8269106854564,5341.690835208134,6972.37560021315,2.8116723713955896,3.6700057047289225,8.520219307259362,11.121229408269462,18.0,0.7526861112370963,8.254999999999981e-05,True,True,True,True,False
3.6576,0.0105,0.0095349,0.0004,13215,MOX,Hastelloy,Zircaloy,Zircaloy,SS316,Light Water Reactor,high,fixed_core_power,870.0,0.9,45.0,True,0.3,0.0,4.907168379162603,91247295.27362263,120137645.52423182,18594694.174564634,2737418.8582086787,52675072.271635,36214225.448983684,2357997.55300393,28890350.250609186,2.358337221041369,2547.004198724678,6904.827489490929,9091.006093396278,2.7109603874812125,3.569293720814546,8.215031477215796,10.816041578225896,18.0,0.4131592241029714,8.254999999999981e-05,True,True,True,True,False
3.6576,0.0105,0.0093349,0.0005,13215,MOX,Hastelloy,Zircaloy,Zircaloy,SS316,Light Water Reactor,high,fixed_core_power,870.0,0.9,45.0,True,0.3,0.0,4.70346606272233,88115279.00583842,115806356.92379043,18734116.039276358,2643458.3701751526,50488468.2239822,34710930.46457414,2915880.317282088,27691077.917952005,2.260439876227735,2441.275066325954,6667.822853260569,8763.25061852368,2.7312870004834986,3.589620333816832,8.27662727419242,10.877637375202521,18.0,0.511335673394766,8.255000000000068e-05,True,True,True,True,False
3.6576,0.0105,0.009134900000000001,0.0006000000000000001,13215,MOX,Hastelloy,Zircaloy,Zircaloy,SS316,Light Water Reactor,high,fixed_core_power,870.0,0.9,45.0,True,0.3,0.0,4.50408180617544,85049858.26506726,111567085.89686301,18882840.482261535,2551495.747952018,48348215.57481065,33239502.166285496,3462140.5239711213,26517227.631795745,2.1646177488475384,2337.787168755341,6435.857606134488,8442.458259316158,2.7529698563453904,3.611303189678724,8.342332898016334,10.943342999026436,18.0,0.6074667799929822,8.254999999999981e-05,True,True,True,True,False
3.6576,0.0105,0.0089349,0.0007000000000000001,13215,MOX,Hastelloy,Zircaloy,Zircaloy,SS316,Light Water Reactor,high,fixed_core_power,870.0,0.9,45.0,True,0.3,0.0,4.309015609521929,82051033.05130905,107419832.44344944,19041711.72413375,2461530.9915392715,46254314.324120305,31799940.554117724,3996778.1730710296,25368799.39214039,2.0708708389007775,2236.5405060128396,6208.931748112679,8128.629015773699,2.776132035802724,3.6344653691360573,8.412521320614315,11.013531421624416,18.0,0.7015525438976199,8.254999999999981e-05,True,True,True,True,False
3.6576,0.0105,0.0087349,0.0008,13215,MOX,Hastelloy,Zircaloy,Zircaloy,SS316,Light Water Reactor,high,fixed_core_power,870.0,0.9,45.0,True,0.3,0.0,4.118267472761798,79118803.36456382,103364596.56354976,19211671.871206816,2373564.100936915,44206764.47191119,30392245.62807083,4519793.264581805,24245793.198985938,1.9791991463874523,2137.5350780984486,5987.045279195144,7821.762887896311,2.8009108905577444,3.6592442238910774,8.487608759265893,11.088618860275991,18.0,0.7935929651086777,8.254999999999981e-05,True,True,True,True,False
3.6576,0.011,0.0100349,0.0004,13215,MOX,Hastelloy,Zircaloy,Zircaloy,SS316,Light Water Reactor,high,fixed_core_power,870.0,0.9,45.0,True,0.3,0.0,5.4353156822968165,100930472.54980393,132930225.08549753,18569385.56090517,3027914.176494118,58344369.75912236,40111879.661786355,2474223.1288952148,31999752.535693593,2.612159659346734,2821.132432094472,7637.568864911383,10059.040869125805,2.7072705903568948,3.565603923690228,8.203850273808772,10.804860374818873,18.0,0.43361265103876223,8.254999999999981e-05,True,True,True,True,False
3.6576,0.011,0.0098349,0.0005,13215,MOX,Hastelloy,Zircaloy,Zircaloy,SS316,Light Water Reactor,high,fixed_core_power,870.0,0.9,45.0,True,0.3,0.0,5.220818216123097,97631967.46448733,128368892.55127148,18700510.805562466,2928959.02393462,56041887.215266496,38528917.96207463,3061162.2871461967,30736925.08678415,2.5090742709495113,2709.800212625472,7387.965755920342,9713.87760509054,2.7263876213081732,3.584720954641507,8.261780670630827,10.86279077164093,18.0,0.536902457064505,8.254999999999894e-05,True,True,True,True,False
3.6576,0.011,0.0096349,0.0006000000000000001,13215,MOX,Hastelloy,Zircaloy,Zircaloy,SS316,Light Water Reactor,high,fixed_core_power,870.0,0.9,45.0,True,0.3,0.0,5.010638809842753,94400057.90618365,123899577.59055924,18839924.705957036,2832001.7371855094,53785756.06989185,36977822.948483765,3636478.887808044,29499519.684375606,2.4080640999857232,2600.7092279845806,7143.402036033572,9375.677456720336,2.7467130731755622,3.605046406508895,8.323372949016855,10.924383050026954,18.0,0.6381469203966676,8.254999999999981e-05,True,True,True,True,False
3.6576,0.011,0.0094349,0.0007000000000000001,13215,MOX,Hastelloy,Zircaloy,Zircaloy,SS316,Light Water Reactor,high,fixed_core_power,870.0,0.9,45.0,True,0.3,0.0,4.8047774634557925,91234743.874893,119522280.20336097,18988339.120553825,2737042.31624679,51575976.322998434,35458594.62101379,4200172.930880773,28287536.328467973,2.309129146455372,2493.859478171801,6903.877705251078,9044.440424015209,2.768350729333063,3.626684062666397,8.388941604039585,10.989951705049688,18.0,0.7373460410352528,8.254999999999981e-05,True,True,True,True,False
3.6576,0.011,0.009234899999999999,0.0008,13215,MOX,Hastelloy,Zircaloy,Zircaloy,SS316,Light Water Reactor,high,fixed_core_power,870.0,0.9,45.0,True,0.3,0.0,4.603234176962212,88136025.37061533,115237000.38967659,19146543.92594436,2644080.76111846,49412547.974586256,33971232.9796647,4752244.416364372,27100975.019061252,2.2122694103584566,2389.250963187133,6669.392763572859,8720.166506975149,2.7914157475848604,3.6497490809181943,8.458835598742,11.059845699752103,18.0,0.8344998189802589,8.254999999999981e-05,True,True,True,True,False
3.6576,0.0115,0.0105349,0.0004,13215,MOX,Hastelloy,Zircaloy,Zircaloy,SS316,Light Water Reactor,high,fixed_core_power,870.0,0.9,45.0,True,0.3,0.0,5.990450859764665,111102512.85474853,146370555.46615726,18546602.827673174,3333075.385642456,64303363.48711745,44208700.66284458,2590448.7047864967,35268042.61140871,2.8789522066110775,3109.2683831399636,8407.303280722552,11076.091976251022,2.703949046763294,3.5622823800966277,8.1937849901918,10.794795091201902,18.0,0.45406607797455256,8.254999999999981e-05,True,True,True,True,False
3.6576,0.0115,0.010334900000000001,0.0005,13215,MOX,Hastelloy,Zircaloy,Zircaloy,SS316,Light Water Reactor,high,fixed_core_power,870.0,0.9,45.0,True,0.3,0.0,5.765158243857492,107637518.95189945,141579178.99814644,18670349.433440484,3229125.5685569835,61885002.44705851,42546072.247830644,3206444.2570102983,33941660.046247,2.7706787746302637,2992.3330766006843,8145.101698970825,10713.52092305308,2.721990330108482,3.580323663441815,8.248455545783278,10.849465646793378,18.0,0.5624692407342429,8.254999999999894e-05,True,True,True,True,False
3.6576,0.0115,0.0101349,0.0006000000000000001,13215,MOX,Hastelloy,Zircaloy,Zircaloy,SS316,Light Water Reactor,high,fixed_core_power,870.0,0.9,45.0,True,0.3,0.0,5.544183687843699,104239120.5760633,136879820.10364947,18801527.230171025,3127173.617281899,59512992.80548077,40915310.518937565,3810817.2516449695,32640699.527586166,2.664480560082885,2877.6390048895164,7887.939506323368,10357.912985520203,2.74111502273935,3.5994483560726835,8.306409159816212,10.907419260826313,18.0,0.6688270608003537,8.254999999999981e-05,True,True,True,True,False
3.6576,0.0115,0.0099349,0.0007000000000000001,13215,MOX,Hastelloy,Zircaloy,Zircaloy,SS316,Light Water Reactor,high,fixed_core_power,870.0,0.9,45.0,True,0.3,0.0,5.327527191723285,100907317.72724019,132272478.78266644,18940741.941966493,3027219.5318172057,57187334.562384285,39316415.47616539,4403567.688690518,31365161.055426262,2.5603575629689432,2765.186168006459,7635.816702780188,10009.268163652398,2.761411434473208,3.6197447678065404,8.367913437797599,10.968923538807697,18.0,0.7731395381728864,8.254999999999981e-05,True,True,True,True,False
3.6576,0.0115,0.0097349,0.0008,13215,MOX,Hastelloy,Zircaloy,Zircaloy,SS316,Light Water Reactor,high,fixed_core_power,870.0,0.9,45.0,True,0.3,0.0,5.115188755496253,97642110.40543005,127757155.03519732,19088662.23177276,2929263.3121629013,54908027.71776902,37749387.119514085,4984695.568146939,30115044.62976726,2.4583097832884375,2654.974565951513,7388.733288341283,9667.586457449665,2.782977051116587,3.6413103844499206,8.433263791262386,11.034273892272486,18.0,0.8754066728518402,8.254999999999981e-05,True,True,True,True,False
3.6576,0.012,0.0110349,0.0004,13215,MOX,Hastelloy,Zircaloy,Zircaloy,SS316,Light Water Reactor,high,fixed_core_power,870.0,0.9,45.0,True,0.3,0.0,6.5725739115661375,121763416.18845628,160458636.6662108,18525986.596237764,3652902.485653688,70552053.4556202,48504688.452158295,2706674.280677778,38695220.47775451,3.1587148628343953,3411.4120518611476,9214.030736924426,12142.159414771912,2.700943362118209,3.5592766954515427,8.184676854903662,10.785686955913766,18.0,0.47451950491034295,8.254999999999981e-05,True,True,True,True,False
3.6576,0.012,0.010834900000000001,0.0005,13215,MOX,Hastelloy,Zircaloy,Zircaloy,SS316,Light Water Reactor,high,fixed_core_power,870.0,0.9,45.0,True,0.3,0.0,6.336486145925514,118131933.46807474,155437216.26441526,18643129.764283616,3543958.004042242,68017813.91935818,46762393.32184216,3351726.2268744037,37305282.79634052,3.0452533872699914,3288.873658251591,8939.230682412011,11762.180572411295,2.7180219161000623,3.5763552494333957,8.236430048788067,10.837440149798168,18.0,0.5880360244039813,8.254999999999894e-05,True,True,True,True,False
3.6576,0.012,0.010634900000000001,0.0006000000000000001,13215,MOX,Hastelloy,Zircaloy,Zircaloy,SS316,Light Water Reactor,high,fixed_core_power,870.0,0.9,45.0,True,0.3,0.0,6.1047164401782705,114567046.27470617,150507813.4361336,18766972.61820085,3437011.388241185,65529925.781577386,45051964.877646886,3985155.6154818954,35940767.16142742,2.9338671291390233,3168.5764994701453,8669.470017003872,11389.164845715746,2.7360772316696775,3.5944105650030105,8.29114312627175,10.892153227281849,18.0,0.6995072012040398,8.254999999999981e-05,True,True,True,True,False
3.6576,0.012,0.0104349,0.0007000000000000001,13215,MOX,Hastelloy,Zircaloy,Zircaloy,SS316,Light Water Reactor,high,fixed_core_power,870.0,0.9,45.0,True,0.3,0.0,5.877264794324406,111068754.60835057,145670428.18136582,18898034.7993863,3332062.638250517,63088389.04227781,43373403.1195725,4606962.446500265,34601673.573015235,2.824556088441491,3050.52057551681,8404.748740700006,11023.112234685268,2.755185068461995,3.613518401795328,8.349045662006045,10.950055763016145,18.0,0.8089330353105201,8.254999999999981e-05,True,True,True,True,False
3.6576,0.012,0.0102349,0.0008,13215,MOX,Hastelloy,Zircaloy,Zircaloy,SS316,Light Water Reactor,high,fixed_core_power,870.0,0.9,45.0,True,0.3,0.0,5.654131208363923,107637058.46900798,140925060.50011194,19036887.27806403,3229111.7540702396,60693203.70145948,41726708.04761899,5217146.719929505,33288002.031103965,2.7173202651773947,2934.705886391587,8145.066853500415,10664.022739319858,2.7754286694518844,3.6337620027852173,8.410389907429952,11.011400008440052,18.0,0.9163135267234213,8.254999999999981e-05,True,True,True,True,False
3.6576,0.008,0.0070349,0.0004,13215,TRISO,Zircaloy,Zircaloy,Zircaloy,SS316,Light Water Reactor,low,fixed_core_power,870.0,0.9,45.0,True,0.3,0.0,0.25,9642414.913050711,10513404.416254058,38569659.652202845,289272.4473915213,7704545.7672788,657705.1264750195,1280164.019296891,870989.5032033472,0.07109941370466671,76.78736680104006,729.6568227809846,795.5659792852106,9.502302959177676,10.360636292511007,28.794857452053563,31.395867553063656,18.0,0.22880260513790085,8.254999999999981e-05,True,True,False,False,False
3.6576,0.008,0.0068349000000000005,0.0005,13215,TRISO,Zircaloy,Zircaloy,Zircaloy,SS316,Light Water Reactor,low,fixed_core_power,870.0,0.9,45.0,True,0.3,0.0,0.25,9470295.220528463,10292464.781782988,37881180.88211385,284108.8566158539,7272697.305595586,620840.0138923061,1576757.9010405715,822169.5612545254,0.06711421154449015,72.48334846804936,716.6322527830846,778.8471268848269,9.886853572982709,10.745186906316043,29.96016234237184,32.56117244338195,18.0,0.2822400556799761,8.254999999999981e-05,True,True,False,False,False
3.6576,0.008,0.006634900000000001,0.0006000000000000001,13215,TRISO,Zircaloy,Zircaloy,Zircaloy,SS316,Light Water Reactor,low,fixed_core_power,870.0,0.9,45.0,True,0.3,0.0,0.25,9303338.300205313,10078095.868924817,37213353.20082125,279100.1490061594,6853303.196871556,585038.0777817182,1864997.0255520376,774757.568719504,0.06324394116877123,68.30345646227293,703.9983579421349,762.6254914055859,10.306921412256564,11.165254745589898,31.233095188656254,33.834105289666354,18.0,0.3341722259250919,8.254999999999981e-05,True,True,False,False,False
3.6576,0.008,0.0064349,0.0007000000000000001,13215,TRISO,Zircaloy,Zircaloy,Zircaloy,SS316,Light Water Reactor,low,fixed_core_power,870.0,0.9,45.0,True,0.3,0.0,0.25,9141544.152081253,9870297.677679535,36566176.60832501,274246.3245624376,6446363.44110671,550299.3181432557,2144881.3928312873,728753.5255982828,0.05948860257750994,64.24769078371072,691.7551382581349,746.9010728474866,10.767003915937188,11.62533724927052,32.62728459374905,35.22829469475915,18.0,0.3845991158732478,8.254999999999981e-05,True,True,False,False,False
3.6576,0.008,0.006234900000000001,0.0008,13215,TRISO,Zircaloy,Zircaloy,Zircaloy,SS316,Light Water Reactor,low,fixed_core_power,870.0,0.9,45.0,True,0.3,0.0,0.25,8984912.776156286,9669070.208047148,35939651.10462514,269547.3832846886,6051878.038301048,516623.7349769187,2416411.0028783195,684157.4318908624,0.055848195770706315,60.316051432362826,679.9025937310848,731.6738712105296,11.272332614370713,12.130665947704045,34.15858367991125,36.75959378092135,18.0,0.4335207255244436,8.254999999999981e-05,True,True,False,False,False
3.6576,0.0085,0.007534900000000001,0.0004,13215,TRISO,Zircaloy,Zircaloy,Zircaloy,SS316,Light Water Reactor,low,fixed_core_power,870.0,0.9,45.0,True,0.3,0.0,0.25,10956885.612299668,11956084.749060446,43827542.44919867,328706.56836899003,8838654.715683263,754519.3049973516,1363711.5916190546,999199.1367607785,0.08156524566211033,88.09046531507916,829.1249044494641,904.7358871782403,9.41219803396289,10.270531367296222,28.521812224129967,31.122822325140064,18.0,0.24385540810749953,8.254999999999981e-05,True,True,False,False,False
3.6576,0.0085,0.007334900000000001,0.0005,13215,TRISO,Zircaloy,Zircaloy,Zircaloy,SS316,Light Water Reactor,low,fixed_core_power,870.0,0.9,45.0,True,0.3,0.0,0.25,10771858.989279691,11718718.310557147,43087435.957118765,323155.7696783907,8375670.37160209,714996.2512343248,1681192.3664432766,946859.3212774559,0.07729271404078966,83.47613116405286,815.1236465591896,886.7739924750017,9.76475113535454,10.623084468687873,29.59015495561982,32.19116505662991,18.0,0.3010560593919746,8.254999999999981e-05,True,True,False,False,False
3.6576,0.0085,0.007134900000000001,0.0006000000000000001,13215,TRISO,Zircaloy,Zircaloy,Zircaloy,SS316,Light Water Reactor,low,fixed_core_power,870.0,0.9,45.0,True,0.3,0.0,0.25,10591995.138458809,11487922.593666742,42367980.553835236,317759.85415376426,7925140.380480102,676536.3739434234,1990318.3840352837,895927.4552079336,0.07313511420392664,78.98592334024077,801.5130638258652,869.3093146929051,10.147543130859624,11.005876464192957,30.75013069957462,33.351140800584716,18.0,0.35675143037949003,8.254999999999981e-05,True,True,False,False,False
3.6576,0.0085,0.006934900000000001,0.0007000000000000001,13215,TRISO,Zircaloy,Zircaloy,Zircaloy,SS316,Light Water Reactor,low,fixed_core_power,870.0,0.9,45.0,True,0.3,0.0,0.25,10417294.059837017,11263697.598389229,41669176.23934807,312518.82179511053,7487064.742317296,639139.6731246472,2291089.644395073,846403.5385522114,0.06909244615152124,74.61984184364293,788.2931562494905,852.3418538319507,10.56412258151479,11.422455914848124,32.012492671256936,34.61350277226704,18.0,0.4109415210700454,8.254999999999981e-05,True,True,False,False,False
3.6576,0.0085,0.006734900000000001,0.0008,13215,TRISO,Zircaloy,Zircaloy,Zircaloy,SS316,Light Water Reactor,low,fixed_core_power,870.0,0.9,45.0,True,0.3,0.0,0.25,10247755.753414318,11046043.324724607,40991023.01365727,307432.6726024295,7061443.457113675,602806.1487779967,2583506.147522646,798287.5713102898,0.0651647098835735,70.37788667425939,775.4639238300657,835.8716098921383,11.01857359569864,11.876906929031973,33.38961695666254,35.99062705767265,18.0,0.4636263314636409,8.254999999999981e-05,True,True,False,False,False
3.6576,0.009000000000000001,0.008034900000000001,0.0004,13215,TRISO,Zircaloy,Zircaloy,Zircaloy,SS316,Light Water Reactor,low,fixed_core_power,870.0,0.9,45.0,True,0.3,0.0,0.25,12355840.870494308,13492049.32464877,49423363.48197723,370675.22611482925,10050603.370082622,857978.3364704679,1447259.1639412183,1136208.4541544623,0.09274940127241423,100.16935337420739,934.9860666284002,1020.964761607928,9.33405313235405,10.192386465687381,28.28500949198197,30.886019592992064,18.0,0.2589082110770982,8.254999999999981e-05,True,True,False,False,False
3.6576,0.009000000000000001,0.007834900000000002,0.0005,13215,TRISO,Zircaloy,Zircaloy,Zircaloy,SS316,Light Water Reactor,low,fixed_core_power,870.0,0.9,45.0,True,0.3,0.0,0.25,12157907.316976605,13238256.082113244,48631629.26790642,364737.21950929816,9556483.143603494,815797.3415271275,1785626.8318459834,1080348.765136639,0.08818954018994947,95.24470340514543,920.0081208457514,1001.7598246018346,9.659415043084165,10.517748376417499,29.270954676012618,31.871964777022722,18.0,0.3198720631039733,8.254999999999894e-05,True,True,False,False,False
3.6576,0.009000000000000001,0.007634900000000002,0.0006000000000000001,13215,TRISO,Zircaloy,Zircaloy,Zircaloy,SS316,Light Water Reactor,low,fixed_core_power,870.0,0.9,45.0,True,0.3,0.0,0.25,11965136.535657985,12991033.561190601,47860546.14263194,358954.09606973955,9074817.270083545,774679.5230559123,2115639.7425185274,1025897.0255326154,0.08374461089194231,90.4441797632977,905.4208502200519,983.0521045168824,10.010824937432538,10.86915827076587,30.335833143734963,32.93684324474506,18.0,0.3793306348338878,8.254999999999981e-05,True,True,False,False,False
3.6576,0.009000000000000001,0.007434900000000001,0.0007000000000000001,13215,TRISO,Zircaloy,Zircaloy,Zircaloy,SS316,Light Water Reactor,low,fixed_core_power,870.0,0.9,45.0,True,0.3,0.0,0.25,11777528.526538461,12750381.761880854,47110114.106153846,353325.85579615383,8605605.74952278,734624.8810568226,2437297.8959588595,972853.2353423922,0.0794146133783928,85.76778244866422,891.2242547513024,964.8416013530726,10.391130903783587,11.249464237116923,31.48827546601087,34.08928556702098,18.0,0.43728392626684315,8.254999999999981e-05,True,True,False,False,False
3.6576,0.009000000000000001,0.007234900000000002,0.0008,13215,TRISO,Zircaloy,Zircaloy,Zircaloy,SS316,Light Water Reactor,low,fixed_core_power,870.0,0.9,45.0,True,0.3,0.0,0.25,11595083.289618032,12516300.684184002,46380333.15847213,347852.49868854095,8148848.581921198,695633.4155298584,2750601.292166974,921217.3945659696,0.07519954764930095,81.21551146124503,877.418334439503,947.128315110405,10.803580728026265,11.661914061359598,32.73812341826141,35.339133519271506,18.0,0.49373193740283833,8.254999999999981e-05,True,True,False,False,False
3.6576,0.0095,0.0085349,0.0004,13215,TRISO,Zircaloy,Zircaloy,Zircaloy,SS316,Light Water Reactor,low,fixed_core_power,870.0,0.9,45.0,True,0.3,0.0,0.25,13839280.68763463,15121298.143019028,55357122.75053852,415178.4206290389,11340391.730476879,968082.2208943677,1530806.7362633827,1282017.4553843983,0.10465188053557838,113.02403097842463,1047.2403093177927,1144.2526025742739,9.265642892507545,10.123976225840877,28.077705734871348,30.678715835881444,18.0,0.2739610140466971,8.254999999999981e-05,True,True,False,False,False
3.6576,0.0095,0.0083349,0.0005,13215,TRISO,Zircaloy,Zircaloy,Zircaloy,SS316,Light Water Reactor,low,fixed_core_power,870.0,0.9,45.0,True,0.3,0.0,0.25,13628440.203619186,14851078.09645126,54513760.81447674,408853.20610857557,10815135.621599786,923243.2847707134,1890061.2972486853,1222637.8928320734,0.09980468999196945,107.78906519132701,1031.2856756427684,1123.8046232653242,9.567627976105209,10.425961309438541,28.99281204880366,31.59382214981376,18.0,0.33868806681597124,8.255000000000068e-05,True,True,False,False,False
3.6576,0.0095,0.0081349,0.0006000000000000001,13215,TRISO,Zircaloy,Zircaloy,Zircaloy,SS316,Light Water Reactor,low,fixed_core_power,870.0,0.9,45.0,True,0.3,0.0,0.25,13422762.491802843,14587428.771496393,53691049.96721137,402682.87475408526,10302333.865681883,879467.5251191851,2240961.1010017744,1164666.2796935495,0.09507243123281824,102.67822573144369,1015.7217171246949,1103.8538608775175,9.892279593741025,10.750612927074357,29.976604829518255,32.577614930528355,18.0,0.4019098392882861,8.254999999999981e-05,True,True,False,False,False
3.6576,0.0095,0.0079349,0.0007000000000000001,13215,TRISO,Zircaloy,Zircaloy,Zircaloy,SS316,Light Water Reactor,low,fixed_core_power,870.0,0.9,45.0,True,0.3,0.0,0.25,13222247.552185588,14330350.168154413,52888990.20874235,396667.4265655676,9801986.462723158,836754.9419397818,2583506.1475226474,1108102.6159688253,0.09045510425812461,97.69151259877458,1000.5484337635708,1084.4003154108523,10.241917717794877,11.10025105112821,31.03611429634811,33.63712439735821,18.0,0.4636263314636411,8.254999999999981e-05,True,True,False,False,False
3.6576,0.0095,0.0077349,0.0008,13215,TRISO,Zircaloy,Zircaloy,Zircaloy,SS316,Light Water Reactor,low,fixed_core_power,870.0,0.9,45.0,True,0.3,0.0,0.25,13026895.384767426,14079842.286425328,52107581.539069705,390806.8615430228,9314093.412723618,795105.5352325039,2917696.436811304,1052946.9016579017,0.08595270906788864,92.82892579331975,985.7658255593966,1065.4439868653294,10.619166570495155,11.47749990382849,32.1792926378641,34.780302738874205,18.0,0.5238375433420362,8.254999999999938e-05,True,True,False,False,False
3.6576,0.01,0.0090349,0.0004,13215,TRISO,Zircaloy,Zircaloy,Zircaloy,SS316,Light Water Reactor,low,fixed_core_power,870.0,0.9,45.0,True,0.3,0.0,0.25,15407205.063720632,16843831.204171218,61628820.25488253,462216.15191161894,12708019.796866033,1084830.9582690517,1614354.3085855476,1436626.140450587,0.1172726834516028,126.654498127731,1165.8876325176416,1274.599410077277,9.20526037173859,10.06359370507192,27.894728399207846,30.49573850021794,18.0,0.28901381701629597,8.254999999999981e-05,True,True,False,False,False
3.6576,0.01,0.0088349,0.0005,13215,TRISO,Zircaloy,Zircaloy,Zircaloy,SS316,Light Water Reactor,low,fixed_core_power,870.0,0.9,45.0,True,0.3,0.0,0.25,15183457.649207462,16557184.353571223,60733830.59682985,455503.7294762238,12151627.805590985,1037334.080965084,1994495.7626513918,1373726.7043637612,0.11213816344684979,121.10921652259778,1148.956310950243,1252.9083884654729,9.486943636001966,10.345276969335298,28.748314048490805,31.3493241495009,18.0,0.35750407052796995,8.255000000000068e-05,True,True,False,False,False
3.6576,0.01,0.008634900000000001,0.0006000000000000001,13215,TRISO,Zircaloy,Zircaloy,Zircaloy,SS316,Light Water Reactor,low,fixed_core_power,870.0,0.9,45.0,True,0.3,0.0,0.25,14964873.006893383,16277108.22458412,59859492.02757353,448946.19020680146,11607690.16727512,990900.380133242,2366282.459485022,1312235.2176907363,0.10711857522655445,115.68806124467883,1132.4156645397945,1231.7145837748103,9.788526597785655,10.646859931118986,29.66220181147168,32.26321191248177,18.0,0.4244890437426844,8.254999999999981e-05,True,True,False,False,False
3.6576,0.01,0.0084349,0.0007000000000000001,13215,TRISO,Zircaloy,Zircaloy,Zircaloy,SS316,Light Water Reactor,low,fixed_core_power,870.0,0.9,45.0,True,0.3,0.0,0.25,14751451.136778396,16003602.817209907,59005804.54711358,442543.5341033519,11076206.881918436,945529.8557735251,2729714.399086434,1252151.680431511,0.10221391879071673,110.39103229397405,1116.2656932862956,1211.01799600529,10.111923677945619,10.970257011278951,30.64219296347157,33.24320306448167,18.0,0.4899687366604389,8.254999999999981e-05,True,True,False,False,False
3.6576,0.01,0.0082349,0.0008,13215,TRISO,Zircaloy,Zircaloy,Zircaloy,SS316,Light Water Reactor,low,fixed_core_power,870.0,0.9,45.0,True,0.3,0.0,0.25,14543192.038862497,15736668.131448582,58172768.15544999,436295.7611658749,10557177.949520933,901222.5078859333,3084791.581455632,1193476.092586086,0.09742419413933662,105.21812967048353,1100.5063971897462,1190.8186251569111,10.459284922059085,11.317618255392418,31.694802794118438,34.295812895128535,18.0,0.5539431492812338,8.254999999999981e-05,True,True,False,False,False
3.6576,0.0105,0.0095349,0.0004,13215,TRISO,Zircaloy,Zircaloy,Zircaloy,SS316,Light Water Reactor,low,fixed_core_power,870.0,0.9,45.0,True,0.3,0.0,0.27177374735014054,17059613.998752322,18659648.508105353,62771383.053321615,511788.41996256966,14153487.56925009,1208224.54859452,1697901.880907711,1600034.5093530286,0.13061181002048752,141.06075482212654,1290.9280362279471,1412.0051841169393,9.151574708754177,10.009908042087512,27.732044571982353,30.333054672992457,18.0,0.3040666199858947,8.254999999999981e-05,True,True,False,False,False
3.6576,0.0105,0.0093349,0.0005,13215,TRISO,Zircaloy,Zircaloy,Zircaloy,SS316,Light Water Reactor,low,fixed_core_power,870.0,0.9,45.0,True,0.3,0.0,0.2604921002564812,16822959.653741416,18356574.853473116,64581458.08328731,504688.7896122424,13565959.69557708,1158069.7301102385,2098930.228054096,1533615.1997317015,0.1251899605545904,135.20515739895762,1273.0200267681737,1389.071120202279,9.415469433697712,10.273802767031047,28.531725556659733,31.132735657669837,18.0,0.37632007423996827,8.255000000000068e-05,True,True,False,False,False
3.6576,0.0105,0.009134900000000001,0.0006000000000000001,13215,TRISO,Zircaloy,Zircaloy,Zircaloy,SS316,Light Water Reactor,low,fixed_core_power,870.0,0.9,45.0,True,0.3,0.0,0.25,16591468.080929605,18060071.92045378,66365872.32371842,497744.04242788814,12990886.174863257,1108978.088098083,2491603.817968266,1468603.8395241755,0.11988304287315095,129.47368630300303,1255.5026924653505,1366.6342732087612,9.69697185825959,10.555305191592922,29.38476320684724,31.985773307857336,18.0,0.44706824819708235,8.254999999999981e-05,True,True,False,False,False
3.6576,0.0105,0.0089349,0.0007000000000000001,13215,TRISO,Zircaloy,Zircaloy,Zircaloy,SS316,Light Water Reactor,low,fixed_core_power,870.0,0.9,45.0,True,0.3,0.0,0.25,16365139.280316891,17770139.70904734,65460557.121267565,490954.17840950674,12428267.007108616,1060949.6225580527,2875922.6506502237,1405000.4287304496,0.11469105697616913,123.86634153426265,1238.3760333194773,1344.6946431363858,9.997679902226952,10.856013235560285,30.295999703718035,32.897009804728135,18.0,0.5163111418572371,8.254999999999981e-05,True,True,False,False,False
3.6576,0.0105,0.0087349,0.0008,13215,TRISO,Zircaloy,Zircaloy,Zircaloy,SS316,Light Water Reactor,low,fixed_core_power,870.0,0.9,45.0,True,0.3,0.0,0.25,16143973.251903264,17486778.219253786,64575893.007613055,484319.1975570979,11878102.192313155,1013984.3334901474,3251886.726099961,1342804.9673505237,0.10961400286364492,118.38312309273653,1221.6400493305534,1323.252229985152,10.31937676093889,11.177710094272223,31.27083866951179,33.871848770521886,18.0,0.5840487552204314,8.254999999999981e-05,True,True,False,False,False
3.6576,0.011,0.0100349,0.0004,13215,TRISO,Zircaloy,Zircaloy,Zircaloy,SS316,Light Water Reactor,low,fixed_core_power,870.0,0.9,45.0,True,0.3,0.0,0.3010241338531101,18796507.492729682,20568750.054821406,62441862.225909635,563895.2247818904,15676795.047629038,1338262.9918707716,1781449.453229876,1772242.5620917217,0.14466926024223248,156.2428010616111,1422.3615204487085,1556.469924693258,9.103533159827503,9.961866493160837,27.586464120689403,30.187474221699507,18.0,0.31911942295549356,8.254999999999981e-05,True,True,False,False,False
3.6576,0.011,0.0098349,0.0005,13215,TRISO,Zircaloy,Zircaloy,Zircaloy,SS316,Light Water Reactor,low,fixed_core_power,870.0,0.9,45.0,True,0.3,0.0,0.2891446188915529,18546946.21722105,20249249.596156947,64144186.00740864,556408.3865166316,15058131.291558072,1285450.232206177,2203364.6934568034,1702303.3789358942,0.13896008131519128,150.07688782040657,1403.4768230965608,1532.2928184757432,9.351718598909567,10.210051932242902,28.33854120881687,30.939551309826975,18.0,0.39513607795196715,8.254999999999894e-05,True,True,False,False,False
3.6576,0.011,0.0096349,0.0006000000000000001,13215,TRISO,Zircaloy,Zircaloy,Zircaloy,SS316,Light Water Reactor,low,fixed_core_power,870.0,0.9,45.0,True,0.3,0.0,0.2775042510771548,18302547.713911504,19936319.85910537,65954116.532877274,549076.4314173451,14451921.888446284,1233700.6490137072,2616925.1764515107,1633772.1451938665,0.13336583417260767,144.0351009064163,1384.9828009013625,1508.6129291793698,9.615592256232217,10.47392558956555,29.138158352218838,31.739168453228938,18.0,0.46964745265148017,8.254999999999981e-05,True,True,False,False,False
3.6576,0.011,0.0094349,0.0007000000000000001,13215,TRISO,Zircaloy,Zircaloy,Zircaloy,SS316,Light Water Reactor,low,fixed_core_power,870.0,0.9,45.0,True,0.3,0.0,0.26610303040991595,18063311.98280105,19629960.843666688,67880895.43728828,541899.3594840314,13858166.83829368,1183014.242293363,3022130.902214007,1566648.8608656393,0.1278865188144817,138.11744031964028,1366.879453863114,1485.4302568041383,9.896501489600396,10.754834822933729,29.989398453334534,32.590408554344634,18.0,0.5426535470540343,8.254999999999981e-05,True,True,False,False,False
3.6576,0.011,0.009234899999999999,0.0008,13215,TRISO,Zircaloy,Zircaloy,Zircaloy,SS316,Light Water Reactor,low,fixed_core_power,870.0,0.9,45.0,True,0.3,0.0,0.25494095688983615,17829239.023889698,19330172.549840912,69934777.21821678,534877.170716691,13276866.141100265,1133391.0120451446,3418981.8707442875,1500933.525951213,0.12252213524081343,132.3239060600785,1349.166781981816,1462.74480135005,10.195941324232516,11.054274657565848,30.896791891613685,33.497801992623785,18.0,0.6141543611596287,8.254999999999981e-05,True,True,False,False,False
3.6576,0.0115,0.0105349,0.0004,13215,TRISO,Zircaloy,Zircaloy,Zircaloy,SS316,Light Water Reactor,low,fixed_core_power,870.0,0.9,45.0,True,0.3,0.0,0.3317691900258245,20617885.545652736,22571135.844319403,62145268.9565534,618536.5663695821,17277942.23200289,1474946.288097808,1864997.0255520383,1953250.2986666684,0.15944503411683777,172.2006368461848,1560.1880851799272,1707.9936318062355,9.06029219028695,9.91862552362028,27.45543087965742,30.056440980667514,18.0,0.33417222592509205,8.254999999999981e-05,True,True,False,False,False
3.6576,0.0115,0.010334900000000001,0.0005,13215,TRISO,Zircaloy,Zircaloy,Zircaloy,SS316,Light Water Reactor,low,fixed_core_power,870.0,0.9,45.0,True,0.3,0.0,0.3192918071963694,20355417.33964637,22235208.58162271,63751768.38511071,610662.5201893911,16628142.593533965,1419475.5872528993,2307799.1588595067,1879791.2419763396,0.15344852572865245,165.72440778694462,1540.3266999354043,1682.5734832858652,9.294507191213796,10.152840524547129,28.16517330670847,30.76618340771857,18.0,0.4139520816639653,8.254999999999894e-05,True,True,False,False,False
3.6576,0.0115,0.0101349,0.0006000000000000001,13215,TRISO,Zircaloy,Zircaloy,Zircaloy,SS316,Light Water Reactor,low,fixed_core_power,870.0,0.9,45.0,True,0.3,0.0,0.30705357151407336,20098111.90583909,21905852.0405389,65454740.704482965,602943.3571751727,15990797.308024216,1365068.062880116,2742246.5349347563,1807740.1346998108,0.1475669491249247,159.37230505491868,1520.855989847831,1657.6505516866364,9.542787182024844,10.401120515358176,28.917536915226798,31.518547016236898,18.0,0.49222665710587826,8.254999999999981e-05,True,True,False,False,False
3.6576,0.0115,0.0099349,0.0007000000000000001,13215,TRISO,Zircaloy,Zircaloy,Zircaloy,SS316,Light Water Reactor,low,fixed_core_power,870.0,0.9,45.0,True,0.3,0.0,0.2950544829789366,19845969.244230907,21583066.22106799,67262049.51662326,595379.0773269272,15365906.375473656,1311723.7149794584,3168339.1537777935,1737096.9768370828,0.14180030430565466,153.144328650107,1501.7759549172083,1633.2248370085501,9.8062786141324,10.664611947465733,29.715995800401213,32.317005901411314,18.0,0.5689959522508321,8.254999999999981e-05,True,True,False,False,False
3.6576,0.0115,0.0097349,0.0008,13215,TRISO,Zircaloy,Zircaloy,Zircaloy,SS316,Light Water Reactor,low,fixed_core_power,870.0,0.9,45.0,True,0.3,0.0,0.2832945415909589,19598989.35482182,21266851.123209976,69182375.5048562,587969.6806446546,14753469.795882279,1259442.5435509263,3586077.0153886145,1667861.7683881551,0.13614859127084225,147.04047857250964,1483.0865951435353,1609.2963392516062,10.086247062996229,10.944580396329563,30.56438503938251,33.16539514039261,18.0,0.6442599670988262,8.254999999999981e-05,True,True,False,False,False
3.6576,0.012,0.0110349,0.0004,13215,TRISO,Zircaloy,Zircaloy,Zircaloy,SS316,Light Water Reactor,low,fixed_core_power,870.0,0.9,45.0,True,0.3,0.0,0.3640089158682834,22523748.157521464,24666805.87659933,61876913.38217573,675712.4447256438,18956929.122371636,1618274.4372756276,1948544.5978742014,2143057.719077867,0.17493913164430328,188.93426217584755,1704.4077304216014,1866.5763054558706,9.02116805492511,9.879501388258443,27.33687289371245,29.937882994722553,18.0,0.3492250288946906,8.254999999999981e-05,True,True,False,False,False
3.6576,0.012,0.010834900000000001,0.0005,13215,TRISO,Zircaloy,Zircaloy,Zircaloy,SS316,Light Water Reactor,low,fixed_core_power,870.0,0.9,45.0,True,0.3,0.0,0.35093366517093044,22248373.021017365,24314451.809870403,63397659.52685325,667451.1906305209,18275993.60150475,1560145.7952504056,2412233.624262212,2066078.788853037,0.16865529379497385,182.14771729857173,1683.5696572847041,1839.913114632645,9.24288090047838,10.101214233811714,28.008730001449635,30.609740102459735,18.0,0.4327680853759638,8.254999999999894e-05,True,True,False,False,False
3.6576,0.012,0.010634900000000001,0.0006000000000000001,13215,TRISO,Zircaloy,Zircaloy,Zircaloy,SS316,Light Water Reactor,low,fixed_core_power,870.0,0.9,45.0,True,0.3,0.0,0.3380975616207367,21978160.656712357,23968668.464754365,65005380.551565506,659344.8197013707,17607512.433597047,1503080.329697309,2867567.8934180024,1990507.8080420077,0.16248638773010204,175.48529874851022,1663.1222593047564,1813.7471407305611,9.477274000531485,10.33560733386482,28.719012122822683,31.320022223832787,18.0,0.5148058615602764,8.254999999999981e-05,True,True,False,False,False
3.6576,0.012,0.0104349,0.0007000000000000001,13215,TRISO,Zircaloy,Zircaloy,Zircaloy,SS316,Light Water Reactor,low,fixed_core_power,870.0,0.9,45.0,True,0.3,0.0,0.32550060521770197,21713111.064606447,23629455.841251224,66706822.403860785,651393.3319381934,16951485.61864853,1447078.0406163377,3314547.40534158,1916344.7766447787,0.1564324134496879,168.9470065256629,1643.0655364817592,1788.0783837496197,9.72533086126139,10.583664194594723,29.47069957957997,32.07170968059007,18.0,0.5953383574476299,8.254999999999981e-05,True,True,False,False,False
3.6576,0.012,0.0102349,0.0008,13215,TRISO,Zircaloy,Zircaloy,Zircaloy,SS316,Light Water Reactor,low,fixed_core_power,870.0,0.9,45.0,True,0.3,0.0,0.3131427959618265,21453224.244699627,23296813.939360976,68509397.37829661,643596.7273409888,16307913.156659191,1392138.9280074919,3753172.160032942,1843589.69466135,0.15049337095373136,162.53284063002985,1623.3994888157115,1762.9068436898203,9.98813213700622,10.846465470339552,30.26706708183703,32.868077182847124,18.0,0.6743655730380236,8.254999999999981e-05,True,True,False,False,False
3.6576,0.008,0.0070349,0.0004,13215,TRISO,Zircaloy,Zircaloy,Zircaloy,SS316,Light Water Reactor,mean,fixed_core_power,870.0,0.9,45.0,True,0.3,0.0,0.25,18913144.502216954,19784134.0054203,75652578.00886782,567394.3350665086,14563470.657661146,3069509.8252589153,1280164.019296891,870989.5032033472,0.07109941370466671,76.78736680104006,1431.1876278635607,1497.0967843677868,18.638321477696195,19.496654811029526,56.47976205362483,59.08077215463492,18.0,0.22880260513790085,8.254999999999981e-05,True,True,False,False,False
3.6576,0.008,0.0068349000000000005,0.0005,13215,TRISO,Zircaloy,Zircaloy,Zircaloy,SS316,Light Water Reactor,mean,fixed_core_power,870.0,0.9,45.0,True,0.3,0.0,0.25,18221389.982062742,19043559.543317266,72885559.92825097,546641.6994618822,13747171.736186778,2897460.3448353927,1576757.9010405715,822169.5612545254,0.06711421154449015,72.48334846804936,1378.8414666714145,1441.0563407731568,19.02287209150123,19.88120542483456,57.64506694394312,60.24607704495322,18.0,0.2822400556799761,8.254999999999981e-05,True,True,False,False,False
3.6576,0.008,0.006634900000000001,0.0006000000000000001,13215,TRISO,Zircaloy,Zircaloy,Zircaloy,SS316,Light Water Reactor,mean,fixed_core_power,870.0,0.9,45.0,True,0.3,0.0,0.25,17549784.31401165,18324541.88273115,70199137.2560466,526493.5294203494,12954414.579452332,2730372.7090072786,1864997.0255520376,774757.568719504,0.06324394116877123,68.30345646227293,1328.0200010602837,1386.6471345237344,19.442939930775083,20.30127326410841,58.91799979022752,61.5190098912376,18.0,0.3341722259250919,8.254999999999981e-05,True,True,False,False,False
3.6576,0.008,0.0064349,0.0007000000000000001,13215,TRISO,Zircaloy,Zircaloy,Zircaloy,SS316,Light Water Reactor,mean,fixed_core_power,870.0,0.9,45.0,True,0.3,0.0,0.25,16898327.498063665,17627081.02366195,67593309.99225466,506949.82494190993,12185199.187457804,2568246.917774574,2144881.3928312873,728753.5255982828,0.05948860257750994,64.24769078371072,1278.7232310301677,1333.8691656195194,19.903022434455707,20.76135576778904,60.31218919532032,62.913199296330426,18.0,0.3845991158732478,8.254999999999981e-05,True,True,False,False,False
3.6576,0.008,0.006234900000000001,0.0008,13215,TRISO,Zircaloy,Zircaloy,Zircaloy,SS316,Light Water Reactor,mean,fixed_core_power,870.0,0.9,45.0,True,0.3,0.0,0.25,16267019.5342188,16951176.966109663,65068078.1368752,488010.58602656395,11439525.5602032,2411082.9711372796,2416411.0028783195,684157.4318908624,0.055848195770706315,60.316051432362826,1230.951156581067,1282.722434060512,20.40835113288923,21.266684466222568,61.843488281482514,64.44449838249263,18.0,0.4335207255244436,8.254999999999981e-05,True,True,False,False,False
3.6576,0.0085,0.007534900000000001,0.0004,13215,TRISO,Zircaloy,Zircaloy,Zircaloy,SS316,Light Water Reactor,mean,fixed_core_power,870.0,0.9,45.0,True,0.3,0.0,0.25,21592266.37012591,22591465.506886687,86369065.48050363,647767.9911037772,16707213.182084214,3521341.5964226397,1363711.5916190546,999199.1367607785,0.08156524566211033,88.09046531507916,1633.9210268729405,1709.5320096017167,18.548216552481406,19.40654988581474,56.20671682570123,58.80772692671133,18.0,0.24385540810749953,8.254999999999981e-05,True,True,False,False,False
3.6576,0.0085,0.007334900000000001,0.0005,13215,TRISO,Zircaloy,Zircaloy,Zircaloy,SS316,Light Water Reactor,mean,fixed_core_power,870.0,0.9,45.0,True,0.3,0.0,0.25,20850139.71971392,21796999.040991373,83400558.87885568,625504.1915914175,15832059.84876005,3336887.5045105936,1681192.3664432766,946859.3212774559,0.07729271404078966,83.47613116405286,1577.7631267282572,1649.413472644069,18.900769653873056,19.759102987206386,57.27505955719108,59.87606965820117,18.0,0.3010560593919746,8.254999999999981e-05,True,True,False,False,False
3.6576,0.0085,0.007134900000000001,0.0006000000000000001,13215,TRISO,Zircaloy,Zircaloy,Zircaloy,SS316,Light Water Reactor,mean,fixed_core_power,870.0,0.9,45.0,True,0.3,0.0,0.25,20128161.92140504,21024089.376612972,80512647.68562016,603844.8576421512,14980448.280175803,3157395.2571939565,1990318.3840352837,895927.4552079336,0.07313511420392664,78.98592334024077,1523.1299221645886,1590.9261730316287,19.28356164937814,20.141894982711474,58.435035301145874,61.03604540215598,18.0,0.35675143037949003,8.254999999999981e-05,True,True,False,False,False
3.6576,0.0085,0.006934900000000001,0.0007000000000000001,13215,TRISO,Zircaloy,Zircaloy,Zircaloy,SS316,Light Water Reactor,mean,fixed_core_power,870.0,0.9,45.0,True,0.3,0.0,0.25,19426332.975199275,20272736.513751484,77705331.9007971,582789.9892559783,14152378.476331474,2982864.854472728,2291089.644395073,846403.5385522114,0.06909244615152124,74.61984184364293,1470.0214131819353,1534.0701107643954,19.700141100033306,20.55847443336664,59.6973972728282,62.2984073738383,18.0,0.4109415210700454,8.254999999999981e-05,True,True,False,False,False
3.6576,0.0085,0.006734900000000001,0.0008,13215,TRISO,Zircaloy,Zircaloy,Zircaloy,SS316,Light Water Reactor,mean,fixed_core_power,870.0,0.9,45.0,True,0.3,0.0,0.25,18744652.881096624,19542940.452406913,74978611.5243865,562339.5864328986,13347850.437227068,2813296.29634691,2583506.147522646,798287.5713102898,0.0651647098835735,70.37788667425939,1418.437599780297,1478.8452858423695,20.154592114217156,21.01292544755049,61.074521558233805,63.67553165924391,18.0,0.4636263314636409,8.254999999999981e-05,True,True,False,False,False
3.6576,0.009000000000000001,0.008034900000000001,0.0004,13215,TRISO,Zircaloy,Zircaloy,Zircaloy,SS316,Light Water Reactor,mean,fixed_core_power,870.0,0.9,45.0,True,0.3,0.0,0.25,24449535.79638068,25585744.25053514,97798143.18552272,733486.0738914204,18998091.736131787,4004184.896307673,1447259.1639412183,1136208.4541544623,0.09274940127241423,100.16935337420739,1850.1351340431843,1936.1138290227123,18.47007165087257,19.3284049842059,55.969914093553236,58.57092419456333,18.0,0.2589082110770982,8.254999999999981e-05,True,True,False,False,False
3.6576,0.009000000000000001,0.007834900000000002,0.0005,13215,TRISO,Zircaloy,Zircaloy,Zircaloy,SS316,Light Water Reactor,mean,fixed_core_power,870.0,0.9,45.0,True,0.3,0.0,0.25,23657037.015710913,24737385.780847553,94628148.06284365,709711.1104713273,18064083.990957826,3807326.192907104,1785626.8318459834,1080348.765136639,0.08818954018994947,95.24470340514543,1790.165494945964,1871.9171987020472,18.795433561602685,19.65376689493602,56.95585927758389,59.556869378593994,18.0,0.3198720631039733,8.254999999999894e-05,True,True,False,False,False
3.6576,0.009000000000000001,0.007634900000000002,0.0006000000000000001,13215,TRISO,Zircaloy,Zircaloy,Zircaloy,SS316,Light Water Reactor,mean,fixed_core_power,870.0,0.9,45.0,True,0.3,0.0,0.25,22884687.08714424,23910584.112676855,91538748.34857696,686540.6126143272,17153618.010523774,3615429.334101943,2115639.7425185274,1025897.0255326154,0.08374461089194231,90.4441797632977,1731.720551429757,1809.3518057265876,19.146843455951053,20.005176789284384,58.02073774530622,60.62174784631631,18.0,0.3793306348338878,8.254999999999981e-05,True,True,False,False,False
3.6576,0.009000000000000001,0.007434900000000001,0.0007000000000000001,13215,TRISO,Zircaloy,Zircaloy,Zircaloy,SS316,Light Water Reactor,mean,fixed_core_power,870.0,0.9,45.0,True,0.3,0.0,0.25,22132486.010680694,23105339.246023085,88529944.04272278,663974.5803204208,16266693.794829644,3428494.319892191,2437297.8959588595,972853.2353423922,0.0794146133783928,85.76778244866422,1674.8003034945664,1748.4176500963363,19.527149422302106,20.385482755635437,59.17318006758214,61.77419016859223,18.0,0.43728392626684315,8.254999999999981e-05,True,True,False,False,False
3.6576,0.009000000000000001,0.007234900000000002,0.0008,13215,TRISO,Zircaloy,Zircaloy,Zircaloy,SS316,Light Water Reactor,mean,fixed_core_power,870.0,0.9,45.0,True,0.3,0.0,0.25,21400433.786320258,22321651.180886228,85601735.14528103,642013.0135896077,15403311.343875436,3246521.150277849,2750601.292166974,921217.3945659696,0.07519954764930095,81.21551146124503,1619.4047511403903,1689.1147318112924,19.93959924654478,20.797932579878115,60.423028019832664,63.02403812084277,18.0,0.49373193740283833,8.254999999999981e-05,True,True,False,False,False
3.6576,0.0095,0.0085349,0.0004,13215,TRISO,Zircaloy,Zircaloy,Zircaloy,SS316,Light Water Reactor,mean,fixed_core_power,870.0,0.9,45.0,True,0.3,0.0,0.25,27484952.780981254,28766970.236365654,109939811.12392502,824548.5834294376,21436106.319803856,4518039.724914013,1530806.7362633827,1282017.4553843983,0.10465188053557838,113.02403097842463,2079.8299493742907,2176.842242630772,18.401661411026062,19.259994744359396,55.762610336442606,58.36362043745271,18.0,0.2739610140466971,8.254999999999981e-05,True,True,False,False,False
3.6576,0.0095,0.0083349,0.0005,13215,TRISO,Zircaloy,Zircaloy,Zircaloy,SS316,Light Water Reactor,mean,fixed_core_power,870.0,0.9,45.0,True,0.3,0.0,0.25,26642081.870053686,27864719.76288576,106568327.48021474,799262.4561016106,20443244.162780084,4308776.41002492,1890061.2972486853,1222637.8928320734,0.09980468999196945,107.78906519132701,2016.0485713245316,2108.5675189470876,18.703646494623726,19.56197982795706,56.677716650374926,59.27872675138503,18.0,0.33868806681597124,8.255000000000068e-05,True,True,False,False,False
3.6576,0.0095,0.0081349,0.0006000000000000001,13215,TRISO,Zircaloy,Zircaloy,Zircaloy,SS316,Light Water Reactor,mean,fixed_core_power,870.0,0.9,45.0,True,0.3,0.0,0.25,25819359.81122925,26984026.090922803,103277439.244917,774580.7943368775,19473923.77049624,4104474.9397312365,2240961.1010017744,1164666.2796935495,0.09507243123281824,102.67822573144369,1953.791888855789,2041.9240326086117,19.02829811225954,19.886631445592876,57.66150943108952,60.262519532099624,18.0,0.4019098392882861,8.254999999999981e-05,True,True,False,False,False
3.6576,0.0095,0.0079349,0.0007000000000000001,13215,TRISO,Zircaloy,Zircaloy,Zircaloy,SS316,Light Water Reactor,mean,fixed_core_power,870.0,0.9,45.0,True,0.3,0.0,0.25,25016786.60450792,26124889.220476747,100067146.41803168,750503.5981352376,18528145.14295231,3905135.314032961,2583506.1475226474,1108102.6159688253,0.09045510425812461,97.69151259877458,1893.0599019680606,1976.911783615342,19.377936236313396,20.23626956964673,58.72101889791938,61.32202899892948,18.0,0.4636263314636411,8.254999999999981e-05,True,True,False,False,False
3.6576,0.0095,0.0077349,0.0008,13215,TRISO,Zircaloy,Zircaloy,Zircaloy,SS316,Light Water Reactor,mean,fixed_core_power,870.0,0.9,45.0,True,0.3,0.0,0.25,24234362.2498897,25287309.151547603,96937448.9995588,727030.8674966911,17605908.2801483,3710757.5329300957,2917696.436811304,1052946.9016579017,0.08595270906788864,92.82892579331975,1833.8526106613472,1913.5307719672799,19.755185089013672,20.613518422347006,59.86419723943537,62.465207340445474,18.0,0.5238375433420362,8.254999999999938e-05,True,True,False,False,False
3.6576,0.01,0.0090349,0.0004,13215,TRISO,Zircaloy,Zircaloy,Zircaloy,SS316,Light Water Reactor,mean,fixed_core_power,870.0,0.9,45.0,True,0.3,0.0,0.25,30698517.32392764,32135143.464378227,122794069.29571056,920955.5197178292,24021256.93310043,5062906.082241664,1614354.3085855476,1436626.140450587,0.1172726834516028,126.654498127731,2323.0054728662612,2431.717250425897,18.341278890257108,19.199612223590442,55.57963300077911,58.180643101789215,18.0,0.28901381701629597,8.254999999999981e-05,True,True,False,False,False
3.6576,0.01,0.0088349,0.0005,13215,TRISO,Zircaloy,Zircaloy,Zircaloy,SS316,Light Water Reactor,mean,fixed_core_power,870.0,0.9,45.0,True,0.3,0.0,0.25,29805274.2827423,31179000.98710606,119221097.1309692,894158.228482269,22969540.36422686,4841238.155864047,1994495.7626513918,1373726.7043637612,0.11213816344684979,121.10921652259778,2255.4123558639653,2359.364433379195,18.622962154520483,19.481295487853817,56.43321865006207,59.03422875107217,18.0,0.35750407052796995,8.255000000000068e-05,True,True,False,False,False
3.6576,0.01,0.008634900000000001,0.0006000000000000001,13215,TRISO,Zircaloy,Zircaloy,Zircaloy,SS316,Light Water Reactor,mean,fixed_core_power,870.0,0.9,45.0,True,0.3,0.0,0.25,28932180.093660075,30244415.31135081,115728720.3746403,867965.4028098022,21941365.560093217,4624532.07408184,2366282.459485022,1312235.2176907363,0.10711857522655445,115.68806124467883,2189.3439344426843,2288.6428536777003,18.924545116304166,19.7828784496375,57.34710641304292,59.94811651405303,18.0,0.4244890437426844,8.254999999999981e-05,True,True,False,False,False
3.6576,0.01,0.0084349,0.0007000000000000001,13215,TRISO,Zircaloy,Zircaloy,Zircaloy,SS316,Light Water Reactor,mean,fixed_core_power,870.0,0.9,45.0,True,0.3,0.0,0.25,28079234.756680958,29331386.43711247,112316939.02672383,842377.0427004287,20936732.520699482,4412787.836895041,2729714.399086434,1252151.680431511,0.10221391879071673,110.39103229397405,2124.8002086024185,2219.5525113214126,19.247942196464138,20.10627552979747,58.32709756504284,60.92810766605293,18.0,0.4899687366604389,8.254999999999981e-05,True,True,False,False,False
3.6576,0.01,0.0082349,0.0008,13215,TRISO,Zircaloy,Zircaloy,Zircaloy,SS316,Light Water Reactor,mean,fixed_core_power,870.0,0.9,45.0,True,0.3,0.0,0.25,27246438.27180495,28439914.364391036,108985753.0872198,817393.1481541485,19955641.246045668,4206005.44430365,3084791.581455632,1193476.092586086,0.09742419413933662,105.21812967048353,2061.781178343167,2152.093406310332,19.59530344057761,20.45363677391094,59.37970739568972,61.98071749669982,18.0,0.5539431492812338,8.254999999999981e-05,True,True,False,False,False
3.6576,0.0105,0.0095349,0.0004,13215,TRISO,Zircaloy,Zircaloy,Zircaloy,SS316,Light Water Reactor,mean,fixed_core_power,870.0,0.9,45.0,True,0.3,0.0,0.27177374735014054,34090229.42521985,35690263.934572875,125436064.95332162,1022706.8827565954,26753543.57602151,5638783.968290624,1697901.880907711,1600034.5093530286,0.13061181002048752,141.06075482212654,2579.6617045190956,2700.7388524080875,18.287593227272694,19.14592656060603,55.41694917355362,58.01795927456372,18.0,0.3040666199858947,8.254999999999981e-05,True,True,False,False,False
3.6576,0.0105,0.0093349,0.0005,13215,TRISO,Zircaloy,Zircaloy,Zircaloy,SS316,Light Water Reactor,mean,fixed_core_power,870.0,0.9,45.0,True,0.3,0.0,0.2604921002564812,33146614.253776714,34680229.453508414,127246139.9832873,994398.4276133014,25642972.595298138,5404711.430424483,2098930.228054096,1533615.1997317015,0.1251899605545904,135.20515739895762,2508.2568485642614,2624.3079419983665,18.55148795221623,19.40982128554956,56.216630158231,58.817640259241095,18.0,0.37632007423996827,8.255000000000068e-05,True,True,False,False,False
3.6576,0.0105,0.009134900000000001,0.0006000000000000001,13215,TRISO,Zircaloy,Zircaloy,Zircaloy,SS316,Light Water Reactor,mean,fixed_core_power,870.0,0.9,45.0,True,0.3,0.0,0.25,32223147.934436716,33691751.77396089,128892591.73774686,966694.4380331015,24555943.379314695,5175600.737153753,2491603.817968266,1468603.8395241755,0.11988304287315095,129.47368630300303,2438.376688190444,2549.5082689338547,18.83299037677811,19.69132371011144,57.069667808418515,59.670677909428605,18.0,0.44706824819708235,8.254999999999981e-05,True,True,False,False,False
3.6576,0.0105,0.0089349,0.0007000000000000001,13215,TRISO,Zircaloy,Zircaloy,Zircaloy,SS316,Light Water Reactor,mean,fixed_core_power,870.0,0.9,45.0,True,0.3,0.0,0.25,31319830.467199817,32724830.895930268,125279321.86879927,939594.9140159945,23492455.928071164,4951451.888478431,2875922.6506502237,1405000.4287304496,0.11469105697616913,123.86634153426265,2370.0212233976404,2476.3398332145493,19.13369842074547,19.992031754078806,57.98090430528931,60.58191440629941,18.0,0.5163111418572371,8.254999999999981e-05,True,True,False,False,False
3.6576,0.0105,0.0087349,0.0008,13215,TRISO,Zircaloy,Zircaloy,Zircaloy,SS316,Light Water Reactor,mean,fixed_core_power,870.0,0.9,45.0,True,0.3,0.0,0.25,30436661.852066025,31779466.81941655,121746647.4082641,913099.8555619807,22452510.24156755,4732264.884398517,3251886.726099961,1342804.9673505237,0.10961400286364492,118.38312309273653,2303.190454185851,2404.80263484045,19.455395279457406,20.31372861279074,58.955743271083044,61.55675337209315,18.0,0.5840487552204314,8.254999999999981e-05,True,True,False,False,False
3.6576,0.011,0.0100349,0.0004,13215,TRISO,Zircaloy,Zircaloy,Zircaloy,SS316,Light Water Reactor,mean,fixed_core_power,870.0,0.9,45.0,True,0.3,0.0,0.3010241338531101,37660089.08485785,39432331.646949574,125106544.12590964,1129802.6725457355,29632966.248567086,6245673.38306089,1781449.453229876,1772242.5620917217,0.14466926024223248,156.2428010616111,2849.7986443327923,2983.907048577342,18.23955167834602,19.097885011679356,55.27136872226067,57.87237882327077,18.0,0.31911942295549356,8.254999999999981e-05,True,True,False,False,False
3.6576,0.011,0.0098349,0.0005,13215,TRISO,Zircaloy,Zircaloy,Zircaloy,SS316,Light Water Reactor,mean,fixed_core_power,870.0,0.9,45.0,True,0.3,0.0,0.2891446188915529,36666101.783156954,38368405.16209285,126808867.90740867,1099983.0534947086,28463540.85599392,5999196.2337062275,2203364.6934568034,1702303.3789358942,0.13896008131519128,150.07688782040657,2774.582049425422,2903.3980448046045,18.48773711742809,19.346070450761424,56.02344581038815,58.62445591139825,18.0,0.39513607795196715,8.254999999999894e-05,True,True,False,False,False
3.6576,0.011,0.0096349,0.0006000000000000001,13215,TRISO,Zircaloy,Zircaloy,Zircaloy,SS316,Light Water Reactor,mean,fixed_core_power,870.0,0.9,45.0,True,0.3,0.0,0.2775042510771548,35692263.33355914,37326035.47875301,128618798.43287727,1070767.900006774,27317657.22816066,5757680.928946971,2616925.1764515107,1633772.1451938665,0.13336583417260767,144.0351009064163,2700.8901500990646,2824.520278377072,18.75161077475073,19.609944108084065,56.82306295379009,59.424073054800196,18.0,0.46964745265148017,8.254999999999981e-05,True,True,False,False,False
3.6576,0.011,0.0094349,0.0007000000000000001,13215,TRISO,Zircaloy,Zircaloy,Zircaloy,SS316,Light Water Reactor,mean,fixed_core_power,870.0,0.9,45.0,True,0.3,0.0,0.26610303040991595,34738573.73606446,36305222.596930094,130545577.33728828,1042157.2120819336,26195315.365067326,5521127.468783125,3022130.902214007,1566648.8608656393,0.1278865188144817,138.11744031964028,2628.7229463537237,2747.273749294748,19.032520008118915,19.890853341452246,57.6743030549058,60.275313155915896,18.0,0.5426535470540343,8.254999999999981e-05,True,True,False,False,False
3.6576,0.011,0.009234899999999999,0.0008,13215,TRISO,Zircaloy,Zircaloy,Zircaloy,SS316,Light Water Reactor,mean,fixed_core_power,870.0,0.9,45.0,True,0.3,0.0,0.25494095688983615,33805032.990672894,35305966.51662411,132599459.11821678,1014150.9897201868,25096515.266713917,5289535.8532146895,3418981.8707442875,1500933.525951213,0.12252213524081343,132.3239060600785,2558.080438189398,2671.658457557632,19.331959842751036,20.190293176084367,58.58169649318496,61.18270659419505,18.0,0.6141543611596287,8.254999999999981e-05,True,True,False,False,False
3.6576,0.0115,0.0105349,0.0004,13215,TRISO,Zircaloy,Zircaloy,Zircaloy,SS316,Light Water Reactor,mean,fixed_core_power,870.0,0.9,45.0,True,0.3,0.0,0.3317691900258245,41408096.302841686,43361346.60150836,124809950.8565534,1242242.8890852504,32659524.950737175,6883574.326552468,1864997.0255520383,1953250.2986666684,0.15944503411683777,172.2006368461848,3133.416292307354,3281.221838933663,18.19631070880547,19.054644042138804,55.140335481228696,57.7413455822388,18.0,0.33417222592509205,8.254999999999981e-05,True,True,False,False,False
3.6576,0.0115,0.010334900000000001,0.0005,13215,TRISO,Zircaloy,Zircaloy,Zircaloy,SS316,Light Water Reactor,mean,fixed_core_power,870.0,0.9,45.0,True,0.3,0.0,0.3192918071963694,40363736.87088299,42243528.11285933,126416450.28511071,1210912.1061264896,31431245.1463142,6624692.565709281,2307799.1588595067,1879791.2419763396,0.15344852572865245,165.72440778694462,3054.3879584474453,3196.6347417979064,18.430525709732315,19.28885904306565,55.85007790827974,58.45108800928984,18.0,0.4139520816639653,8.254999999999894e-05,True,True,False,False,False
3.6576,0.0115,0.0101349,0.0006000000000000001,13215,TRISO,Zircaloy,Zircaloy,Zircaloy,SS316,Light Water Reactor,mean,fixed_core_power,870.0,0.9,45.0,True,0.3,0.0,0.30705357151407336,39339526.2910274,41147266.42572721,128119422.60448296,1180185.7887308218,30226507.10663114,6370772.6494615,2742246.5349347563,1807740.1346998108,0.1475669491249247,159.37230505491868,2976.884320168551,3113.678882007356,18.67880570054336,19.537139033876695,56.60244151679806,59.20345161780816,18.0,0.49222665710587826,8.254999999999981e-05,True,True,False,False,False
3.6576,0.0115,0.0099349,0.0007000000000000001,13215,TRISO,Zircaloy,Zircaloy,Zircaloy,SS316,Light Water Reactor,mean,fixed_core_power,870.0,0.9,45.0,True,0.3,0.0,0.2950544829789366,38335464.56327493,40072561.54011201,129926731.41662323,1150063.9368982478,29045310.831688005,6121814.577809132,3168339.1537777935,1737096.9768370828,0.14180030430565466,153.144328650107,2900.9053774706717,3032.354259562014,18.942297132650918,19.800630465984252,57.40090040197248,60.00191050298258,18.0,0.5689959522508321,8.254999999999981e-05,True,True,False,False,False
3.6576,0.0115,0.0097349,0.0008,13215,TRISO,Zircaloy,Zircaloy,Zircaloy,SS316,Light Water Reactor,mean,fixed_core_power,870.0,0.9,45.0,True,0.3,0.0,0.2832945415909589,37351551.68762559,39019413.45601374,131847057.40485622,1120546.5506287676,27887656.321484797,5877818.350752172,3586077.0153886145,1667861.7683881551,0.13614859127084225,147.04047857250964,2826.4511303538093,2952.6608744618798,19.22226558151475,20.080598914848082,58.24928964095379,60.85029974196388,18.0,0.6442599670988262,8.254999999999981e-05,True,True,False,False,False
3.6576,0.012,0.0110349,0.0004,13215,TRISO,Zircaloy,Zircaloy,Zircaloy,SS316,Light Water Reactor,mean,fixed_core_power,870.0,0.9,45.0,True,0.3,0.0,0.3640089158682834,45334251.07917131,47477308.79824918,124541595.28217573,1360027.5323751392,35833219.68253175,7552486.798765353,1948544.5978742014,2143057.719077867,0.17493913164430328,188.93426217584755,3430.514648442778,3592.6832234770472,18.15718657344363,19.015519906776966,55.02177749528373,57.62278759629383,18.0,0.3492250288946906,8.254999999999981e-05,True,True,False,False,False
3.6576,0.012,0.010834900000000001,0.0005,13215,TRISO,Zircaloy,Zircaloy,Zircaloy,SS316,Light Water Reactor,mean,fixed_core_power,870.0,0.9,45.0,True,0.3,0.0,0.35093366517093044,44239519.51695484,46305598.30580787,126062341.42685327,1327185.585508645,34546085.46625898,7281200.426433641,2412233.624262212,2066078.788853037,0.16865529379497385,182.14771729857173,3347.674575630332,3504.018032978273,18.3788994189969,19.237232752330236,55.69363460302091,58.294644704031015,18.0,0.4327680853759638,8.254999999999894e-05,True,True,False,False,False
3.6576,0.012,0.010634900000000001,0.0006000000000000001,13215,TRISO,Zircaloy,Zircaloy,Zircaloy,SS316,Light Water Reactor,mean,fixed_core_power,870.0,0.9,45.0,True,0.3,0.0,0.3380975616207367,43164936.80684147,45155444.614883475,127670062.45156552,1294948.104205244,33282493.01472613,7014875.898697341,2867567.8934180024,1990507.8080420077,0.16248638773010204,175.48529874851022,3266.3591983989004,3416.984079824705,18.613292519050006,19.471625852383337,56.40391672439395,59.00492682540405,18.0,0.5148058615602764,8.254999999999981e-05,True,True,False,False,False
3.6576,0.012,0.0104349,0.0007000000000000001,13215,TRISO,Zircaloy,Zircaloy,Zircaloy,SS316,Light Water Reactor,mean,fixed_core_power,870.0,0.9,45.0,True,0.3,0.0,0.32550060521770197,42110502.94883122,44026847.725476004,129371504.3038608,1263315.0884649367,32042442.327933192,6753513.215556447,3314547.40534158,1916344.7766447787,0.1564324134496879,168.9470065256629,3186.5685167484844,3331.5813640163456,18.86134937977991,19.719682713113244,57.15560418115124,59.756614282161344,18.0,0.5953383574476299,8.254999999999981e-05,True,True,False,False,False
3.6576,0.012,0.0102349,0.0008,13215,TRISO,Zircaloy,Zircaloy,Zircaloy,SS316,Light Water Reactor,mean,fixed_core_power,870.0,0.9,45.0,True,0.3,0.0,0.3131427959618265,41076217.94292408,42919807.63758543,131174079.27829659,1232286.5382877225,30825933.40588018,6497112.377010964,3753172.160032942,1843589.69466135,0.15049337095373136,162.53284063002985,3108.3025306790832,3247.809885553192,19.124150655524737,19.98248398885807,57.95197168340829,60.55298178441839,18.0,0.6743655730380236,8.254999999999981e-05,True,True,False,False,False
3.6576,0.008,0.0070349,0.0004,13215,TRISO,Zircaloy,Zircaloy,Zircaloy,SS316,Light Water Reactor,high,fixed_core_power,870.0,0.9,45.0,True,0.3,0.0,0.25,31158768.33630492,32029757.83950827,124635073.34521969,934763.0500891476,23959258.178732853,5919346.138275175,1280164.019296891,870989.5032033472,0.07109941370466671,76.78736680104006,2357.8333966178525,2423.742553122079,30.70600666288138,31.564339996214713,93.04850503903448,95.64951514004458,18.0,0.22880260513790085,8.254999999999981e-05,True,True,False,False,False
3.6576,0.008,0.0068349000000000005,0.0005,13215,TRISO,Zircaloy,Zircaloy,Zircaloy,SS316,Light Water Reactor,high,fixed_core_power,870.0,0.9,45.0,True,0.3,0.0,0.25,29780632.81786248,30602802.379117005,119122531.27144992,893418.9845358744,22616314.791791152,5587560.125030755,1576757.9010405715,822169.5612545254,0.06711421154449015,72.48334846804936,2253.5476971519092,2315.7625712536515,31.090557276686418,31.94889061001975,94.21380992935278,96.81482003036287,18.0,0.2822400556799761,8.254999999999981e-05,True,True,False,False,False
3.6576,0.008,0.006634900000000001,0.0006000000000000001,13215,TRISO,Zircaloy,Zircaloy,Zircaloy,SS316,Light Water Reactor,high,fixed_core_power,870.0,0.9,45.0,True,0.3,0.0,0.25,28442441.13049295,29217198.699212454,113769764.5219718,853273.2339147885,21312101.40490545,5265342.700035464,1864997.0255520376,774757.568719504,0.06324394116877123,68.30345646227293,2152.284610706996,2210.9117441704466,31.510625115960263,32.368958449293594,95.48674277563715,98.08775287664724,18.0,0.3341722259250919,8.254999999999981e-05,True,True,False,False,False
3.6576,0.008,0.0064349,0.0007000000000000001,13215,TRISO,Zircaloy,Zircaloy,Zircaloy,SS316,Light Water Reactor,high,fixed_core_power,870.0,0.9,45.0,True,0.3,0.0,0.25,27144193.27419633,27872946.799794614,108576773.09678532,814325.7982258899,20046618.01807574,4952693.863289301,2144881.3928312873,728753.5255982828,0.05948860257750994,64.24769078371072,2054.0441372831124,2109.190071872464,31.970707619640894,32.829040952974225,96.88093218072997,99.48194228174007,18.0,0.3845991158732478,8.254999999999981e-05,True,True,False,False,False
3.6576,0.008,0.006234900000000001,0.0008,13215,TRISO,Zircaloy,Zircaloy,Zircaloy,SS316,Light Water Reactor,high,fixed_core_power,870.0,0.9,45.0,True,0.3,0.0,0.25,25885889.24897263,26570046.680863492,103543556.99589051,776576.6774691788,18819864.63130204,4649613.614792269,2416411.0028783195,684157.4318908624,0.055848195770706315,60.316051432362826,1958.8262768802595,2010.5975543597042,32.476036318074414,33.33436965140775,98.41223126689216,101.01324136790227,18.0,0.4335207255244436,8.254999999999981e-05,True,True,False,False,False
3.6576,0.0085,0.007534900000000001,0.0004,13215,TRISO,Zircaloy,Zircaloy,Zircaloy,SS316,Light Water Reactor,high,fixed_core_power,870.0,0.9,45.0,True,0.3,0.0,0.25,35640445.732927315,36639644.86968809,142561782.93170926,1069213.3719878194,27486060.396332096,6790673.744976165,1363711.5916190546,999199.1367607785,0.08156524566211033,88.09046531507916,2696.9690301117907,2772.580012840567,30.615901737666594,31.474235070999928,92.77545981111089,95.376469912121,18.0,0.24385540810749953,8.254999999999981e-05,True,True,False,False,False
3.6576,0.0085,0.007334900000000001,0.0005,13215,TRISO,Zircaloy,Zircaloy,Zircaloy,SS316,Light Water Reactor,high,fixed_core_power,870.0,0.9,45.0,True,0.3,0.0,0.25,34162450.63680261,35109309.95808006,136649802.54721043,1024873.5191040782,26046292.009250402,6434966.261108923,1681192.3664432766,946859.3212774559,0.07729271404078966,83.47613116405286,2585.1267980932735,2656.777144009085,30.968454839058243,31.826788172391574,93.84380254260073,96.44481264361083,18.0,0.3010560593919746,8.254999999999981e-05,True,True,False,False,False
3.6576,0.0085,0.007134900000000001,0.0006000000000000001,13215,TRISO,Zircaloy,Zircaloy,Zircaloy,SS316,Light Water Reactor,high,fixed_core_power,870.0,0.9,45.0,True,0.3,0.0,0.25,32724399.3717508,33620326.82695874,130897597.4870032,981731.981152524,24645253.622224707,6088827.36549081,1990318.3840352837,895927.4552079336,0.07313511420392664,78.98592334024077,2476.307179095785,2544.1034299628254,31.351246834563327,32.20958016789666,95.00377828655553,97.60478838756563,18.0,0.35675143037949003,8.254999999999981e-05,True,True,False,False,False
3.6576,0.0085,0.006934900000000001,0.0007000000000000001,13215,TRISO,Zircaloy,Zircaloy,Zircaloy,SS316,Light Water Reactor,high,fixed_core_power,870.0,0.9,45.0,True,0.3,0.0,0.25,31326291.937771905,32172695.476324115,125305167.75108762,939788.7581331572,23282945.235255007,5752257.058121825,2291089.644395073,846403.5385522114,0.06909244615152124,74.61984184364293,2370.5101731193267,2434.558870701787,31.767826285218494,32.626159618551824,96.26614025823785,98.86715035924794,18.0,0.4109415210700454,8.254999999999981e-05,True,True,False,False,False
3.6576,0.0085,0.006734900000000001,0.0008,13215,TRISO,Zircaloy,Zircaloy,Zircaloy,SS316,Light Water Reactor,high,fixed_core_power,870.0,0.9,45.0,True,0.3,0.0,0.25,29968128.33486592,30766415.90617621,119872513.33946368,899043.8500459776,21959366.848341305,5425255.339001969,2583506.147522646,798287.5713102898,0.0651647098835735,70.37788667425939,2267.7357801638987,2328.143466225971,32.22227729940234,33.08061063273567,97.64326454364345,100.24427464465354,18.0,0.4636263314636409,8.254999999999981e-05,True,True,False,False,False
3.6576,0.009000000000000001,0.008034900000000001,0.0004,13215,TRISO,Zircaloy,Zircaloy,Zircaloy,SS316,Light Water Reactor,high,fixed_core_power,870.0,0.9,45.0,True,0.3,0.0,0.25,40423989.30645676,41560197.76061122,161695957.22582704,1212719.6791937028,31254925.114281327,7721805.028234211,1447259.1639412183,1136208.4541544623,0.09274940127241423,100.16935337420739,3058.947355766686,3144.926050746214,30.53775683605775,31.396090169391083,92.53865707896287,95.13966717997297,18.0,0.2589082110770982,8.254999999999981e-05,True,True,False,False,False
3.6576,0.009000000000000001,0.007834900000000002,0.0005,13215,TRISO,Zircaloy,Zircaloy,Zircaloy,SS316,Light Water Reactor,high,fixed_core_power,870.0,0.9,45.0,True,0.3,0.0,0.25,38846134.63264978,39926483.397786416,155384538.53059912,1165384.0389794933,29718331.727059647,7342176.073744148,1785626.8318459834,1080348.765136639,0.08818954018994947,95.24470340514543,2939.5485911955943,3021.300294951677,30.86311874678787,31.7214520801212,93.52460226299354,96.12561236400363,18.0,0.3198720631039733,8.254999999999894e-05,True,True,False,False,False
3.6576,0.009000000000000001,0.007634900000000002,0.0006000000000000001,13215,TRISO,Zircaloy,Zircaloy,Zircaloy,SS316,Light Water Reactor,high,fixed_core_power,870.0,0.9,45.0,True,0.3,0.0,0.25,37308223.789915696,38334120.815448314,149232895.15966278,1119246.7136974707,28220468.339893952,6972115.707503212,2115639.7425185274,1025897.0255326154,0.08374461089194231,90.4441797632977,2823.172439645531,2900.803693942362,31.214528641136244,32.07286197446958,94.58948073071589,97.190490831726,18.0,0.3793306348338878,8.254999999999981e-05,True,True,False,False,False
3.6576,0.009000000000000001,0.007434900000000001,0.0007000000000000001,13215,TRISO,Zircaloy,Zircaloy,Zircaloy,SS316,Light Water Reactor,high,fixed_core_power,870.0,0.9,45.0,True,0.3,0.0,0.25,35810256.77825451,36783110.0135969,143241027.11301804,1074307.7033476352,26761334.95278425,6611623.929511404,2437297.8959588595,972853.2353423922,0.0794146133783928,85.76778244866422,2709.8189011164973,2783.436247718267,31.59483460748729,32.45316794082062,95.74192305299178,98.34293315400187,18.0,0.43728392626684315,8.254999999999981e-05,True,True,False,False,False
3.6576,0.009000000000000001,0.007234900000000002,0.0008,13215,TRISO,Zircaloy,Zircaloy,Zircaloy,SS316,Light Water Reactor,high,fixed_core_power,870.0,0.9,45.0,True,0.3,0.0,0.25,34352233.597666256,35273450.992232226,137408934.39066502,1030567.0079299876,25340931.565730557,6260700.739768726,2750601.292166974,921217.3945659696,0.07519954764930095,81.21551146124503,2599.4879756084947,2669.1979562793967,32.007284431729964,32.8656177650633,96.99177100524231,99.59278110625242,18.0,0.49373193740283833,8.254999999999981e-05,True,True,False,False,False
3.6576,0.0095,0.0085349,0.0004,13215,TRISO,Zircaloy,Zircaloy,Zircaloy,SS316,Light Water Reactor,high,fixed_core_power,870.0,0.9,45.0,True,0.3,0.0,0.25,45509399.05689323,46791416.512277626,182037596.22757292,1365281.971706797,35265852.33258054,8712739.98804931,1530806.7362633827,1282017.4553843983,0.10465188053557838,113.02403097842463,3443.768373582537,3540.780666839018,30.469346596211246,31.32767992954458,92.33135332185225,94.93236342286235,18.0,0.2739610140466971,8.254999999999981e-05,True,True,False,False,False
3.6576,0.0095,0.0083349,0.0005,13215,TRISO,Zircaloy,Zircaloy,Zircaloy,SS316,Light Water Reactor,high,fixed_core_power,870.0,0.9,45.0,True,0.3,0.0,0.25,43831684.805403955,45054322.698236026,175326739.22161582,1314950.5441621186,33632433.945218846,8309189.5629364215,1890061.2972486853,1222637.8928320734,0.09980468999196945,107.78906519132701,3316.813076458869,3409.3320240814246,30.771331679808913,31.629665013142244,93.24645963578457,95.84746973679468,18.0,0.33868806681597124,8.255000000000068e-05,True,True,False,False,False
3.6576,0.0095,0.0081349,0.0006000000000000001,13215,TRISO,Zircaloy,Zircaloy,Zircaloy,SS316,Light Water Reactor,high,fixed_core_power,870.0,0.9,45.0,True,0.3,0.0,0.25,42193914.384987615,43358580.66468117,168775657.53995046,1265817.4315496285,32037745.557913173,7915207.726072666,2240961.1010017744,1164666.2796935495,0.09507243123281824,102.67822573144369,3192.8803923562327,3281.0125361090554,31.095983297444732,31.954316630778067,94.23025241649918,96.83126251750929,18.0,0.4019098392882861,8.254999999999981e-05,True,True,False,False,False
3.6576,0.0095,0.0079349,0.0007000000000000001,13215,TRISO,Zircaloy,Zircaloy,Zircaloy,SS316,Light Water Reactor,high,fixed_core_power,870.0,0.9,45.0,True,0.3,0.0,0.25,40596087.795644164,41704190.41161299,162384351.18257666,1217882.6338693248,30481787.17066348,7530794.4774580365,2583506.1475226474,1108102.6159688253,0.09045510425812461,97.69151259877458,3071.9703212746244,3155.822202921906,31.445621421498583,32.30395475483191,95.28976188332904,97.89077198433912,18.0,0.4636263314636411,8.254999999999981e-05,True,True,False,False,False
3.6576,0.0095,0.0077349,0.0008,13215,TRISO,Zircaloy,Zircaloy,Zircaloy,SS316,Light Water Reactor,high,fixed_core_power,870.0,0.9,45.0,True,0.3,0.0,0.25,39038205.037373625,40091151.93903153,156152820.1494945,1171146.1511212087,28964558.783469785,7155949.817092535,2917696.436811304,1052946.9016579017,0.08595270906788864,92.82892579331975,2954.0828632140465,3033.7610245199794,31.822870274198856,32.68120360753219,96.43294022484501,99.03395032585512,18.0,0.5238375433420362,8.254999999999938e-05,True,True,False,False,False
3.6576,0.01,0.0090349,0.0004,13215,TRISO,Zircaloy,Zircaloy,Zircaloy,SS316,Light Water Reactor,high,fixed_core_power,870.0,0.9,45.0,True,0.3,0.0,0.25,50896674.98423675,52333301.12468734,203586699.936947,1526900.2495271023,39518842.05122974,9763478.624421464,1614354.3085855476,1436626.140450587,0.1172726834516028,126.654498127731,3851.4320835593453,3960.143861118981,30.408964075442295,31.267297408775626,92.14837598618877,94.74938608719886,18.0,0.28901381701629597,8.254999999999981e-05,True,True,False,False,False
3.6576,0.01,0.0088349,0.0005,13215,TRISO,Zircaloy,Zircaloy,Zircaloy,SS316,Light Water Reactor,high,fixed_core_power,870.0,0.9,45.0,True,0.3,0.0,0.25,49119101.15506521,50492827.85942897,196476404.62026083,1473573.0346519563,37788598.66372806,9336006.728685757,1994495.7626513918,1373726.7043637612,0.11213816344684979,121.10921652259778,3716.920253883103,3820.8723313983332,30.690647339705666,31.548980673039004,93.00196163547172,95.60297173648183,18.0,0.35750407052796995,8.255000000000068e-05,True,True,False,False,False
3.6576,0.01,0.008634900000000001,0.0006000000000000001,13215,TRISO,Zircaloy,Zircaloy,Zircaloy,SS316,Light Water Reactor,high,fixed_core_power,870.0,0.9,45.0,True,0.3,0.0,0.25,47381471.15696659,48693706.374657325,189525884.62786636,1421444.1347089976,36097085.276282385,8918103.421199178,2366282.459485022,1312235.2176907363,0.10711857522655445,115.68806124467883,3585.431037227892,3684.729956462908,30.992230301489357,31.85056363482269,93.9158493984526,96.5168594994627,18.0,0.4244890437426844,8.254999999999981e-05,True,True,False,False,False
3.6576,0.01,0.0084349,0.0007000000000000001,13215,TRISO,Zircaloy,Zircaloy,Zircaloy,SS316,Light Water Reactor,high,fixed_core_power,870.0,0.9,45.0,True,0.3,0.0,0.25,45683784.98994085,46935936.67037236,182735139.9597634,1370513.5496982255,34444301.888892695,8509768.701961726,2729714.399086434,1252151.680431511,0.10221391879071673,110.39103229397405,3456.9644335937082,3551.7167363127023,31.31562738164932,32.17396071498265,94.89584055045249,97.49685065146257,18.0,0.4899687366604389,8.254999999999981e-05,True,True,False,False,False
3.6576,0.01,0.0082349,0.0008,13215,TRISO,Zircaloy,Zircaloy,Zircaloy,SS316,Light Water Reactor,high,fixed_core_power,870.0,0.9,45.0,True,0.3,0.0,0.25,44026042.65398803,45219518.74657412,176104170.61595213,1320781.279619641,32830248.501559,8111002.5709734,3084791.581455632,1193476.092586086,0.09742419413933662,105.21812967048353,3331.520442980555,3421.83267094772,31.662988625762793,32.52132195909613,95.94845038109936,98.54946048210947,18.0,0.5539431492812338,8.254999999999981e-05,True,True,False,False,False
3.6576,0.0105,0.0095349,0.0004,13215,TRISO,Zircaloy,Zircaloy,Zircaloy,SS316,Light Water Reactor,high,fixed_core_power,870.0,0.9,45.0,True,0.3,0.0,0.27177374735014054,56585817.08848733,58185851.597840354,208209283.05332163,1697574.5126546198,44013894.27022894,10874020.93735068,1697901.880907711,1600034.5093530286,0.13061181002048752,141.06075482212654,4281.938485697111,4403.015633586103,30.355278412457874,31.21361174579121,91.98569215896325,94.58670225997335,18.0,0.3040666199858947,8.254999999999981e-05,True,True,False,False,False
3.6576,0.0105,0.0093349,0.0005,13215,TRISO,Zircaloy,Zircaloy,Zircaloy,SS316,Light Water Reactor,high,fixed_core_power,870.0,0.9,45.0,True,0.3,0.0,0.2604921002564812,54708383.68163351,56241998.88136521,210019358.08328736,1641251.5104490053,42186825.88258726,10422627.570992146,2098930.228054096,1533615.1997317015,0.1251899605545904,135.20515739895762,4139.870123468294,4255.9212169023995,30.619173137401418,31.477506470734752,92.78537314364065,95.38638324465076,18.0,0.37632007423996827,8.255000000000068e-05,True,True,False,False,False
3.6576,0.0105,0.009134900000000001,0.0006000000000000001,13215,TRISO,Zircaloy,Zircaloy,Zircaloy,SS316,Light Water Reactor,high,fixed_core_power,870.0,0.9,45.0,True,0.3,0.0,0.25,52870894.105852604,54339497.945376776,211483576.42341042,1586126.8231755781,40398487.49500159,9980802.792882746,2491603.817968266,1468603.8395241755,0.11988304287315095,129.47368630300303,4000.8243742605073,4111.955955003918,30.900675561963293,31.75900889529662,93.63841079382816,96.23942089483823,18.0,0.44706824819708235,8.254999999999981e-05,True,True,False,False,False
3.6576,0.0105,0.0089349,0.0007000000000000001,13215,TRISO,Zircaloy,Zircaloy,Zircaloy,SS316,Light Water Reactor,high,fixed_core_power,870.0,0.9,45.0,True,0.3,0.0,0.25,51073348.36114461,52478348.78987506,204293393.44457844,1532200.4508343383,38648879.10747191,9548546.603022473,2875922.6506502237,1405000.4287304496,0.11469105697616913,123.86634153426265,3864.8012380737505,3971.119847890659,31.20138360593066,32.05971693926399,94.54964729069896,97.15065739170906,18.0,0.5163111418572371,8.254999999999981e-05,True,True,False,False,False
3.6576,0.0105,0.0087349,0.0008,13215,TRISO,Zircaloy,Zircaloy,Zircaloy,SS316,Light Water Reactor,high,fixed_core_power,870.0,0.9,45.0,True,0.3,0.0,0.25,49315746.44750951,50658551.41486003,197262985.79003805,1479472.3934252854,36938000.719998226,9125859.001411326,3251886.726099961,1342804.9673505237,0.10961400286364492,118.38312309273653,3731.800714908022,3833.4128955626206,31.523080464642593,32.381413797975924,95.52448625649271,98.1254963575028,18.0,0.5840487552204314,8.254999999999981e-05,True,True,False,False,False
3.6576,0.011,0.0100349,0.0004,13215,TRISO,Zircaloy,Zircaloy,Zircaloy,SS316,Light Water Reactor,high,fixed_core_power,870.0,0.9,45.0,True,0.3,0.0,0.3010241338531101,62576825.369644925,64349067.93173665,207879762.22590965,1877304.7610893478,48751008.989578106,12044366.926836943,1781449.453229876,1772242.5620917217,0.14466926024223248,156.2428010616111,4735.287579995832,4869.395984240382,30.307236863531205,31.16557019686454,91.84011170767032,94.44112180868042,18.0,0.31911942295549356,8.254999999999981e-05,True,True,False,False,False
3.6576,0.011,0.0098349,0.0005,13215,TRISO,Zircaloy,Zircaloy,Zircaloy,SS316,Light Water Reactor,high,fixed_core_power,870.0,0.9,45.0,True,0.3,0.0,0.2891446188915529,60599532.38510885,62301835.76404475,209582086.0074087,1817985.9715532653,46827115.60179645,11569052.089855593,2203364.6934568034,1702303.3789358942,0.13896008131519128,150.07688782040657,4585.662685214442,4714.478680593625,30.555422302613277,31.413755635946615,92.59218879579781,95.19319889680791,18.0,0.39513607795196715,8.254999999999894e-05,True,True,False,False,False
3.6576,0.011,0.0096349,0.0006000000000000001,13215,TRISO,Zircaloy,Zircaloy,Zircaloy,SS316,Light Water Reactor,high,fixed_core_power,870.0,0.9,45.0,True,0.3,0.0,0.2775042510771548,58662183.231645636,60295955.3768395,211392016.53287727,1759865.496949369,44941952.21407076,11103305.841123365,2616925.1764515107,1633772.1451938665,0.13336583417260767,144.0351009064163,4439.0604034540775,4562.690531732085,30.819295959935914,31.677629293269252,93.39180593919974,95.99281604020985,18.0,0.46964745265148017,8.254999999999981e-05,True,True,False,False,False
3.6576,0.011,0.0094349,0.0007000000000000001,13215,TRISO,Zircaloy,Zircaloy,Zircaloy,SS316,Light Water Reactor,high,fixed_core_power,870.0,0.9,45.0,True,0.3,0.0,0.26610303040991595,56764777.909255356,58331426.77012099,213318795.43728825,1702943.3372776606,43095518.826401085,10647128.180640267,3022130.902214007,1566648.8608656393,0.1278865188144817,138.11744031964028,4295.480734714745,4414.031537655769,31.100205193304095,31.958538526637426,94.24304604031543,96.84405614132552,18.0,0.5426535470540343,8.254999999999981e-05,True,True,False,False,False
3.6576,0.011,0.009234899999999999,0.0008,13215,TRISO,Zircaloy,Zircaloy,Zircaloy,SS316,Light Water Reactor,high,fixed_core_power,870.0,0.9,45.0,True,0.3,0.0,0.25494095688983615,54907316.41793801,56408249.94388922,215372677.2182168,1647219.4925381402,41287815.438787416,10200519.108406302,3418981.8707442875,1500933.525951213,0.12252213524081343,132.3239060600785,4154.923678996444,4268.501698364678,31.399645027936224,32.25797836126956,95.1504394785946,97.75144957960471,18.0,0.6141543611596287,8.254999999999981e-05,True,True,False,False,False
3.6576,0.0115,0.0105349,0.0004,13215,TRISO,Zircaloy,Zircaloy,Zircaloy,SS316,Light Water Reactor,high,fixed_core_power,870.0,0.9,45.0,True,0.3,0.0,0.3317691900258245,68869699.8277096,70822950.12637627,207583168.9565534,2066090.994831288,53730186.20927729,13274516.592880271,1864997.0255520383,1953250.2986666684,0.15944503411683777,172.2006368461848,5211.479366455513,5359.284913081821,30.263995893990653,31.122329227323988,91.70907846663835,94.31008856764845,18.0,0.33417222592509205,8.254999999999981e-05,True,True,False,False,False
3.6576,0.0115,0.010334900000000001,0.0005,13215,TRISO,Zircaloy,Zircaloy,Zircaloy,SS316,Light Water Reactor,high,fixed_core_power,870.0,0.9,45.0,True,0.3,0.0,0.3192918071963694,66792547.26549122,68672338.50746755,209189668.3851107,2003776.4179647365,51709467.82135562,12775280.285276094,2307799.1588595067,1879791.2419763396,0.15344852572865245,165.72440778694462,5054.297939121545,5196.544722472006,30.4982108949175,31.356544228250833,92.41882089368939,95.01983099469949,18.0,0.4139520816639653,8.254999999999894e-05,True,True,False,False,False
3.6576,0.0115,0.0101349,0.0006000000000000001,13215,TRISO,Zircaloy,Zircaloy,Zircaloy,SS316,Light Water Reactor,high,fixed_core_power,870.0,0.9,45.0,True,0.3,0.0,0.30705357151407336,64755338.534345746,66563078.66904556,210892640.70448297,1942660.1560303723,49727479.43348994,12285612.565921044,2742246.5349347563,1807740.1346998108,0.1475669491249247,159.37230505491868,4900.139124808607,5036.933686647413,30.74649088572855,31.604824219061886,93.17118450220772,95.77219460321783,18.0,0.49222665710587826,8.254999999999981e-05,True,True,False,False,False
3.6576,0.0115,0.0099349,0.0007000000000000001,13215,TRISO,Zircaloy,Zircaloy,Zircaloy,SS316,Light Water Reactor,high,fixed_core_power,870.0,0.9,45.0,True,0.3,0.0,0.2950544829789366,62758073.63427319,64495170.61111027,212699949.51662323,1882742.2090281956,47784221.04568027,11805513.434815126,3168339.1537777935,1737096.9768370828,0.14180030430565466,153.144328650107,4749.002923516699,4880.4518056080415,31.0099823178361,31.86831565116944,93.96964338738212,96.57065348839224,18.0,0.5689959522508321,8.254999999999981e-05,True,True,False,False,False
3.6576,0.0115,0.0097349,0.0008,13215,TRISO,Zircaloy,Zircaloy,Zircaloy,SS316,Light Water Reactor,high,fixed_core_power,870.0,0.9,45.0,True,0.3,0.0,0.2832945415909589,60800752.565273546,62468614.3336617,214620275.5048562,1824022.5769582062,45879692.6579266,11334982.891958337,3586077.0153886145,1667861.7683881551,0.13614859127084225,147.04047857250964,4600.889335245823,4727.099079353893,31.28995076669993,32.14828410003326,94.81803262636342,97.41904272737351,18.0,0.6442599670988262,8.254999999999981e-05,True,True,False,False,False
3.6576,0.012,0.0110349,0.0004,13215,TRISO,Zircaloy,Zircaloy,Zircaloy,SS316,Light Water Reactor,high,fixed_core_power,870.0,0.9,45.0,True,0.3,0.0,0.3640089158682834,75464440.46268128,77607498.18175915,207314813.38217574,2263933.2138804384,58951425.92932643,14564469.935480649,1948544.5978742014,2143057.719077867,0.17493913164430328,188.93426217584755,5710.513845076147,5872.682420110416,30.224871758628815,31.08320509196215,91.59052048069337,94.19153058170347,18.0,0.3492250288946906,8.254999999999981e-05,True,True,False,False,False
3.6576,0.012,0.010834900000000001,0.0005,13215,TRISO,Zircaloy,Zircaloy,Zircaloy,SS316,Light Water Reactor,high,fixed_core_power,870.0,0.9,45.0,True,0.3,0.0,0.35093366517093044,73287428.32278064,75353507.11163367,208835559.52685326,2198622.849683419,56833882.54126477,14041312.15725365,2412233.624262212,2066078.788853037,0.16865529379497385,182.14771729857173,5545.775885189606,5702.119342537546,30.44658460418209,31.30491793751542,92.26237758843057,94.86338768944066,18.0,0.4327680853759638,8.254999999999894e-05,True,True,False,False,False
3.6576,0.012,0.010634900000000001,0.0006000000000000001,13215,TRISO,Zircaloy,Zircaloy,Zircaloy,SS316,Light Water Reactor,high,fixed_core_power,870.0,0.9,45.0,True,0.3,0.0,0.3380975616207367,71150360.0139529,73140867.8219949,210443280.5515655,2134510.800418587,54755069.15325911,13527722.967275782,2867567.8934180024,1990507.8080420077,0.16248638773010204,175.48529874851022,5384.060538324094,5534.685419749898,30.68097770423519,31.53931103756852,92.9726597098036,95.5736698108137,18.0,0.5148058615602764,8.254999999999981e-05,True,True,False,False,False
3.6576,0.012,0.0104349,0.0007000000000000001,13215,TRISO,Zircaloy,Zircaloy,Zircaloy,SS316,Light Water Reactor,high,fixed_core_power,870.0,0.9,45.0,True,0.3,0.0,0.32550060521770197,69053235.53619806,70969580.31284285,212144722.40386078,2071597.0660859419,52714985.765309446,13023702.365547039,3314547.40534158,1916344.7766447787,0.1564324134496879,168.9470065256629,5225.367804479612,5370.380651747472,30.929034564965093,31.787367898298427,93.72434716656089,96.325357267571,18.0,0.5953383574476299,8.254999999999981e-05,True,True,False,False,False
3.6576,0.012,0.0102349,0.0008,13215,TRISO,Zircaloy,Zircaloy,Zircaloy,SS316,Light Water Reactor,high,fixed_core_power,870.0,0.9,45.0,True,0.3,0.0,0.3131427959618265,66996054.889516145,68839644.5841775,213947297.37829658,2009881.6466854843,50713632.377415776,12529250.352067428,3753172.160032942,1843589.69466135,0.15049337095373136,162.53284063002985,5069.697683656159,5209.205038530268,31.19183584070992,32.050169174043255,94.52071466881793,97.12172476982803,18.0,0.6743655730380236,8.254999999999981e-05,True,True,False,False,False
3.6576,0.008,0.0070349,0.0004,13215,TRISO,SS316,Zircaloy,Zircaloy,SS316,Light Water Reactor,low,fixed_core_power,870.0,0.9,45.0,True,0.3,0.0,0.25,9517315.254777553,10388304.7579809,38069261.01911021,285519.45764332655,7704545.7672788,657705.1264750195,1155064.361023733,870989.5032033472,0.07109941370466671,76.78736680104006,720.1903333165004,786.0994898207265,9.379021098386533,10.237354431719867,28.421276055716763,31.022286156726867,18.0,0.2794535635272071,8.254999999999981e-05,True,True,False,False,False
3.6576,0.008,0.0068349000000000005,0.0005,13215,TRISO,SS316,Zircaloy,Zircaloy,SS316,Light Water Reactor,low,fixed_core_power,870.0,0.9,45.0,True,0.3,0.0,0.25,9315978.207855983,10138147.769110508,37263912.83142393,279479.34623567946,7272697.305595586,620840.0138923061,1422440.8883680904,822169.5612545254,0.06711421154449015,72.48334846804936,704.9548397923559,767.1697138940982,9.725748805646028,10.58408213897936,29.471966077715233,32.072976178725334,18.0,0.3447206786931006,8.254999999999981e-05,True,True,False,False,False
3.6576,0.008,0.006634900000000001,0.0006000000000000001,13215,TRISO,SS316,Zircaloy,Zircaloy,SS316,Light Water Reactor,low,fixed_core_power,870.0,0.9,45.0,True,0.3,0.0,0.25,9120626.957201095,9895384.5259206,36482507.82880438,273618.8087160328,6853303.196871556,585038.0777817182,1682285.68254782,774757.568719504,0.06324394116877123,68.30345646227293,690.172300961112,748.799434424563,10.104500368035184,10.962833701368517,30.619698084955104,33.2207081859652,18.0,0.4081492835726313,8.254999999999981e-05,True,True,False,False,False
3.6576,0.008,0.0064349,0.0007000000000000001,13215,TRISO,SS316,Zircaloy,Zircaloy,SS316,Light Water Reactor,low,fixed_core_power,870.0,0.9,45.0,True,0.3,0.0,0.25,8931261.502812885,9660015.028411167,35725046.01125154,267937.8450843865,6446363.44110671,550299.3181432557,1934598.74356292,728753.5255982828,0.05948860257750994,64.24769078371072,675.8427168227685,730.98865141212,10.519330867439065,11.377664200772395,31.8767602043608,34.477770305370896,18.0,0.46973937816579886,8.254999999999981e-05,True,True,False,False,False
3.6576,0.008,0.006234900000000001,0.0008,13215,TRISO,SS316,Zircaloy,Zircaloy,SS316,Light Water Reactor,low,fixed_core_power,870.0,0.9,45.0,True,0.3,0.0,0.25,8747881.844691355,9432039.276582217,34991527.37876542,262436.4553407406,6051878.038301048,516623.7349769187,2179380.0714133885,684157.4318908624,0.055848195770706315,60.316051432362826,661.9660873773254,713.7373648567701,10.974957273515168,11.833290606848502,33.257446283379295,35.8584563843894,18.0,0.5294909624726029,8.254999999999981e-05,True,True,False,False,False
3.6576,0.0085,0.007534900000000001,0.0004,13215,TRISO,SS316,Zircaloy,Zircaloy,SS316,Light Water Reactor,low,fixed_core_power,870.0,0.9,45.0,True,0.3,0.0,0.25,10823555.713350644,11822754.850111423,43294222.85340258,324706.6714005193,8838654.715683263,754519.3049973516,1230381.692670031,999199.1367607785,0.08156524566211033,88.09046531507916,819.0356196254744,894.6466023542507,9.297664811917771,10.155998145251106,28.174741854296276,30.77575195530638,18.0,0.2978386663908391,8.254999999999981e-05,True,True,False,False,False
3.6576,0.0085,0.007334900000000001,0.0005,13215,TRISO,SS316,Zircaloy,Zircaloy,SS316,Light Water Reactor,low,fixed_core_power,870.0,0.9,45.0,True,0.3,0.0,0.25,10607254.175762378,11554113.497039834,42429016.70304951,318217.62527287134,8375670.37160209,714996.2512343248,1516587.552925964,946859.3212774559,0.07729271404078966,83.47613116405286,802.6677393690788,874.3180852848909,9.6155359403471,10.473869273680434,29.13798769802151,31.738997799031615,18.0,0.36770205727264077,8.254999999999981e-05,True,True,False,False,False
3.6576,0.0085,0.007134900000000001,0.0006000000000000001,13215,TRISO,SS316,Zircaloy,Zircaloy,SS316,Light Water Reactor,low,fixed_core_power,870.0,0.9,45.0,True,0.3,0.0,0.25,10396938.434440793,11292865.889648726,41587753.737763174,311908.1530332238,7925140.380480102,676536.3739434234,1795261.6800172676,895927.4552079336,0.07313511420392664,78.98592334024077,786.7528138055841,854.549064672624,9.960671225131566,10.819004558464899,30.18385219736838,32.78486229837848,18.0,0.4357269378680794,8.254999999999981e-05,True,True,False,False,False
3.6576,0.0085,0.006934900000000001,0.0007000000000000001,13215,TRISO,SS316,Zircaloy,Zircaloy,SS316,Light Water Reactor,low,fixed_core_power,870.0,0.9,45.0,True,0.3,0.0,0.25,10192608.489385884,11039012.027938096,40770433.95754354,305778.2546815765,7487064.742317296,639139.6731246472,2066404.073943941,846403.5385522114,0.06909244615152124,74.61984184364293,771.2908429349893,835.3395405174496,10.336270137789064,11.194603471122399,31.322030720572922,33.92304082158302,18.0,0.5019133081771547,8.254999999999981e-05,True,True,False,False,False
3.6576,0.0085,0.006734900000000001,0.0008,13215,TRISO,SS316,Zircaloy,Zircaloy,SS316,Light Water Reactor,low,fixed_core_power,870.0,0.9,45.0,True,0.3,0.0,0.25,9994264.340597656,10792551.911907945,39977057.36239062,299827.93021792965,7061443.457113675,602806.1487779967,2330014.7347059846,798287.5713102898,0.0651647098835735,70.37788667425939,756.2818267572952,816.6895128193678,10.746015012609128,11.60434834594246,32.5636818563913,35.164691957401395,18.0,0.5662611681998668,8.254999999999981e-05,True,True,False,False,False
3.6576,0.009000000000000001,0.008034900000000001,0.0004,13215,TRISO,SS316,Zircaloy,Zircaloy,SS316,Light Water Reactor,low,fixed_core_power,870.0,0.9,45.0,True,0.3,0.0,0.25,12214280.73086942,13350489.185023881,48857122.92347768,366428.4219260826,10050603.370082622,857978.3364704679,1305699.0243163293,1136208.4541544623,0.09274940127241423,100.16935337420739,924.2739864449051,1010.2526814244329,9.22711343650239,10.085446769835722,27.960949807583003,30.561959908593096,18.0,0.31622376925447115,8.254999999999981e-05,True,True,False,False,False
3.6576,0.009000000000000001,0.007834900000000002,0.0005,13215,TRISO,SS316,Zircaloy,Zircaloy,SS316,Light Water Reactor,low,fixed_core_power,870.0,0.9,45.0,True,0.3,0.0,0.25,11983014.702614458,13063363.467751097,47932058.81045783,359490.4410784337,9556483.143603494,815797.3415271275,1610734.2174838379,1080348.765136639,0.08818954018994947,95.24470340514543,906.7737194562586,988.5254232123418,9.52046346975418,10.378796803087514,28.84988930228539,31.450899403295494,18.0,0.3906834358521811,8.254999999999894e-05,True,True,False,False,False
3.6576,0.009000000000000001,0.007634900000000002,0.0006000000000000001,13215,TRISO,SS316,Zircaloy,Zircaloy,SS316,Light Water Reactor,low,fixed_core_power,870.0,0.9,45.0,True,0.3,0.0,0.25,11757734.470626172,12783631.496158786,47030937.88250469,352732.0341187851,9074817.270083545,774679.5230559123,1908237.6774867135,1025897.0255326154,0.08374461089194231,90.4441797632977,889.7264071605124,967.3576614573428,9.837298646402937,10.69563197973627,29.809995898190717,32.41100599920082,18.0,0.4633045921635271,8.254999999999981e-05,True,True,False,False,False
3.6576,0.009000000000000001,0.007434900000000001,0.0007000000000000001,13215,TRISO,SS316,Zircaloy,Zircaloy,SS316,Light Water Reactor,low,fixed_core_power,870.0,0.9,45.0,True,0.3,0.0,0.25,11538440.034904566,12511293.270246958,46153760.13961826,346153.201047137,8605605.74952278,734624.8810568226,2198209.4043249628,972853.2353423922,0.0794146133783928,85.76778244866422,873.1320495576667,946.7493961594369,10.180186832745438,11.03852016607877,30.849051008319506,33.4500611093296,18.0,0.5340872381885108,8.254999999999981e-05,True,True,False,False,False
3.6576,0.009000000000000001,0.007234900000000002,0.0008,13215,TRISO,SS316,Zircaloy,Zircaloy,SS316,Light Water Reactor,low,fixed_core_power,870.0,0.9,45.0,True,0.3,0.0,0.25,11325131.395449638,12246348.790015608,45300525.58179855,339753.94186348916,8148848.581921198,695633.4155298584,2480649.3979985807,921217.3945659696,0.07519954764930095,81.21551146124503,856.9906466477214,926.7006273186233,10.552056266451835,11.410389599785168,31.975928080157075,34.57693818116717,18.0,0.6030313739271308,8.254999999999981e-05,True,True,False,False,False
3.6576,0.0095,0.0085349,0.0004,13215,TRISO,SS316,Zircaloy,Zircaloy,SS316,Light Water Reactor,low,fixed_core_power,870.0,0.9,45.0,True,0.3,0.0,0.25,13689490.307333875,14971507.762718273,54757961.2293355,410684.70922001626,11340391.730476879,968082.2208943677,1381016.355962628,1282017.4553843983,0.10465188053557838,113.02403097842463,1035.9054337747918,1132.917727031273,9.165355586835668,10.023688920169002,27.77380480859293,30.374814909603035,18.0,0.33460887211810336,8.254999999999981e-05,True,True,False,False,False
3.6576,0.0095,0.0083349,0.0005,13215,TRISO,SS316,Zircaloy,Zircaloy,SS316,Light Water Reactor,low,fixed_core_power,870.0,0.9,45.0,True,0.3,0.0,0.25,13443259.78841221,14665897.681244284,53773039.15364884,403297.79365236626,10815135.621599786,923243.2847707134,1704880.8820417086,1222637.8928320734,0.09980468999196945,107.78906519132701,1017.272780053894,1109.7917276764497,9.437625034118456,10.295958367451789,28.598863739752897,31.199873840762994,18.0,0.41366481443172065,8.255000000000068e-05,True,True,False,False,False
3.6576,0.0095,0.0081349,0.0006000000000000001,13215,TRISO,SS316,Zircaloy,Zircaloy,SS316,Light Water Reactor,low,fixed_core_power,870.0,0.9,45.0,True,0.3,0.0,0.25,13203015.06575723,14367681.34545078,52812060.26302892,396090.4519727169,10302333.865681883,879467.5251191851,2021213.6749561618,1164666.2796935495,0.09507243123281824,102.67822573144369,999.093081025897,1087.2252247787196,9.730330592574113,10.588663925907447,29.485850280527615,32.08686038153772,18.0,0.4908822464589754,8.254999999999981e-05,True,True,False,False,False
3.6576,0.0095,0.0079349,0.0007000000000000001,13215,TRISO,SS316,Zircaloy,Zircaloy,SS316,Light Water Reactor,low,fixed_core_power,870.0,0.9,45.0,True,0.3,0.0,0.25,12968756.139368925,14076858.75533775,51875024.5574757,389062.68418106774,9801986.462723158,836754.9419397818,2330014.734705985,1108102.6159688253,0.09045510425812461,97.69151259877458,981.3663366908003,1065.2182183380817,10.045563944959435,10.903897278292767,30.441102863513436,33.04211296452353,18.0,0.5662611681998669,8.254999999999981e-05,True,True,False,False,False
3.6576,0.0095,0.0077349,0.0008,13215,TRISO,SS316,Zircaloy,Zircaloy,SS316,Light Water Reactor,low,fixed_core_power,870.0,0.9,45.0,True,0.3,0.0,0.25,12740483.009247301,13793429.910905203,50961932.036989205,382214.49027741904,9314093.412723618,795105.5352325039,2631284.061291179,1052946.9016579017,0.08595270906788864,92.82892579331975,964.0925470486039,1043.7707083545367,10.385691085073214,11.244024418406548,31.471791166888526,34.072801267898626,18.0,0.6398015796543954,8.254999999999938e-05,True,True,False,False,False
3.6576,0.01,0.0090349,0.0004,13215,TRISO,SS316,Zircaloy,Zircaloy,SS316,Light Water Reactor,low,fixed_core_power,870.0,0.9,45.0,True,0.3,0.0,0.25,15249184.442744013,16685810.5831946,60996737.77097605,457475.53328232036,12708019.796866033,1084830.9582690517,1456333.687608927,1436626.140450587,0.1172726834516028,126.654498127731,1153.9299616151352,1262.6417391747711,9.110848636827706,9.96918197016104,27.608632232811228,30.209642333821332,18.0,0.35299397498173557,8.254999999999981e-05,True,True,False,False,False
3.6576,0.01,0.0088349,0.0005,13215,TRISO,SS316,Zircaloy,Zircaloy,SS316,Light Water Reactor,low,fixed_core_power,870.0,0.9,45.0,True,0.3,0.0,0.25,14987989.433155652,16361716.137519414,59951957.73262261,449639.68299466954,12151627.805590985,1037334.080965084,1799027.5465995825,1373726.7043637612,0.11213816344684979,121.10921652259778,1134.1649211619865,1238.1169986772163,9.364810984062164,10.223144317395498,28.378215103218675,30.97922520422878,18.0,0.436646193011261,8.255000000000068e-05,True,True,False,False,False
3.6576,0.01,0.008634900000000001,0.0006000000000000001,13215,TRISO,SS316,Zircaloy,Zircaloy,SS316,Light Water Reactor,low,fixed_core_power,870.0,0.9,45.0,True,0.3,0.0,0.25,14732780.21983397,16045015.437524706,58931120.87933588,441983.4065950191,11607690.16727512,990900.380133242,2134189.67242561,1312235.2176907363,0.10711857522655445,115.68806124467883,1114.8528354017383,1214.151754636754,9.636714656699434,10.495047990032765,29.20216562636192,31.80317572737201,18.0,0.5184599007544237,8.254999999999981e-05,True,True,False,False,False
3.6576,0.01,0.0084349,0.0007000000000000001,13215,TRISO,SS316,Zircaloy,Zircaloy,SS316,Light Water Reactor,low,fixed_core_power,870.0,0.9,45.0,True,0.3,0.0,0.25,14483556.802778969,15735708.48321048,57934227.211115874,434506.70408336906,11076206.881918436,945529.8557735251,2461820.065087007,1252151.680431511,0.10221391879071673,110.39103229397405,1095.9937043343903,1190.7460070533848,9.928285672840996,10.78661900617433,30.08571416012423,32.68672426113433,18.0,0.598435098211223,8.254999999999981e-05,True,True,False,False,False
3.6576,0.01,0.0082349,0.0008,13215,TRISO,SS316,Zircaloy,Zircaloy,SS316,Light Water Reactor,low,fixed_core_power,870.0,0.9,45.0,True,0.3,0.0,0.25,14240319.181990642,15433795.274576727,56961276.72796257,427209.5754597192,10557177.949520933,901222.5078859333,2781918.724583776,1193476.092586086,0.09742419413933662,105.21812967048353,1077.5875279599427,1167.8997559271077,10.241462486880096,11.099795820213428,31.03473480872756,33.63574490973766,18.0,0.6765717853816596,8.254999999999981e-05,True,True,False,False,False
3.6576,0.0105,0.0095349,0.0004,13215,TRISO,SS316,Zircaloy,Zircaloy,SS316,Light Water Reactor,low,fixed_core_power,870.0,0.9,45.0,True,0.3,0.0,0.27177374735014054,16893363.137099836,18493397.646452866,62159657.8102712,506800.89411299507,14153487.56925009,1208224.54859452,1531651.0192552248,1600034.5093530286,0.13061181002048752,141.06075482212654,1278.3475699659355,1399.4247178549274,9.06238997216408,9.920723305497413,27.461787794436606,30.062797895446703,18.0,0.37137907784536756,8.254999999999981e-05,True,True,False,False,False
3.6576,0.0105,0.0093349,0.0005,13215,TRISO,SS316,Zircaloy,Zircaloy,SS316,Light Water Reactor,low,fixed_core_power,870.0,0.9,45.0,True,0.3,0.0,0.2604921002564812,16617203.636844773,18150818.836576473,63791583.7773331,498516.1091053432,13565959.69557708,1158069.7301102385,1893174.2111574546,1533615.1997317015,0.1251899605545904,135.20515739895762,1257.4501427805353,1373.5012362146404,9.300311962731605,10.158645296064938,28.182763523429106,30.783773624439203,18.0,0.4596275715908009,8.255000000000068e-05,True,True,False,False,False
3.6576,0.0105,0.009134900000000001,0.0006000000000000001,13215,TRISO,SS316,Zircaloy,Zircaloy,SS316,Light Water Reactor,low,fixed_core_power,870.0,0.9,45.0,True,0.3,0.0,0.25,16347029.932856396,17815633.77238057,65388119.73142558,490410.89798569184,12990886.174863257,1108978.088098083,2247165.6698950566,1468603.8395241755,0.11988304287315095,129.47368630300303,1237.005670288036,1348.137251031447,9.554108681150177,10.41244201448351,28.95184448833387,31.55285458934397,18.0,0.5460375550498716,8.254999999999981e-05,True,True,False,False,False
3.6576,0.0105,0.0089349,0.0007000000000000001,13215,TRISO,SS316,Zircaloy,Zircaloy,SS316,Light Water Reactor,low,fixed_core_power,870.0,0.9,45.0,True,0.3,0.0,0.25,16082842.025134698,17487842.453865148,64331368.10053879,482485.2607540409,12428267.007108616,1060949.6225580527,2593625.395468031,1405000.4287304496,0.11469105697616913,123.86634153426265,1217.0141524884373,1323.332762305346,9.825220777605669,10.683554110939001,29.773396295774752,32.37440639678485,18.0,0.6306090282225797,8.254999999999981e-05,True,True,False,False,False
3.6576,0.0105,0.0087349,0.0008,13215,TRISO,SS316,Zircaloy,Zircaloy,SS316,Light Water Reactor,low,fixed_core_power,870.0,0.9,45.0,True,0.3,0.0,0.25,15824639.913679676,17167444.8810302,63298559.654718705,474739.19741039025,11878102.192313155,1013984.3334901474,2932553.387876373,1342804.9673505237,0.10961400286364492,118.38312309273653,1197.4755893817387,1299.0877700363374,10.11525594272154,10.973589276054872,30.652290735519816,33.25330083652992,18.0,0.7133419911089238,8.254999999999981e-05,True,True,False,False,False
3.6576,0.011,0.0100349,0.0004,13215,TRISO,SS316,Zircaloy,Zircaloy,SS316,Light Water Reactor,low,fixed_core_power,870.0,0.9,45.0,True,0.3,0.0,0.3010241338531101,18622026.390401334,20394268.952493057,61862237.26330285,558660.79171204,15676795.047629038,1338262.9918707716,1606968.3509015238,1772242.5620917217,0.14466926024223248,156.2428010616111,1409.1582588271913,1543.266663071741,9.019028392044246,9.87736172537758,27.330389066800745,29.93139916781085,18.0,0.38976418070899976,8.254999999999981e-05,True,True,False,False,False
3.6576,0.011,0.0098349,0.0005,13215,TRISO,SS316,Zircaloy,Zircaloy,SS316,Light Water Reactor,low,fixed_core_power,870.0,0.9,45.0,True,0.3,0.0,0.2891446188915529,18330902.39947958,20033205.778415475,63397003.44330046,549927.0719843874,15058131.291558072,1285450.232206177,1987320.8757153298,1702303.3789358942,0.13896008131519128,150.07688782040657,1387.1284449095406,1515.944440288723,9.242785248648573,10.101118581981908,28.00844014741992,30.609450248430022,18.0,0.48260895017034156,8.254999999999894e-05,True,True,False,False,False
3.6576,0.011,0.0096349,0.0006000000000000001,13215,TRISO,SS316,Zircaloy,Zircaloy,SS316,Light Water Reactor,low,fixed_core_power,870.0,0.9,45.0,True,0.3,0.0,0.2775042510771548,18045764.204824492,19679536.35001836,65028784.72952549,541372.9261447347,14451921.888446284,1233700.6490137072,2360141.6673645023,1633772.1451938665,0.13336583417260767,144.0351009064163,1365.5515856847894,1489.1817139627967,9.480686145886253,10.339019479219587,28.729351957231067,31.33036205824117,18.0,0.5736152093453193,8.254999999999981e-05,True,True,False,False,False
3.6576,0.011,0.0094349,0.0007000000000000001,13215,TRISO,SS316,Zircaloy,Zircaloy,SS316,Light Water Reactor,low,fixed_core_power,870.0,0.9,45.0,True,0.3,0.0,0.26610303040991595,17766611.806436095,19333260.667301733,66765913.1091731,532998.3541930829,13858166.83829368,1183014.242293363,2725430.72584905,1566648.8608656393,0.1278865188144817,138.11744031964028,1344.4276811529394,1462.978484093964,9.733945822059678,10.592279155393012,29.49680552139296,32.09781562240306,18.0,0.6627829582339351,8.254999999999981e-05,True,True,False,False,False
3.6576,0.011,0.009234899999999999,0.0008,13215,TRISO,SS316,Zircaloy,Zircaloy,SS316,Light Water Reactor,low,fixed_core_power,870.0,0.9,45.0,True,0.3,0.0,0.25494095688983615,17493445.20431438,18994378.730265595,68617633.73655793,524803.3561294314,13276866.141100265,1133391.0120451446,3083188.051168969,1500933.525951213,0.12252213524081343,132.3239060600785,1323.7567313139903,1437.3347506822245,10.0039121480662,10.862245481399535,30.314885297170303,32.91589539818041,18.0,0.7501121968361878,8.254999999999981e-05,True,True,False,False,False
3.6576,0.0115,0.0105349,0.0004,13215,TRISO,SS316,Zircaloy,Zircaloy,SS316,Light Water Reactor,low,fixed_core_power,870.0,0.9,45.0,True,0.3,0.0,0.3317691900258245,20435174.20264852,22388424.501315188,61594550.72081248,613055.2260794556,17277942.23200289,1474946.288097808,1682285.682547821,1953250.2986666684,0.15944503411683777,172.2006368461848,1546.3620281989042,1694.1675748252128,8.980001796277705,9.838335129611037,27.21212665538698,29.813136756397082,18.0,0.4081492835726315,8.254999999999981e-05,True,True,False,False,False
3.6576,0.0115,0.010334900000000001,0.0005,13215,TRISO,SS316,Zircaloy,Zircaloy,SS316,Light Water Reactor,low,fixed_core_power,870.0,0.9,45.0,True,0.3,0.0,0.3192918071963694,20129085.721060064,22008876.963036403,63042913.30807735,603872.5716318019,16628142.593533965,1419475.5872528993,2081467.5402732014,1879791.2419763396,0.15344852572865245,165.72440778694462,1523.199827549002,1665.446610899463,9.191161687584538,10.049495020917872,27.852005113892538,30.453015214902642,18.0,0.5055903287498813,8.254999999999894e-05,True,True,False,False,False
3.6576,0.0115,0.0101349,0.0006000000000000001,13215,TRISO,SS316,Zircaloy,Zircaloy,SS316,Light Water Reactor,low,fixed_core_power,870.0,0.9,45.0,True,0.3,0.0,0.30705357151407336,19828983.035738282,21636723.170438092,64578252.38104892,594869.4910721484,15990797.308024216,1365068.062880116,2473117.66483395,1807740.1346998108,0.1475669491249247,159.37230505491868,1500.4905815920001,1637.2851434308054,9.415002067485569,10.273335400818903,28.530309295410813,31.131319396420917,18.0,0.6011928636407674,8.254999999999981e-05,True,True,False,False,False
3.6576,0.0115,0.0099349,0.0007000000000000001,13215,TRISO,SS316,Zircaloy,Zircaloy,SS316,Light Water Reactor,low,fixed_core_power,870.0,0.9,45.0,True,0.3,0.0,0.2950544829789366,19534866.146683186,21271963.12352027,66207657.4788994,586045.9844004955,15365906.375473656,1311723.7149794584,2857236.056230072,1737096.9768370828,0.14180030430565466,153.144328650107,1478.234290327899,1609.683172419241,9.652556535118325,10.51088986845166,29.250171318540378,31.851181419550482,18.0,0.6949568882452911,8.254999999999981e-05,True,True,False,False,False
3.6576,0.0115,0.0097349,0.0008,13215,TRISO,SS316,Zircaloy,Zircaloy,SS316,Light Water Reactor,low,fixed_core_power,870.0,0.9,45.0,True,0.3,0.0,0.2832945415909589,19246735.05389477,20914596.822282925,67938954.79173967,577402.0516168431,14753469.795882279,1259442.5435509263,3233822.7144615646,1667861.7683881551,0.13614859127084225,147.04047857250964,1456.4309537566985,1582.6406978647692,9.904966087542302,10.763299420875635,30.015048750128187,32.616058851138284,18.0,0.7868824025634518,8.254999999999981e-05,True,True,False,False,False
3.6576,0.012,0.0110349,0.0004,13215,TRISO,SS316,Zircaloy,Zircaloy,SS316,Light Water Reactor,low,fixed_core_power,870.0,0.9,45.0,True,0.3,0.0,0.3640089158682834,22332806.57384138,24475864.29291925,61352361.44029644,669984.1972152414,18956929.122371636,1618274.4372756276,1757603.0141941183,2143057.719077867,0.17493913164430328,188.93426217584755,1689.9588780810732,1852.1274531153422,8.944692501078343,9.803025834411676,27.105128791146495,29.70613889215659,18.0,0.4265343864362633,8.254999999999981e-05,True,True,False,False,False
3.6576,0.012,0.010834900000000001,0.0005,13215,TRISO,SS316,Zircaloy,Zircaloy,SS316,Light Water Reactor,low,fixed_core_power,870.0,0.9,45.0,True,0.3,0.0,0.35093366517093044,22011753.60158623,24077832.39043927,62723402.7002365,660352.6080475869,18275993.60150475,1560145.7952504056,2175614.2048310745,2066078.788853037,0.16865529379497385,182.14771729857173,1665.6642906989202,1822.007748046861,9.144579550061598,10.00291288339493,27.710847121398782,30.31185722240888,18.0,0.5285717073294214,8.254999999999894e-05,True,True,False,False,False
3.6576,0.012,0.010634900000000001,0.0006000000000000001,13215,TRISO,SS316,Zircaloy,Zircaloy,SS316,Light Water Reactor,low,fixed_core_power,870.0,0.9,45.0,True,0.3,0.0,0.3380975616207367,21696686.42559775,23687194.233639758,64172856.85702803,650900.5927679325,17607512.433597047,1503080.329697309,2586093.6623033974,1990507.8080420077,0.16248638773010204,175.48529874851022,1641.822658009667,1792.4475394354718,9.355898583633378,10.214231916966712,28.351207829192052,30.952217930202156,18.0,0.6287705179362155,8.254999999999981e-05,True,True,False,False,False
3.6576,0.012,0.0104349,0.0007000000000000001,13215,TRISO,SS316,Zircaloy,Zircaloy,SS316,Light Water Reactor,low,fixed_core_power,870.0,0.9,45.0,True,0.3,0.0,0.32550060521770197,21387605.04587596,23303949.822520737,65706805.77251603,641628.1513762787,16951485.61864853,1447078.0406163377,2989041.3866110938,1916344.7766447787,0.1564324134496879,168.9470065256629,1618.433980013315,1763.4468272811757,9.579536289490138,10.437869622823472,29.02889784693981,31.629907947949913,18.0,0.7271308182566472,8.254999999999981e-05,True,True,False,False,False
3.6576,0.012,0.0102349,0.0008,13215,TRISO,SS316,Zircaloy,Zircaloy,SS316,Light Water Reactor,low,fixed_core_power,870.0,0.9,45.0,True,0.3,0.0,0.3131427959618265,21084509.462420844,22928099.157082193,67331932.0588526,632535.2838726253,16307913.156659191,1392138.9280074919,3384457.37775416,1843589.69466135,0.15049337095373136,162.53284063002985,1595.4982567098632,1735.0056115839723,9.816466940005453,10.674800273338787,29.74686951516804,32.34787961617814,18.0,0.8236526082907157,8.254999999999981e-05,True,True,False,False,False
3.6576,0.008,0.0070349,0.0004,13215,TRISO,SS316,Zircaloy,Zircaloy,SS316,Light Water Reactor,mean,fixed_core_power,870.0,0.9,45.0,True,0.3,0.0,0.25,18788044.843943793,19659034.34714714,75152179.37577517,563641.3453183138,14563470.657661146,3069509.8252589153,1155064.361023733,870989.5032033472,0.07109941370466671,76.78736680104006,1421.7211383990764,1487.6302949033025,18.51503961690505,19.373372950238384,56.10618065728803,58.70719075829813,18.0,0.2794535635272071,8.254999999999981e-05,True,True,False,False,False
3.6576,0.008,0.0068349000000000005,0.0005,13215,TRISO,SS316,Zircaloy,Zircaloy,SS316,Light Water Reactor,mean,fixed_core_power,870.0,0.9,45.0,True,0.3,0.0,0.25,18067072.969390262,18889242.530644786,72268291.87756105,542012.1890817079,13747171.736186778,2897460.3448353927,1422440.8883680904,822169.5612545254,0.06711421154449015,72.48334846804936,1367.1640536806858,1429.378927782428,18.861767324164546,19.72010065749788,57.1568706792865,59.7578807802966,18.0,0.3447206786931006,8.254999999999981e-05,True,True,False,False,False
3.6576,0.008,0.006634900000000001,0.0006000000000000001,13215,TRISO,SS316,Zircaloy,Zircaloy,SS316,Light Water Reactor,mean,fixed_core_power,870.0,0.9,45.0,True,0.3,0.0,0.25,17367072.97100743,18141830.53972693,69468291.88402972,521012.18913022283,12954414.579452332,2730372.7090072786,1682285.68254782,774757.568719504,0.06324394116877123,68.30345646227293,1314.1939440792605,1372.8210775427115,19.240518886553698,20.09885221988703,58.30460268652635,60.90561278753645,18.0,0.4081492835726313,8.254999999999981e-05,True,True,False,False,False
3.6576,0.008,0.0064349,0.0007000000000000001,13215,TRISO,SS316,Zircaloy,Zircaloy,SS316,Light Water Reactor,mean,fixed_core_power,870.0,0.9,45.0,True,0.3,0.0,0.25,16688044.848795297,17416798.37439358,66752179.39518119,500641.34546385886,12185199.187457804,2568246.917774574,1934598.74356292,728753.5255982828,0.05948860257750994,64.24769078371072,1262.8108095948012,1317.9567441841527,19.65534938595758,20.513682719290912,59.56166480593206,62.16267490694216,18.0,0.46973937816579886,8.254999999999981e-05,True,True,False,False,False
3.6576,0.008,0.006234900000000001,0.0008,13215,TRISO,SS316,Zircaloy,Zircaloy,SS316,Light Water Reactor,mean,fixed_core_power,870.0,0.9,45.0,True,0.3,0.0,0.25,16029988.602753868,16714146.03464473,64119954.41101547,480899.65808261605,11439525.5602032,2411082.9711372796,2179380.0714133885,684157.4318908624,0.055848195770706315,60.316051432362826,1213.0146502273076,1264.7859277067523,20.11097579203369,20.96930912536702,60.94235088495057,63.54336098596066,18.0,0.5294909624726029,8.254999999999981e-05,True,True,False,False,False
3.6576,0.0085,0.007534900000000001,0.0004,13215,TRISO,SS316,Zircaloy,Zircaloy,SS316,Light Water Reactor,mean,fixed_core_power,870.0,0.9,45.0,True,0.3,0.0,0.25,21458936.471176885,22458135.607937664,85835745.88470754,643768.0941353065,16707213.182084214,3521341.5964226397,1230381.692670031,999199.1367607785,0.08156524566211033,88.09046531507916,1623.831742048951,1699.442724777727,18.433683330436292,19.292016663769623,55.85964645586755,58.460656556877645,18.0,0.2978386663908391,8.254999999999981e-05,True,True,False,False,False
3.6576,0.0085,0.007334900000000001,0.0005,13215,TRISO,SS316,Zircaloy,Zircaloy,SS316,Light Water Reactor,mean,fixed_core_power,870.0,0.9,45.0,True,0.3,0.0,0.25,20685534.906196605,21632394.22747406,82742139.62478642,620566.0471858982,15832059.84876005,3336887.5045105936,1516587.552925964,946859.3212774559,0.07729271404078966,83.47613116405286,1565.3072195381465,1636.9575654539583,18.751554458865616,19.609887792198947,56.82289229959277,59.42390240060287,18.0,0.36770205727264077,8.254999999999981e-05,True,True,False,False,False
3.6576,0.0085,0.007134900000000001,0.0006000000000000001,13215,TRISO,SS316,Zircaloy,Zircaloy,SS316,Light Water Reactor,mean,fixed_core_power,870.0,0.9,45.0,True,0.3,0.0,0.25,19933105.217387024,20829032.672594957,79732420.8695481,597993.1565216107,14980448.280175803,3157395.2571939565,1795261.6800172676,895927.4552079336,0.07313511420392664,78.98592334024077,1508.3696721443075,1576.1659230113476,19.09668974365008,19.955023076983416,57.868756798939636,60.46976689994974,18.0,0.4357269378680794,8.254999999999981e-05,True,True,False,False,False
3.6576,0.0085,0.006934900000000001,0.0007000000000000001,13215,TRISO,SS316,Zircaloy,Zircaloy,SS316,Light Water Reactor,mean,fixed_core_power,870.0,0.9,45.0,True,0.3,0.0,0.25,19201647.40474814,20048050.94330035,76806589.61899257,576049.4221424442,14152378.476331474,2982864.854472728,2066404.073943941,846403.5385522114,0.06909244615152124,74.61984184364293,1453.019099867434,1517.0677974498942,19.472288656307583,20.330621989640914,59.00693532214419,61.607945423154284,18.0,0.5019133081771547,8.254999999999981e-05,True,True,False,False,False
3.6576,0.0085,0.006734900000000001,0.0008,13215,TRISO,SS316,Zircaloy,Zircaloy,SS316,Light Water Reactor,mean,fixed_core_power,870.0,0.9,45.0,True,0.3,0.0,0.25,18491161.468279965,19289449.039590254,73964645.87311986,554734.8440483989,13347850.437227068,2813296.29634691,2330014.7347059846,798287.5713102898,0.0651647098835735,70.37788667425939,1399.2555027075266,1459.6631887695992,19.882033531127647,20.740366864460977,60.24858645796256,62.84959655897266,18.0,0.5662611681998668,8.254999999999981e-05,True,True,False,False,False
3.6576,0.009000000000000001,0.008034900000000001,0.0004,13215,TRISO,SS316,Zircaloy,Zircaloy,SS316,Light Water Reactor,mean,fixed_core_power,870.0,0.9,45.0,True,0.3,0.0,0.25,24307975.65675579,25444184.11091025,97231902.62702316,729239.2697026737,18998091.736131787,4004184.896307673,1305699.0243163293,1136208.4541544623,0.09274940127241423,100.16935337420739,1839.423053859689,1925.401748839217,18.363131955020908,19.22146528835424,55.64585440915426,58.24686451016436,18.0,0.31622376925447115,8.254999999999981e-05,True,True,False,False,False
3.6576,0.009000000000000001,0.007834900000000002,0.0005,13215,TRISO,SS316,Zircaloy,Zircaloy,SS316,Light Water Reactor,mean,fixed_core_power,870.0,0.9,45.0,True,0.3,0.0,0.25,23482144.401348766,24562493.166485406,93928577.60539506,704464.332040463,18064083.990957826,3807326.192907104,1610734.2174838379,1080348.765136639,0.08818954018994947,95.24470340514543,1776.931093556471,1858.6827973125544,18.6564819882727,19.514815321606033,56.53479390385666,59.13580400486676,18.0,0.3906834358521811,8.254999999999894e-05,True,True,False,False,False
3.6576,0.009000000000000001,0.007634900000000002,0.0006000000000000001,13215,TRISO,SS316,Zircaloy,Zircaloy,SS316,Light Water Reactor,mean,fixed_core_power,870.0,0.9,45.0,True,0.3,0.0,0.25,22677285.02211243,23703182.047645044,90709140.08844972,680318.5506633729,17153618.010523774,3615429.334101943,1908237.6774867135,1025897.0255326154,0.08374461089194231,90.4441797632977,1716.0261083702178,1793.6573626670483,18.973317164921454,19.83165049825479,57.49490049976198,60.095910600772086,18.0,0.4633045921635271,8.254999999999981e-05,True,True,False,False,False
3.6576,0.009000000000000001,0.007434900000000001,0.0007000000000000001,13215,TRISO,SS316,Zircaloy,Zircaloy,SS316,Light Water Reactor,mean,fixed_core_power,870.0,0.9,45.0,True,0.3,0.0,0.25,21893397.5190468,22866250.75438919,87573590.0761872,656801.9255714039,16266693.794829644,3428494.319892191,2198209.4043249628,972853.2353423922,0.0794146133783928,85.76778244866422,1656.7080983009307,1730.3254449027006,19.316205351263957,20.174538684597287,58.533955609890775,61.134965710900865,18.0,0.5340872381885108,8.254999999999981e-05,True,True,False,False,False
3.6576,0.009000000000000001,0.007234900000000002,0.0008,13215,TRISO,SS316,Zircaloy,Zircaloy,SS316,Light Water Reactor,mean,fixed_core_power,870.0,0.9,45.0,True,0.3,0.0,0.25,21130481.892151862,22051699.286717832,84521927.56860745,633914.4567645559,15403311.343875436,3246521.150277849,2480649.3979985807,921217.3945659696,0.07519954764930095,81.21551146124503,1598.9770633486087,1668.6870440195105,19.68807478497035,20.54640811830368,59.66083268172833,62.26184278273843,18.0,0.6030313739271308,8.254999999999981e-05,True,True,False,False,False
3.6576,0.0095,0.0085349,0.0004,13215,TRISO,SS316,Zircaloy,Zircaloy,SS316,Light Water Reactor,mean,fixed_core_power,870.0,0.9,45.0,True,0.3,0.0,0.25,27335162.400680497,28617179.856064897,109340649.60272199,820054.8720204149,21436106.319803856,4518039.724914013,1381016.355962628,1282017.4553843983,0.10465188053557838,113.02403097842463,2068.49507383129,2165.5073670877714,18.30137410535419,19.159707438687523,55.458709410164204,58.05971951117431,18.0,0.33460887211810336,8.254999999999981e-05,True,True,False,False,False
3.6576,0.0095,0.0083349,0.0005,13215,TRISO,SS316,Zircaloy,Zircaloy,SS316,Light Water Reactor,mean,fixed_core_power,870.0,0.9,45.0,True,0.3,0.0,0.25,26456901.45484671,27679539.347678784,105827605.81938684,793707.0436454013,20443244.162780084,4308776.41002492,1704880.8820417086,1222637.8928320734,0.09980468999196945,107.78906519132701,2002.0356757356572,2094.554623358213,18.57364355263697,19.431976885970307,56.28376834132415,58.88477844233426,18.0,0.41366481443172065,8.255000000000068e-05,True,True,False,False,False
3.6576,0.0095,0.0081349,0.0006000000000000001,13215,TRISO,SS316,Zircaloy,Zircaloy,SS316,Light Water Reactor,mean,fixed_core_power,870.0,0.9,45.0,True,0.3,0.0,0.25,25599612.38518364,26764278.66487719,102398449.54073456,767988.3715555092,19473923.77049624,4104474.9397312365,2021213.6749561618,1164666.2796935495,0.09507243123281824,102.67822573144369,1937.1632527569914,2025.2953965098138,18.86634911109263,19.724682444425966,57.17075488209888,59.77176498310899,18.0,0.4908822464589754,8.254999999999981e-05,True,True,False,False,False
3.6576,0.0095,0.0079349,0.0007000000000000001,13215,TRISO,SS316,Zircaloy,Zircaloy,SS316,Light Water Reactor,mean,fixed_core_power,870.0,0.9,45.0,True,0.3,0.0,0.25,24763295.191691257,25871397.80766008,99053180.76676503,742898.8557507377,18528145.14295231,3905135.314032961,2330014.734705985,1108102.6159688253,0.09045510425812461,97.69151259877458,1873.87780489529,1957.7296865425715,19.18158246347795,20.039915796811286,58.1260074650847,60.7270175660948,18.0,0.5662611681998669,8.254999999999981e-05,True,True,False,False,False
3.6576,0.0095,0.0077349,0.0008,13215,TRISO,SS316,Zircaloy,Zircaloy,SS316,Light Water Reactor,mean,fixed_core_power,870.0,0.9,45.0,True,0.3,0.0,0.25,23947949.874369577,25000896.77602748,95791799.4974783,718438.4962310873,17605908.2801483,3710757.5329300957,2631284.061291179,1052946.9016579017,0.08595270906788864,92.82892579331975,1812.1793321505545,1891.8574934564872,19.52170960359173,20.380042936925065,59.15669576845979,61.75770586946989,18.0,0.6398015796543954,8.254999999999938e-05,True,True,False,False,False
3.6576,0.01,0.0090349,0.0004,13215,TRISO,SS316,Zircaloy,Zircaloy,SS316,Light Water Reactor,mean,fixed_core_power,870.0,0.9,45.0,True,0.3,0.0,0.25,30540496.70295102,31977122.843401607,122161986.81180409,916214.9010885307,24021256.93310043,5062906.082241664,1456333.687608927,1436626.140450587,0.1172726834516028,126.654498127731,2311.047801963755,2419.7595795233906,18.246867155346226,19.105200488679557,55.2935368343825,57.8945469353926,18.0,0.35299397498173557,8.254999999999981e-05,True,True,False,False,False
3.6576,0.01,0.0088349,0.0005,13215,TRISO,SS316,Zircaloy,Zircaloy,SS316,Light Water Reactor,mean,fixed_core_power,870.0,0.9,45.0,True,0.3,0.0,0.25,29609806.06669049,30983532.77105425,118439224.26676196,888294.1820007147,22969540.36422686,4841238.155864047,1799027.5465995825,1373726.7043637612,0.11213816344684979,121.10921652259778,2240.6209660757086,2344.573043590938,18.50082950258068,19.359162835914013,56.06311970478993,58.66412980580004,18.0,0.436646193011261,8.255000000000068e-05,True,True,False,False,False
3.6576,0.01,0.008634900000000001,0.0006000000000000001,13215,TRISO,SS316,Zircaloy,Zircaloy,SS316,Light Water Reactor,mean,fixed_core_power,870.0,0.9,45.0,True,0.3,0.0,0.25,28700087.306600664,30012322.5242914,114800349.22640266,861002.6191980198,21941365.560093217,4624532.07408184,2134189.67242561,1312235.2176907363,0.10711857522655445,115.68806124467883,2171.7811053046285,2271.0800245396445,18.77273317521795,19.631066508551285,56.88707022793318,59.48808032894328,18.0,0.5184599007544237,8.254999999999981e-05,True,True,False,False,False
3.6576,0.01,0.0084349,0.0007000000000000001,13215,TRISO,SS316,Zircaloy,Zircaloy,SS316,Light Water Reactor,mean,fixed_core_power,870.0,0.9,45.0,True,0.3,0.0,0.25,27811340.42268153,29063492.10311304,111245361.69072612,834340.2126804459,20936732.520699482,4412787.836895041,2461820.065087007,1252151.680431511,0.10221391879071673,110.39103229397405,2104.528219650513,2199.2805223695073,19.064304191359515,19.922637524692846,57.770618761695495,60.37162886270559,18.0,0.598435098211223,8.254999999999981e-05,True,True,False,False,False
3.6576,0.01,0.0082349,0.0008,13215,TRISO,SS316,Zircaloy,Zircaloy,SS316,Light Water Reactor,mean,fixed_core_power,870.0,0.9,45.0,True,0.3,0.0,0.25,26943565.414933093,28137041.507519178,107774261.65973237,808306.9624479928,19955641.246045668,4206005.44430365,2781918.724583776,1193476.092586086,0.09742419413933662,105.21812967048353,2038.8623091133632,2129.174537080528,19.377481005398614,20.235814338731945,58.71963941029883,61.32064951130892,18.0,0.6765717853816596,8.254999999999981e-05,True,True,False,False,False
3.6576,0.0105,0.0095349,0.0004,13215,TRISO,SS316,Zircaloy,Zircaloy,SS316,Light Water Reactor,mean,fixed_core_power,870.0,0.9,45.0,True,0.3,0.0,0.27177374735014054,33923978.56356736,35524013.07292039,124824339.71027121,1017719.3569070208,26753543.57602151,5638783.968290624,1531651.0192552248,1600034.5093530286,0.13061181002048752,141.06075482212654,2567.081238257084,2688.158386146076,18.1984084906826,19.05674182401593,55.14669239600787,57.74770249701797,18.0,0.37137907784536756,8.254999999999981e-05,True,True,False,False,False
3.6576,0.0105,0.0093349,0.0005,13215,TRISO,SS316,Zircaloy,Zircaloy,SS316,Light Water Reactor,mean,fixed_core_power,870.0,0.9,45.0,True,0.3,0.0,0.2604921002564812,32940858.236880075,34474473.43661178,126456265.6773331,988225.7471064022,25642972.595298138,5404711.430424483,1893174.2111574546,1533615.1997317015,0.1251899605545904,135.20515739895762,2492.6869645766233,2608.7380580107288,18.436330481250124,19.29466381458346,55.86766812500037,58.468678226010475,18.0,0.4596275715908009,8.255000000000068e-05,True,True,False,False,False
3.6576,0.0105,0.009134900000000001,0.0006000000000000001,13215,TRISO,SS316,Zircaloy,Zircaloy,SS316,Light Water Reactor,mean,fixed_core_power,870.0,0.9,45.0,True,0.3,0.0,0.25,31978709.786363505,33447313.62588768,127914839.14545402,959361.2935909051,24555943.379314695,5175600.737153753,2247165.6698950566,1468603.8395241755,0.11988304287315095,129.47368630300303,2419.8796660131293,2531.0112467565405,18.690127199668694,19.548460533002032,56.63674908990513,59.23775919091525,18.0,0.5460375550498716,8.254999999999981e-05,True,True,False,False,False
3.6576,0.0105,0.0089349,0.0007000000000000001,13215,TRISO,SS316,Zircaloy,Zircaloy,SS316,Light Water Reactor,mean,fixed_core_power,870.0,0.9,45.0,True,0.3,0.0,0.25,31037533.212017626,32442533.640748076,124150132.8480705,931125.9963605287,23492455.928071164,4951451.888478431,2593625.395468031,1405000.4287304496,0.11469105697616913,123.86634153426265,2348.6593425666006,2454.9779523835095,18.961239296124187,19.819572629457525,57.45830089734602,60.05931099835613,18.0,0.6306090282225797,8.254999999999981e-05,True,True,False,False,False
3.6576,0.0105,0.0087349,0.0008,13215,TRISO,SS316,Zircaloy,Zircaloy,SS316,Light Water Reactor,mean,fixed_core_power,870.0,0.9,45.0,True,0.3,0.0,0.25,30117328.513842437,31460133.48119296,120469314.05536975,903519.8554152731,22452510.24156755,4732264.884398517,2932553.387876373,1342804.9673505237,0.10961400286364492,118.38312309273653,2279.0259942370367,2380.6381748916356,19.251274461240058,20.10960779457339,58.33719533709108,60.93820543810118,18.0,0.7133419911089238,8.254999999999981e-05,True,True,False,False,False
3.6576,0.011,0.0100349,0.0004,13215,TRISO,SS316,Zircaloy,Zircaloy,SS316,Light Water Reactor,mean,fixed_core_power,870.0,0.9,45.0,True,0.3,0.0,0.3010241338531101,37485607.9825295,39257850.54462122,124526919.16330285,1124568.239475885,29632966.248567086,6245673.38306089,1606968.3509015238,1772242.5620917217,0.14466926024223248,156.2428010616111,2836.595382711275,2970.7037869558244,18.155046910562763,19.013380243896098,55.01529366837201,57.616303769382114,18.0,0.38976418070899976,8.254999999999981e-05,True,True,False,False,False
3.6576,0.011,0.0098349,0.0005,13215,TRISO,SS316,Zircaloy,Zircaloy,SS316,Light Water Reactor,mean,fixed_core_power,870.0,0.9,45.0,True,0.3,0.0,0.2891446188915529,36450057.96541548,38152361.34435137,126061685.34330048,1093501.7389624643,28463540.85599392,5999196.2337062275,1987320.8757153298,1702303.3789358942,0.13896008131519128,150.07688782040657,2758.2336712384017,2887.049666617584,18.378803767167096,19.23713710050043,55.693344748991194,58.2943548500013,18.0,0.48260895017034156,8.254999999999894e-05,True,True,False,False,False
3.6576,0.011,0.0096349,0.0006000000000000001,13215,TRISO,SS316,Zircaloy,Zircaloy,SS316,Light Water Reactor,mean,fixed_core_power,870.0,0.9,45.0,True,0.3,0.0,0.2775042510771548,35435479.82447214,37069251.969666004,127693466.62952551,1063064.394734164,27317657.22816066,5757680.928946971,2360141.6673645023,1633772.1451938665,0.13336583417260767,144.0351009064163,2681.4589348824925,2805.0890631605,18.616704664404775,19.47503799773811,56.41425655880234,59.01526665981245,18.0,0.5736152093453193,8.254999999999981e-05,True,True,False,False,False
3.6576,0.011,0.0094349,0.0007000000000000001,13215,TRISO,SS316,Zircaloy,Zircaloy,SS316,Light Water Reactor,mean,fixed_core_power,870.0,0.9,45.0,True,0.3,0.0,0.26610303040991595,34441873.5596995,36008522.420565136,129430595.00917307,1033256.206790985,26195315.365067326,5521127.468783125,2725430.72584905,1566648.8608656393,0.1278865188144817,138.11744031964028,2606.271173643549,2724.8219765845733,18.869964340578193,19.728297673911527,57.18171012296422,59.78272022397432,18.0,0.6627829582339351,8.254999999999981e-05,True,True,False,False,False
3.6576,0.011,0.009234899999999999,0.0008,13215,TRISO,SS316,Zircaloy,Zircaloy,SS316,Light Water Reactor,mean,fixed_core_power,870.0,0.9,45.0,True,0.3,0.0,0.25494095688983615,33469239.171097577,34970172.69704879,131282315.63655792,1004077.1751329273,25096515.266713917,5289535.8532146895,3083188.051168969,1500933.525951213,0.12252213524081343,132.3239060600785,2532.670387521572,2646.248406889806,19.139930666584718,19.998263999918052,57.99978989874157,60.60079999975167,18.0,0.7501121968361878,8.254999999999981e-05,True,True,False,False,False
3.6576,0.0115,0.0105349,0.0004,13215,TRISO,SS316,Zircaloy,Zircaloy,SS316,Light Water Reactor,mean,fixed_core_power,870.0,0.9,45.0,True,0.3,0.0,0.3317691900258245,41225384.95983747,43178635.25850414,124259232.62081248,1236761.548795124,32659524.950737175,6883574.326552468,1682285.682547821,1953250.2986666684,0.15944503411683777,172.2006368461848,3119.5902353263314,3267.39578195264,18.116020314796227,18.974353648129558,54.897031256958265,57.498041357968354,18.0,0.4081492835726315,8.254999999999981e-05,True,True,False,False,False
3.6576,0.0115,0.010334900000000001,0.0005,13215,TRISO,SS316,Zircaloy,Zircaloy,SS316,Light Water Reactor,mean,fixed_core_power,870.0,0.9,45.0,True,0.3,0.0,0.3192918071963694,40137405.252296686,42017196.49427303,125707595.20807736,1204122.1575689006,31431245.1463142,6624692.565709281,2081467.5402732014,1879791.2419763396,0.15344852572865245,165.72440778694462,3037.2610860610434,3179.507869411504,18.327180206103062,19.185513539436393,55.53690971546382,58.13791981647392,18.0,0.5055903287498813,8.254999999999894e-05,True,True,False,False,False
3.6576,0.0115,0.0101349,0.0006000000000000001,13215,TRISO,SS316,Zircaloy,Zircaloy,SS316,Light Water Reactor,mean,fixed_core_power,870.0,0.9,45.0,True,0.3,0.0,0.30705357151407336,39070397.420926586,40878137.5556264,127242934.2810489,1172111.9226277976,30226507.10663114,6370772.6494615,2473117.66483395,1807740.1346998108,0.1475669491249247,159.37230505491868,2956.5189119127194,3093.3134737515247,18.551020586004086,19.40935391933742,56.21521389698208,58.816223997992175,18.0,0.6011928636407674,8.254999999999981e-05,True,True,False,False,False
3.6576,0.0115,0.0099349,0.0007000000000000001,13215,TRISO,SS316,Zircaloy,Zircaloy,SS316,Light Water Reactor,mean,fixed_core_power,870.0,0.9,45.0,True,0.3,0.0,0.2950544829789366,38024361.46572721,39761458.442564294,128872339.37889938,1140730.8439718164,29045310.831688005,6121814.577809132,2857236.056230072,1737096.9768370828,0.14180030430565466,153.144328650107,2877.363712881363,3008.8125949727046,18.788575053636844,19.646908386970175,56.93507592011164,59.53608602112174,18.0,0.6949568882452911,8.254999999999981e-05,True,True,False,False,False
3.6576,0.0115,0.0097349,0.0008,13215,TRISO,SS316,Zircaloy,Zircaloy,SS316,Light Water Reactor,mean,fixed_core_power,870.0,0.9,45.0,True,0.3,0.0,0.2832945415909589,36999297.38669854,38667159.15508669,130603636.6917397,1109978.921600956,27887656.321484797,5877818.350752172,3233822.7144615646,1667861.7683881551,0.13614859127084225,147.04047857250964,2799.7954889669722,2926.0052330750427,19.04098460606082,19.89931793939415,57.699953351699456,60.300963452709546,18.0,0.7868824025634518,8.254999999999981e-05,True,True,False,False,False
3.6576,0.012,0.0110349,0.0004,13215,TRISO,SS316,Zircaloy,Zircaloy,SS316,Light Water Reactor,mean,fixed_core_power,870.0,0.9,45.0,True,0.3,0.0,0.3640089158682834,45143309.49549122,47286367.21456909,124017043.34029645,1354299.2848647365,35833219.68253175,7552486.798765353,1757603.0141941183,2143057.719077867,0.17493913164430328,188.93426217584755,3416.065796102249,3578.2343711365183,18.08071101959686,18.939044352930193,54.79003339271775,57.39104349372786,18.0,0.4265343864362633,8.254999999999981e-05,True,True,False,False,False
3.6576,0.012,0.010834900000000001,0.0005,13215,TRISO,SS316,Zircaloy,Zircaloy,SS316,Light Water Reactor,mean,fixed_core_power,870.0,0.9,45.0,True,0.3,0.0,0.35093366517093044,44002900.0975237,46068978.88637673,125388084.6002365,1320087.0029257108,34546085.46625898,7281200.426433641,2175614.2048310745,2066078.788853037,0.16865529379497385,182.14771729857173,3329.7692090445476,3486.1126663924883,18.280598068580115,19.13893140191345,55.39575172297005,57.996761823980144,18.0,0.5285717073294214,8.254999999999894e-05,True,True,False,False,False
3.6576,0.012,0.010634900000000001,0.0006000000000000001,13215,TRISO,SS316,Zircaloy,Zircaloy,SS316,Light Water Reactor,mean,fixed_core_power,870.0,0.9,45.0,True,0.3,0.0,0.3380975616207367,42883462.57572687,44873970.38376887,126837538.75702804,1286503.877271806,33282493.01472613,7014875.898697341,2586093.6623033974,1990507.8080420077,0.16248638773010204,175.48529874851022,3245.0595971038115,3395.6844785296157,18.4919171021519,19.350250435485233,56.036112430763325,58.63712253177343,18.0,0.6287705179362155,8.254999999999981e-05,True,True,False,False,False
3.6576,0.012,0.0104349,0.0007000000000000001,13215,TRISO,SS316,Zircaloy,Zircaloy,SS316,Light Water Reactor,mean,fixed_core_power,870.0,0.9,45.0,True,0.3,0.0,0.32550060521770197,41784996.93010074,43701341.70674552,128371487.67251605,1253549.9079030221,32042442.327933192,6753513.215556447,2989041.3866110938,1916344.7766447787,0.1564324134496879,168.9470065256629,3161.9369602800407,3306.949807547902,18.71555480800866,19.573888141341996,56.71380244851108,59.3148125495212,18.0,0.7271308182566472,8.254999999999981e-05,True,True,False,False,False
3.6576,0.012,0.0102349,0.0008,13215,TRISO,SS316,Zircaloy,Zircaloy,SS316,Light Water Reactor,mean,fixed_core_power,870.0,0.9,45.0,True,0.3,0.0,0.3131427959618265,40707503.1606453,42551092.85530665,129996613.95885259,1221225.094819359,30825933.40588018,6497112.377010964,3384457.37775416,1843589.69466135,0.15049337095373136,162.53284063002985,3080.4012985732347,3219.9086534473436,18.95248545852397,19.810818791857304,57.4317741167393,60.0327842177494,18.0,0.8236526082907157,8.254999999999981e-05,True,True,False,False,False
3.6576,0.008,0.0070349,0.0004,13215,TRISO,SS316,Zircaloy,Zircaloy,SS316,Light Water Reactor,high,fixed_core_power,870.0,0.9,45.0,True,0.3,0.0,0.25,31033668.67803176,31904658.18123511,124134674.71212704,931010.0603409528,23959258.178732853,5919346.138275175,1155064.361023733,870989.5032033472,0.07109941370466671,76.78736680104006,2348.366907153368,2414.2760636575945,30.582724802090233,31.44105813542357,92.67492364269768,95.27593374370778,18.0,0.2794535635272071,8.254999999999981e-05,True,True,False,False,False
3.6576,0.008,0.0068349000000000005,0.0005,13215,TRISO,SS316,Zircaloy,Zircaloy,SS316,Light Water Reactor,high,fixed_core_power,870.0,0.9,45.0,True,0.3,0.0,0.25,29626315.805189997,30448485.36644452,118505263.22075999,888789.4741556998,22616314.791791152,5587560.125030755,1422440.8883680904,822169.5612545254,0.06711421154449015,72.48334846804936,2241.8702841611803,2304.0851582629225,30.929452509349733,31.787785842683064,93.72561366469616,96.32662376570624,18.0,0.3447206786931006,8.254999999999981e-05,True,True,False,False,False
3.6576,0.008,0.006634900000000001,0.0006000000000000001,13215,TRISO,SS316,Zircaloy,Zircaloy,SS316,Light Water Reactor,high,fixed_core_power,870.0,0.9,45.0,True,0.3,0.0,0.25,28259729.787488732,29034487.356208235,113038919.14995493,847791.893624662,21312101.40490545,5265342.700035464,1682285.68254782,774757.568719504,0.06324394116877123,68.30345646227293,2138.458553725973,2197.085687189424,31.308204071738885,32.16653740507222,94.87334567193601,97.47435577294611,18.0,0.4081492835726313,8.254999999999981e-05,True,True,False,False,False
3.6576,0.008,0.0064349,0.0007000000000000001,13215,TRISO,SS316,Zircaloy,Zircaloy,SS316,Light Water Reactor,high,fixed_core_power,870.0,0.9,45.0,True,0.3,0.0,0.25,26933910.62492796,27662664.150526244,107735642.49971184,808017.3187478387,20046618.01807574,4952693.863289301,1934598.74356292,728753.5255982828,0.05948860257750994,64.24769078371072,2038.1317158477457,2093.2776504370977,31.723034571142765,32.5813679044761,96.13040779134171,98.73141789235183,18.0,0.46973937816579886,8.254999999999981e-05,True,True,False,False,False
3.6576,0.008,0.006234900000000001,0.0008,13215,TRISO,SS316,Zircaloy,Zircaloy,SS316,Light Water Reactor,high,fixed_core_power,870.0,0.9,45.0,True,0.3,0.0,0.25,25648858.3175077,26333015.749398563,102595433.2700308,769465.749525231,18819864.63130204,4649613.614792269,2179380.0714133885,684157.4318908624,0.055848195770706315,60.316051432362826,1940.8897705265001,1992.661048005945,32.17866097721887,33.03699431055221,97.5110938703602,100.11210397137033,18.0,0.5294909624726029,8.254999999999981e-05,True,True,False,False,False
3.6576,0.0085,0.007534900000000001,0.0004,13215,TRISO,SS316,Zircaloy,Zircaloy,SS316,Light Water Reactor,high,fixed_core_power,870.0,0.9,45.0,True,0.3,0.0,0.25,35507115.833978295,36506314.970739074,142028463.33591318,1065213.4750193488,27486060.396332096,6790673.744976165,1230381.692670031,999199.1367607785,0.08156524566211033,88.09046531507916,2686.8797452878016,2762.4907280165776,30.501368515621483,31.359701848954813,92.42838944127722,95.02939954228731,18.0,0.2978386663908391,8.254999999999981e-05,True,True,False,False,False
3.6576,0.0085,0.007334900000000001,0.0005,13215,TRISO,SS316,Zircaloy,Zircaloy,SS316,Light Water Reactor,high,fixed_core_power,870.0,0.9,45.0,True,0.3,0.0,0.25,33997845.82328529,34944705.14456274,135991383.29314116,1019935.3746985586,26046292.009250402,6434966.261108923,1516587.552925964,946859.3212774559,0.07729271404078966,83.47613116405286,2572.670890903162,2644.3212368189743,30.8192396440508,31.677572977384134,93.39163528500242,95.99264538601253,18.0,0.36770205727264077,8.254999999999981e-05,True,True,False,False,False
3.6576,0.0085,0.007134900000000001,0.0006000000000000001,13215,TRISO,SS316,Zircaloy,Zircaloy,SS316,Light Water Reactor,high,fixed_core_power,870.0,0.9,45.0,True,0.3,0.0,0.25,32529342.667732783,33425270.122940715,130117370.67093113,975880.2800319834,24645253.622224707,6088827.36549081,1795261.6800172676,895927.4552079336,0.07313511420392664,78.98592334024077,2461.5469290755036,2529.343179942544,31.16437492883526,32.0227082621686,94.43749978434927,97.03850988535939,18.0,0.4357269378680794,8.254999999999981e-05,True,True,False,False,False
3.6576,0.0085,0.006934900000000001,0.0007000000000000001,13215,TRISO,SS316,Zircaloy,Zircaloy,SS316,Light Water Reactor,high,fixed_core_power,870.0,0.9,45.0,True,0.3,0.0,0.25,31101606.367320776,31948009.905872986,124406425.4692831,933048.1910196232,23282945.235255007,5752257.058121825,2066404.073943941,846403.5385522114,0.06909244615152124,74.61984184364293,2353.5078598048262,2417.556557387286,31.539973841492777,32.3983071748261,95.57567830755387,98.17668840856393,18.0,0.5019133081771547,8.254999999999981e-05,True,True,False,False,False
3.6576,0.0085,0.006734900000000001,0.0008,13215,TRISO,SS316,Zircaloy,Zircaloy,SS316,Light Water Reactor,high,fixed_core_power,870.0,0.9,45.0,True,0.3,0.0,0.25,29714636.922049258,30512924.493359547,118858547.68819703,891439.1076614778,21959366.848341305,5425255.339001969,2330014.7347059846,798287.5713102898,0.0651647098835735,70.37788667425939,2248.5536830911283,2308.961369153201,31.949718716312827,32.80805204964616,96.8173294433722,99.41833954438229,18.0,0.5662611681998668,8.254999999999981e-05,True,True,False,False,False
3.6576,0.009000000000000001,0.008034900000000001,0.0004,13215,TRISO,SS316,Zircaloy,Zircaloy,SS316,Light Water Reactor,high,fixed_core_power,870.0,0.9,45.0,True,0.3,0.0,0.25,40282429.166831866,41418637.62098633,161129716.66732746,1208472.875004956,31254925.114281327,7721805.028234211,1305699.0243163293,1136208.4541544623,0.09274940127241423,100.16935337420739,3048.2352755831907,3134.2139705627187,30.430817140206088,31.289150473539422,92.2145973945639,94.815607495574,18.0,0.31622376925447115,8.254999999999981e-05,True,True,False,False,False
3.6576,0.009000000000000001,0.007834900000000002,0.0005,13215,TRISO,SS316,Zircaloy,Zircaloy,SS316,Light Water Reactor,high,fixed_core_power,870.0,0.9,45.0,True,0.3,0.0,0.25,38671242.01828764,39751590.78342427,154684968.07315055,1160137.260548629,29718331.727059647,7342176.073744148,1610734.2174838379,1080348.765136639,0.08818954018994947,95.24470340514543,2926.3141898061017,3008.065893562185,30.724167173457886,31.58250050679122,93.10353688926632,95.70454699027643,18.0,0.3906834358521811,8.254999999999894e-05,True,True,False,False,False
3.6576,0.009000000000000001,0.007634900000000002,0.0006000000000000001,13215,TRISO,SS316,Zircaloy,Zircaloy,SS316,Light Water Reactor,high,fixed_core_power,870.0,0.9,45.0,True,0.3,0.0,0.25,37100821.72488388,38126718.750416495,148403286.8995355,1113024.6517465163,28220468.339893952,6972115.707503212,1908237.6774867135,1025897.0255326154,0.08374461089194231,90.4441797632977,2807.4779965859916,2885.1092508828224,31.041002350106645,31.89933568343998,94.06364348517165,96.66465358618176,18.0,0.4633045921635271,8.254999999999981e-05,True,True,False,False,False
3.6576,0.009000000000000001,0.007434900000000001,0.0007000000000000001,13215,TRISO,SS316,Zircaloy,Zircaloy,SS316,Light Water Reactor,high,fixed_core_power,870.0,0.9,45.0,True,0.3,0.0,0.25,35571168.28662062,36544021.52196301,142284673.14648247,1067135.0485986185,26761334.95278425,6611623.929511404,2198209.4043249628,972853.2353423922,0.0794146133783928,85.76778244866422,2691.726695922862,2765.3440425246317,31.38389053644914,32.24222386978247,95.10269859530042,97.70370869631051,18.0,0.5340872381885108,8.254999999999981e-05,True,True,False,False,False
3.6576,0.009000000000000001,0.007234900000000002,0.0008,13215,TRISO,SS316,Zircaloy,Zircaloy,SS316,Light Water Reactor,high,fixed_core_power,870.0,0.9,45.0,True,0.3,0.0,0.25,34082281.703497864,35003499.098063834,136329126.81399146,1022468.4511049358,25340931.565730557,6260700.739768726,2480649.3979985807,921217.3945659696,0.07519954764930095,81.21551146124503,2579.0602878167133,2648.7702684876153,31.755759970155538,32.61409330348887,96.229575667138,98.8305857681481,18.0,0.6030313739271308,8.254999999999981e-05,True,True,False,False,False
3.6576,0.0095,0.0085349,0.0004,13215,TRISO,SS316,Zircaloy,Zircaloy,SS316,Light Water Reactor,high,fixed_core_power,870.0,0.9,45.0,True,0.3,0.0,0.25,45359608.67659248,46641626.13197687,181438434.7063699,1360788.2602977743,35265852.33258054,8712739.98804931,1381016.355962628,1282017.4553843983,0.10465188053557838,113.02403097842463,3432.4334980395365,3529.4457912960174,30.369059290539372,31.227392623872703,92.02745239557385,94.62846249658395,18.0,0.33460887211810336,8.254999999999981e-05,True,True,False,False,False
3.6576,0.0095,0.0083349,0.0005,13215,TRISO,SS316,Zircaloy,Zircaloy,SS316,Light Water Reactor,high,fixed_core_power,870.0,0.9,45.0,True,0.3,0.0,0.25,43646504.39019698,44869142.28302905,174586017.56078792,1309395.1317059093,33632433.945218846,8309189.5629364215,1704880.8820417086,1222637.8928320734,0.09980468999196945,107.78906519132701,3302.8001808699946,3395.31912849255,30.64132873782216,31.49966207115549,92.85251132673382,95.45352142774391,18.0,0.41366481443172065,8.255000000000068e-05,True,True,False,False,False
3.6576,0.0095,0.0081349,0.0006000000000000001,13215,TRISO,SS316,Zircaloy,Zircaloy,SS316,Light Water Reactor,high,fixed_core_power,870.0,0.9,45.0,True,0.3,0.0,0.25,41974166.958942,43138833.238635555,167896667.835768,1259225.00876826,32037745.557913173,7915207.726072666,2021213.6749561618,1164666.2796935495,0.09507243123281824,102.67822573144369,3176.251756257435,3264.3839000102575,30.93403429627782,31.792367629611157,93.73949786750853,96.34050796851865,18.0,0.4908822464589754,8.254999999999981e-05,True,True,False,False,False
3.6576,0.0095,0.0079349,0.0007000000000000001,13215,TRISO,SS316,Zircaloy,Zircaloy,SS316,Light Water Reactor,high,fixed_core_power,870.0,0.9,45.0,True,0.3,0.0,0.25,40342596.3828275,41450698.99879632,161370385.53131,1210277.891484825,30481787.17066348,7530794.4774580365,2330014.734705985,1108102.6159688253,0.09045510425812461,97.69151259877458,3052.7882242018536,3136.640105849135,31.249267648663135,32.10760098199647,94.69475045049434,97.29576055150444,18.0,0.5662611681998669,8.254999999999981e-05,True,True,False,False,False
3.6576,0.0095,0.0077349,0.0008,13215,TRISO,SS316,Zircaloy,Zircaloy,SS316,Light Water Reactor,high,fixed_core_power,870.0,0.9,45.0,True,0.3,0.0,0.25,38751792.6618535,39804739.5635114,155007170.647414,1162553.779855605,28964558.783469785,7155949.817092535,2631284.061291179,1052946.9016579017,0.08595270906788864,92.82892579331975,2932.409584703254,3012.0877460091865,31.589394788776914,32.44772812211025,95.72543875386944,98.32644885487953,18.0,0.6398015796543954,8.254999999999938e-05,True,True,False,False,False
3.6576,0.01,0.0090349,0.0004,13215,TRISO,SS316,Zircaloy,Zircaloy,SS316,Light Water Reactor,high,fixed_core_power,870.0,0.9,45.0,True,0.3,0.0,0.25,50738654.36326013,52175280.50371072,202954617.4530405,1522159.6308978037,39518842.05122974,9763478.624421464,1456333.687608927,1436626.140450587,0.1172726834516028,126.654498127731,3839.474412656839,3948.186190216475,30.31455234053141,31.172885673864744,91.86227981979215,94.46328992080225,18.0,0.35299397498173557,8.254999999999981e-05,True,True,False,False,False
3.6576,0.01,0.0088349,0.0005,13215,TRISO,SS316,Zircaloy,Zircaloy,SS316,Light Water Reactor,high,fixed_core_power,870.0,0.9,45.0,True,0.3,0.0,0.25,48923632.9390134,50297359.64337716,195694531.7560536,1467708.988170402,37788598.66372806,9336006.728685757,1799027.5465995825,1373726.7043637612,0.11213816344684979,121.10921652259778,3702.128864094847,3806.0809416100765,30.56851468776587,31.4268480210992,92.6318626901996,95.23287279120969,18.0,0.436646193011261,8.255000000000068e-05,True,True,False,False,False
3.6576,0.01,0.008634900000000001,0.0006000000000000001,13215,TRISO,SS316,Zircaloy,Zircaloy,SS316,Light Water Reactor,high,fixed_core_power,870.0,0.9,45.0,True,0.3,0.0,0.25,47149378.36990718,48461613.587597914,188597513.4796287,1414481.3510972152,36097085.276282385,8918103.421199178,2134189.67242561,1312235.2176907363,0.10711857522655445,115.68806124467883,3567.8682080898357,3667.1671273248517,30.840418360403138,31.69875169373647,93.45581321334284,96.05682331435293,18.0,0.5184599007544237,8.254999999999981e-05,True,True,False,False,False
3.6576,0.01,0.0084349,0.0007000000000000001,13215,TRISO,SS316,Zircaloy,Zircaloy,SS316,Light Water Reactor,high,fixed_core_power,870.0,0.9,45.0,True,0.3,0.0,0.25,45415890.65594143,46668042.336372934,181663562.6237657,1362476.7196782427,34444301.888892695,8509768.701961726,2461820.065087007,1252151.680431511,0.10221391879071673,110.39103229397405,3436.692444641803,3531.444747360797,31.1319893765447,31.99032270987803,94.33936174710514,96.94037184811523,18.0,0.598435098211223,8.254999999999981e-05,True,True,False,False,False
3.6576,0.01,0.0082349,0.0008,13215,TRISO,SS316,Zircaloy,Zircaloy,SS316,Light Water Reactor,high,fixed_core_power,870.0,0.9,45.0,True,0.3,0.0,0.25,43723169.797116175,44916645.88970226,174892679.1884647,1311695.0939134853,32830248.501559,8111002.5709734,2781918.724583776,1193476.092586086,0.09742419413933662,105.21812967048353,3308.601573750751,3398.913801717916,31.445166190583798,32.30349952391713,95.28838239570848,97.88939249671857,18.0,0.6765717853816596,8.254999999999981e-05,True,True,False,False,False
3.6576,0.0105,0.0095349,0.0004,13215,TRISO,SS316,Zircaloy,Zircaloy,SS316,Light Water Reactor,high,fixed_core_power,870.0,0.9,45.0,True,0.3,0.0,0.27177374735014054,56419566.22683484,58019600.73618787,207597557.8102712,1692586.9868050453,44013894.27022894,10874020.93735068,1531651.0192552248,1600034.5093530286,0.13061181002048752,141.06075482212654,4269.3580194351,4390.435167324092,30.266093675867783,31.124427009201113,91.71543538141752,94.31644548242761,18.0,0.37137907784536756,8.254999999999981e-05,True,True,False,False,False
3.6576,0.0105,0.0093349,0.0005,13215,TRISO,SS316,Zircaloy,Zircaloy,SS316,Light Water Reactor,high,fixed_core_power,870.0,0.9,45.0,True,0.3,0.0,0.2604921002564812,54502627.66473687,56036242.86446857,209229483.77733314,1635078.829942106,42186825.88258726,10422627.570992146,1893174.2111574546,1533615.1997317015,0.1251899605545904,135.20515739895762,4124.300239480656,4240.351332914761,30.50401566643532,31.362348999768646,92.43641111041005,95.03742121142014,18.0,0.4596275715908009,8.255000000000068e-05,True,True,False,False,False
3.6576,0.0105,0.009134900000000001,0.0006000000000000001,13215,TRISO,SS316,Zircaloy,Zircaloy,SS316,Light Water Reactor,high,fixed_core_power,870.0,0.9,45.0,True,0.3,0.0,0.25,52626455.95777939,54095059.797303565,210505823.83111757,1578793.6787333817,40398487.49500159,9980802.792882746,2247165.6698950566,1468603.8395241755,0.11988304287315095,129.47368630300303,3982.3273520831926,4093.4589328266034,30.757812384853878,31.61614571818721,93.20549207531478,95.80650217632487,18.0,0.5460375550498716,8.254999999999981e-05,True,True,False,False,False
3.6576,0.0105,0.0089349,0.0007000000000000001,13215,TRISO,SS316,Zircaloy,Zircaloy,SS316,Light Water Reactor,high,fixed_core_power,870.0,0.9,45.0,True,0.3,0.0,0.25,50791051.10596242,52196051.53469287,203164204.42384967,1523731.5331788724,38648879.10747191,9548546.603022473,2593625.395468031,1405000.4287304496,0.11469105697616913,123.86634153426265,3843.4393572427102,3949.757967059619,31.028924481309375,31.88725781464271,94.02704388275568,96.62805398376578,18.0,0.6306090282225797,8.254999999999981e-05,True,True,False,False,False
3.6576,0.0105,0.0087349,0.0008,13215,TRISO,SS316,Zircaloy,Zircaloy,SS316,Light Water Reactor,high,fixed_core_power,870.0,0.9,45.0,True,0.3,0.0,0.25,48996413.10928592,50339218.07663644,195985652.43714368,1469892.3932785776,36938000.719998226,9125859.001411326,2932553.387876373,1342804.9673505237,0.10961400286364492,118.38312309273653,3707.6362549592072,3809.2484356138057,31.31895964642524,32.17729297975857,94.90593832250073,97.5069484235108,18.0,0.7133419911089238,8.254999999999981e-05,True,True,False,False,False
3.6576,0.011,0.0100349,0.0004,13215,TRISO,SS316,Zircaloy,Zircaloy,SS316,Light Water Reactor,high,fixed_core_power,870.0,0.9,45.0,True,0.3,0.0,0.3010241338531101,62402344.26731657,64174586.829408295,207300137.26330283,1872070.3280194972,48751008.989578106,12044366.926836943,1606968.3509015238,1772242.5620917217,0.14466926024223248,156.2428010616111,4722.0843183743145,4856.1927226188645,30.222732095747944,31.08106542908128,91.58403665378164,94.18504675479176,18.0,0.38976418070899976,8.254999999999981e-05,True,True,False,False,False
3.6576,0.011,0.0098349,0.0005,13215,TRISO,SS316,Zircaloy,Zircaloy,SS316,Light Water Reactor,high,fixed_core_power,870.0,0.9,45.0,True,0.3,0.0,0.2891446188915529,60383488.567367375,62085791.94630327,208834903.44330052,1811504.6570210212,46827115.60179645,11569052.089855593,1987320.8757153298,1702303.3789358942,0.13896008131519128,150.07688782040657,4569.314307027422,4698.130302406604,30.446488952352286,31.304822285685617,92.26208773440086,94.86309783541095,18.0,0.48260895017034156,8.254999999999894e-05,True,True,False,False,False
3.6576,0.011,0.0096349,0.0006000000000000001,13215,TRISO,SS316,Zircaloy,Zircaloy,SS316,Light Water Reactor,high,fixed_core_power,870.0,0.9,45.0,True,0.3,0.0,0.2775042510771548,58405399.722558625,60039171.86775249,210466684.72952548,1752161.9916767587,44941952.21407076,11103305.841123365,2360141.6673645023,1633772.1451938665,0.13336583417260767,144.0351009064163,4419.629188237504,4543.259316515512,30.68438984958995,31.54272318292329,92.98299954421196,95.58400964522208,18.0,0.5736152093453193,8.254999999999981e-05,True,True,False,False,False
3.6576,0.011,0.0094349,0.0007000000000000001,13215,TRISO,SS316,Zircaloy,Zircaloy,SS316,Light Water Reactor,high,fixed_core_power,870.0,0.9,45.0,True,0.3,0.0,0.26610303040991595,56468077.7328904,58034726.593756035,212203813.10917306,1694042.3319867118,43095518.826401085,10647128.180640267,2725430.72584905,1566648.8608656393,0.1278865188144817,138.11744031964028,4273.0289620045705,4391.579764945594,30.937649525763376,31.795982859096704,93.75045310837386,96.35146320938395,18.0,0.6627829582339351,8.254999999999981e-05,True,True,False,False,False
3.6576,0.011,0.009234899999999999,0.0008,13215,TRISO,SS316,Zircaloy,Zircaloy,SS316,Light Water Reactor,high,fixed_core_power,870.0,0.9,45.0,True,0.3,0.0,0.25494095688983615,54571522.59836269,56072456.124313906,214055533.73655796,1637145.6779508807,41287815.438787416,10200519.108406302,3083188.051168969,1500933.525951213,0.12252213524081343,132.3239060600785,4129.513628328618,4243.091647696852,31.20761585176991,32.06594918510324,94.56853288415124,97.16954298516134,18.0,0.7501121968361878,8.254999999999981e-05,True,True,False,False,False
3.6576,0.0115,0.0105349,0.0004,13215,TRISO,SS316,Zircaloy,Zircaloy,SS316,Light Water Reactor,high,fixed_core_power,870.0,0.9,45.0,True,0.3,0.0,0.3317691900258245,68686988.48470537,70640238.78337204,207032450.72081244,2060609.6545411611,53730186.20927729,13274516.592880271,1682285.682547821,1953250.2986666684,0.15944503411683777,172.2006368461848,5197.653309474489,5345.458856100798,30.183705499981407,31.042038833314738,91.4657742423679,94.06678434337799,18.0,0.4081492835726315,8.254999999999981e-05,True,True,False,False,False
3.6576,0.0115,0.010334900000000001,0.0005,13215,TRISO,SS316,Zircaloy,Zircaloy,SS316,Light Water Reactor,high,fixed_core_power,870.0,0.9,45.0,True,0.3,0.0,0.3192918071963694,66566215.646904916,68446006.88888125,208480813.30807734,1996986.4694071475,51709467.82135562,12775280.285276094,2081467.5402732014,1879791.2419763396,0.15344852572865245,165.72440778694462,5037.171066735143,5179.417850085603,30.394865391288242,31.253198724621573,92.10565270087346,94.70666280188355,18.0,0.5055903287498813,8.254999999999894e-05,True,True,False,False,False
3.6576,0.0115,0.0101349,0.0006000000000000001,13215,TRISO,SS316,Zircaloy,Zircaloy,SS316,Light Water Reactor,high,fixed_core_power,870.0,0.9,45.0,True,0.3,0.0,0.30705357151407336,64486209.664244935,66293949.79894475,210016152.38104892,1934586.289927348,49727479.43348994,12285612.565921044,2473117.66483395,1807740.1346998108,0.1475669491249247,159.37230505491868,4879.773716552776,5016.568278391582,30.618705771189273,31.47703910452261,92.78395688239173,95.38496698340185,18.0,0.6011928636407674,8.254999999999981e-05,True,True,False,False,False
3.6576,0.0115,0.0099349,0.0007000000000000001,13215,TRISO,SS316,Zircaloy,Zircaloy,SS316,Light Water Reactor,high,fixed_core_power,870.0,0.9,45.0,True,0.3,0.0,0.2950544829789366,62446970.53672546,64184067.513562545,211645557.47889936,1873409.1161017637,47784221.04568027,11805513.434815126,2857236.056230072,1737096.9768370828,0.14180030430565466,153.144328650107,4725.46125892739,4856.910141018732,30.856260238822028,31.714593572155362,93.50381890552129,96.10482900653139,18.0,0.6949568882452911,8.254999999999981e-05,True,True,False,False,False
3.6576,0.0115,0.0097349,0.0008,13215,TRISO,SS316,Zircaloy,Zircaloy,SS316,Light Water Reactor,high,fixed_core_power,870.0,0.9,45.0,True,0.3,0.0,0.2832945415909589,60448498.264346495,62116360.03273465,213376854.79173967,1813454.947930395,45879692.6579266,11334982.891958337,3233822.7144615646,1667861.7683881551,0.13614859127084225,147.04047857250964,4574.233693858986,4700.4434379670565,31.108669791246005,31.967003124579335,94.2686963371091,96.8697064381192,18.0,0.7868824025634518,8.254999999999981e-05,True,True,False,False,False
3.6576,0.012,0.0110349,0.0004,13215,TRISO,SS316,Zircaloy,Zircaloy,SS316,Light Water Reactor,high,fixed_core_power,870.0,0.9,45.0,True,0.3,0.0,0.3640089158682834,75273498.8790012,77416556.59807907,206790261.44029647,2258204.966370036,58951425.92932643,14564469.935480649,1757603.0141941183,2143057.719077867,0.17493913164430328,188.93426217584755,5696.064992735619,5858.233567769888,30.14839620478205,31.006729538115383,91.35877637812742,93.95978647913752,18.0,0.4265343864362633,8.254999999999981e-05,True,True,False,False,False
3.6576,0.012,0.010834900000000001,0.0005,13215,TRISO,SS316,Zircaloy,Zircaloy,SS316,Light Water Reactor,high,fixed_core_power,870.0,0.9,45.0,True,0.3,0.0,0.35093366517093044,73050808.9033495,75116887.69220254,208161302.70023653,2191524.267100485,56833882.54126477,14041312.15725365,2175614.2048310745,2066078.788853037,0.16865529379497385,182.14771729857173,5527.870518603821,5684.213975951762,30.348283253765306,31.206616587098637,91.96449470837972,94.56550480938981,18.0,0.5285717073294214,8.254999999999894e-05,True,True,False,False,False
3.6576,0.012,0.010634900000000001,0.0006000000000000001,13215,TRISO,SS316,Zircaloy,Zircaloy,SS316,Light Water Reactor,high,fixed_core_power,870.0,0.9,45.0,True,0.3,0.0,0.3380975616207367,70868885.7828383,72859393.5908803,209610756.85702807,2126066.573485149,54755069.15325911,13527722.967275782,2586093.6623033974,1990507.8080420077,0.16248638773010204,175.48529874851022,5362.760937029005,5513.385818454809,30.559602287337086,31.417935620670416,92.60485541617298,95.20586551718307,18.0,0.6287705179362155,8.254999999999981e-05,True,True,False,False,False
3.6576,0.012,0.0104349,0.0007000000000000001,13215,TRISO,SS316,Zircaloy,Zircaloy,SS316,Light Water Reactor,high,fixed_core_power,870.0,0.9,45.0,True,0.3,0.0,0.32550060521770197,68727729.51746757,70644074.29411235,211144705.772516,2061831.885524027,52714985.765309446,13023702.365547039,2989041.3866110938,1916344.7766447787,0.1564324134496879,168.9470065256629,5200.736248011167,5345.749095279028,30.78323999319384,31.641573326527173,93.28254543392072,95.88355553493082,18.0,0.7271308182566472,8.254999999999981e-05,True,True,False,False,False
3.6576,0.012,0.0102349,0.0008,13215,TRISO,SS316,Zircaloy,Zircaloy,SS316,Light Water Reactor,high,fixed_core_power,870.0,0.9,45.0,True,0.3,0.0,0.3131427959618265,66627340.10723736,68470929.80189872,212769832.05885258,1998820.2032171208,50713632.377415776,12529250.352067428,3384457.37775416,1843589.69466135,0.15049337095373136,162.53284063002985,5041.796451550311,5181.30380642442,31.020170643709157,31.87850397704249,94.00051710214896,96.60152720315907,18.0,0.8236526082907157,8.254999999999981e-05,True,True,False,False,False
3.6576,0.008,0.0070349,0.0004,13215,TRISO,Inconel,Zircaloy,Zircaloy,SS316,Light Water Reactor,low,fixed_core_power,870.0,0.9,45.0,True,0.3,0.0,0.25,10053766.593815327,10924756.097018674,40215066.37526131,301612.9978144598,7704545.7672788,657705.1264750195,1691515.7000615075,870989.5032033472,0.07109941370466671,76.78736680104006,760.7844565883713,826.6936130925974,9.907677373018952,10.766010706352285,30.023264766724097,32.624274867734194,18.0,0.2958714603844306,8.254999999999981e-05,True,True,False,False,False
3.6576,0.008,0.0068349000000000005,0.0005,13215,TRISO,Inconel,Zircaloy,Zircaloy,SS316,Light Water Reactor,low,fixed_core_power,870.0,0.9,45.0,True,0.3,0.0,0.25,9977719.168840079,10799888.730094604,39910876.675360315,299331.57506520237,7272697.305595586,620840.0138923061,2084181.8493521868,822169.5612545254,0.06711421154449015,72.48334846804936,755.0298273810124,817.2447014827547,10.41659696107761,11.274930294410943,31.565445336598817,34.16645543760892,18.0,0.36497301856632025,8.254999999999981e-05,True,True,False,False,False
3.6576,0.008,0.006634900000000001,0.0006000000000000001,13215,TRISO,Inconel,Zircaloy,Zircaloy,SS316,Light Water Reactor,low,fixed_core_power,870.0,0.9,45.0,True,0.3,0.0,0.25,9904128.255006265,10678885.82372577,39616513.02002506,297123.84765018796,6853303.196871556,585038.0777817182,2465786.9803529903,774757.568719504,0.06324394116877123,68.30345646227293,749.4610862660813,808.0882197295323,10.972520646594838,11.830853979928172,33.2500625654389,35.85107266644901,18.0,0.4321280539825234,8.254999999999981e-05,True,True,False,False,False
3.6576,0.008,0.0064349,0.0007000000000000001,13215,TRISO,Inconel,Zircaloy,Zircaloy,SS316,Light Water Reactor,low,fixed_core_power,870.0,0.9,45.0,True,0.3,0.0,0.25,9832993.852313882,10561747.377912164,39331975.40925553,294989.81556941645,6446363.44110671,550299.3181432557,2836331.0930639156,728753.5255982828,0.05948860257750994,64.24769078371072,744.0782332435779,799.2241678329295,11.581400423378804,12.439733756712137,35.09515279811759,37.696162899127685,18.0,0.49733656663303955,8.254999999999981e-05,True,True,False,False,False
3.6576,0.008,0.006234900000000001,0.0008,13215,TRISO,Inconel,Zircaloy,Zircaloy,SS316,Light Water Reactor,low,fixed_core_power,870.0,0.9,45.0,True,0.3,0.0,0.25,9764315.960762927,10448473.39265379,39057263.84305171,292929.4788228878,6051878.038301048,516623.7349769187,3195814.1874849605,684157.4318908624,0.055848195770706315,60.316051432362826,738.8812683135019,790.6525457929466,12.250159796054755,13.108493129388087,37.121696351681074,39.72270645269117,18.0,0.5605985565178683,8.254999999999981e-05,True,True,False,False,False
3.6576,0.0085,0.007534900000000001,0.0004,13215,TRISO,Inconel,Zircaloy,Zircaloy,SS316,Light Water Reactor,low,fixed_core_power,870.0,0.9,45.0,True,0.3,0.0,0.25,11395299.903640904,12394499.040401682,45581199.614563614,341858.9971092271,8838654.715683263,754519.3049973516,1802125.8829602906,999199.1367607785,0.08156524566211033,88.09046531507916,862.3004089020736,937.91139163085,9.78880524490165,10.647138578234983,29.66304619667166,32.26405629768177,18.0,0.31533668804130094,8.254999999999981e-05,True,True,False,False,False
3.6576,0.0085,0.007334900000000001,0.0005,13215,TRISO,Inconel,Zircaloy,Zircaloy,SS316,Light Water Reactor,low,fixed_core_power,870.0,0.9,45.0,True,0.3,0.0,0.25,11313111.20081208,12259970.522089537,45252444.80324832,339393.3360243624,8375670.37160209,714996.2512343248,2222444.5779756666,946859.3212774559,0.07729271404078966,83.47613116405286,856.0810594636459,927.731405379458,10.255399328236935,11.113732661570268,31.076967661324044,33.677977762334145,18.0,0.3893045531374084,8.254999999999981e-05,True,True,False,False,False
3.6576,0.0085,0.007134900000000001,0.0006000000000000001,13215,TRISO,Inconel,Zircaloy,Zircaloy,SS316,Light Water Reactor,low,fixed_core_power,870.0,0.9,45.0,True,0.3,0.0,0.25,11233379.00912469,12129306.464332623,44933516.03649876,337001.37027374073,7925140.380480102,676536.3739434234,2631702.2547011655,895927.4552079336,0.07313511420392664,78.98592334024077,850.0475981176459,917.8438489846858,10.762013814233327,11.62034714756666,32.612163073434324,35.21317317444442,18.0,0.4613258954678291,8.254999999999981e-05,True,True,False,False,False
3.6576,0.0085,0.006934900000000001,0.0007000000000000001,13215,TRISO,Inconel,Zircaloy,Zircaloy,SS316,Light Water Reactor,low,fixed_core_power,870.0,0.9,45.0,True,0.3,0.0,0.25,11156103.32857873,12002506.86713094,44624413.31431492,334683.09985736187,7487064.742317296,639139.6731246472,3029898.913136785,846403.5385522114,0.06909244615152124,74.61984184364293,844.2000248640734,908.2487224465335,11.313345137249083,12.171678470582416,34.28286405226995,36.88387415328005,18.0,0.5314007150325625,8.254999999999981e-05,True,True,False,False,False
3.6576,0.0085,0.006734900000000001,0.0008,13215,TRISO,Inconel,Zircaloy,Zircaloy,SS316,Light Water Reactor,low,fixed_core_power,870.0,0.9,45.0,True,0.3,0.0,0.25,11081284.159174196,11879571.730484486,44325136.636696786,332438.5247752259,7061443.457113675,602806.1487779967,3417034.5532825254,798287.5713102898,0.0651647098835735,70.37788667425939,838.5383397029282,898.9460257650009,11.914798515960872,12.773131849294206,36.10545004836628,38.70646014937638,18.0,0.5995290118316089,8.254999999999981e-05,True,True,False,False,False
3.6576,0.009000000000000001,0.008034900000000001,0.0004,13215,TRISO,Inconel,Zircaloy,Zircaloy,SS316,Light Water Reactor,low,fixed_core_power,870.0,0.9,45.0,True,0.3,0.0,0.25,12821317.772412164,13957526.226566626,51285271.08964866,384639.5331723649,10050603.370082622,857978.3364704679,1912736.0658590738,1136208.4541544623,0.09274940127241423,100.16935337420739,970.2094417262326,1056.1881367057606,9.685691372108346,10.54402470544168,29.350579915479834,31.951590016489938,18.0,0.3348019156981713,8.254999999999981e-05,True,True,False,False,False
3.6576,0.009000000000000001,0.007834900000000002,0.0005,13215,TRISO,Inconel,Zircaloy,Zircaloy,SS316,Light Water Reactor,low,fixed_core_power,870.0,0.9,45.0,True,0.3,0.0,0.25,12732987.791729769,13813336.556866407,50931951.166919075,381989.63375189307,9556483.143603494,815797.3415271275,2360707.3065991476,1080348.765136639,0.08818954018994947,95.24470340514543,963.5253720567362,1045.2770758128192,10.116314478487665,10.974647811820999,30.655498419659587,33.25650852066969,18.0,0.41363608770849675,8.254999999999894e-05,True,True,False,False,False
3.6576,0.009000000000000001,0.007634900000000002,0.0006000000000000001,13215,TRISO,Inconel,Zircaloy,Zircaloy,SS316,Light Water Reactor,low,fixed_core_power,870.0,0.9,45.0,True,0.3,0.0,0.25,12647114.322188795,13673011.347721409,50588457.28875518,379413.4296656638,9074817.270083545,774679.5230559123,2797617.529049338,1025897.0255326154,0.08374461089194231,90.4441797632977,957.0271904796666,1034.6584447764972,10.58141267889555,11.439746012228884,32.06488690574409,34.66589700675419,18.0,0.4905237369531343,8.254999999999981e-05,True,True,False,False,False
3.6576,0.009000000000000001,0.007434900000000001,0.0007000000000000001,13215,TRISO,Inconel,Zircaloy,Zircaloy,SS316,Light Water Reactor,low,fixed_core_power,870.0,0.9,45.0,True,0.3,0.0,0.25,12563697.363789257,13536550.59913165,50254789.45515703,376910.92091367766,8605605.74952278,734624.8810568226,3223466.7332096556,972853.2353423922,0.0794146133783928,85.76778244866422,950.7148969950251,1024.3322435967953,11.084755485710147,11.94308881904348,33.590168138515594,36.19117823952569,18.0,0.5654648634320857,8.254999999999981e-05,True,True,False,False,False
3.6576,0.009000000000000001,0.007234900000000002,0.0008,13215,TRISO,Inconel,Zircaloy,Zircaloy,SS316,Light Water Reactor,low,fixed_core_power,870.0,0.9,45.0,True,0.3,0.0,0.25,12482736.91653115,13403954.311097119,49930947.6661246,374482.10749593447,8148848.581921198,695633.4155298584,3638254.9190800926,921217.3945659696,0.07519954764930095,81.21551146124503,944.5884916028111,1014.2984722737132,11.630641420679304,12.488974754012638,35.24436794145243,37.845378042462535,18.0,0.6384594671453497,8.254999999999981e-05,True,True,False,False,False
3.6576,0.0095,0.0085349,0.0004,13215,TRISO,Inconel,Zircaloy,Zircaloy,SS316,Light Water Reactor,low,fixed_core_power,870.0,0.9,45.0,True,0.3,0.0,0.25,14331820.200129105,15613837.655513503,57327280.80051642,429954.6060038731,11340391.730476879,968082.2208943677,2023346.248757858,1282017.4553843983,0.10465188053557838,113.02403097842463,1084.511555060848,1181.5238483173289,9.595406796877315,10.453740130210647,29.07699029356762,31.67800039457772,18.0,0.3542671433550419,8.254999999999981e-05,True,True,False,False,False
3.6576,0.0095,0.0083349,0.0005,13215,TRISO,Inconel,Zircaloy,Zircaloy,SS316,Light Water Reactor,low,fixed_core_power,870.0,0.9,45.0,True,0.3,0.0,0.25,14237348.941593124,15459986.834425196,56949395.766372494,427120.4682477937,10815135.621599786,923243.2847707134,2498970.035222624,1222637.8928320734,0.09980468999196945,107.78906519132701,1077.3627651602817,1169.8817127828374,9.995102594571616,10.85343592790495,30.28818968052005,32.88919978153015,18.0,0.43796762227958425,8.255000000000068e-05,True,True,False,False,False
3.6576,0.0095,0.0081349,0.0006000000000000001,13215,TRISO,Inconel,Zircaloy,Zircaloy,SS316,Light Water Reactor,low,fixed_core_power,870.0,0.9,45.0,True,0.3,0.0,0.25,14145334.194198582,15310000.473892132,56581336.77679433,424360.0258259575,10302333.865681883,879467.5251191851,2963532.803397515,1164666.2796935495,0.09507243123281824,102.67822573144369,1070.399863352144,1158.5320071049664,10.424798984662917,11.28313231799625,31.590299953523992,34.19131005453409,18.0,0.5197215784384402,8.254999999999981e-05,True,True,False,False,False
3.6576,0.0095,0.0079349,0.0007000000000000001,13215,TRISO,Inconel,Zircaloy,Zircaloy,SS316,Light Water Reactor,low,fixed_core_power,870.0,0.9,45.0,True,0.3,0.0,0.25,14055775.957945468,15163878.573914293,56223103.83178187,421673.278738364,9801986.462723158,836754.9419397818,3417034.5532825277,1108102.6159688253,0.09045510425812461,97.69151259877458,1063.6228496364333,1147.474731283715,10.887566599616507,11.745899932949843,32.99262605944396,35.59363616045407,18.0,0.5995290118316092,8.254999999999981e-05,True,True,False,False,False
3.6576,0.0095,0.0077349,0.0008,13215,TRISO,Inconel,Zircaloy,Zircaloy,SS316,Light Water Reactor,low,fixed_core_power,870.0,0.9,45.0,True,0.3,0.0,0.25,13968674.232833784,15021621.134491686,55874696.93133514,419060.2269850135,9314093.412723618,795105.5352325039,3859475.2848776625,1052946.9016579017,0.08595270906788864,92.82892579331975,1057.0317240131506,1136.7098853190832,11.386878766286637,12.245212099619968,34.50569323117163,37.106703332181716,18.0,0.6773899224590911,8.254999999999938e-05,True,True,False,False,False
3.6576,0.01,0.0090349,0.0004,13215,TRISO,Inconel,Zircaloy,Zircaloy,SS316,Light Water Reactor,low,fixed_core_power,870.0,0.9,45.0,True,0.3,0.0,0.25,15926807.18679173,17363433.327242315,63707228.74716692,477804.2156037518,12708019.796866033,1084830.9582690517,2133956.431656643,1436626.140450587,0.1172726834516028,126.654498127731,1205.2067489059198,1313.9185264655555,9.515704272030428,10.37403760536376,28.835467491001296,31.436477592011393,18.0,0.37373237101191253,8.254999999999981e-05,True,True,False,False,False
3.6576,0.01,0.0088349,0.0005,13215,TRISO,Inconel,Zircaloy,Zircaloy,SS316,Light Water Reactor,low,fixed_core_power,870.0,0.9,45.0,True,0.3,0.0,0.25,15826194.650402175,17199921.354765937,63304778.6016087,474785.8395120652,12151627.805590985,1037334.080965084,2637232.7638461045,1373726.7043637612,0.11213816344684979,121.10921652259778,1197.5932387742848,1301.5453162895146,9.888539230627636,10.74687256396097,29.96527039584132,32.56628049685143,18.0,0.4622991568506726,8.255000000000068e-05,True,True,False,False,False
3.6576,0.01,0.008634900000000001,0.0006000000000000001,13215,TRISO,Inconel,Zircaloy,Zircaloy,SS316,Light Water Reactor,low,fixed_core_power,870.0,0.9,45.0,True,0.3,0.0,0.25,15728038.625154052,17040273.842844788,62912154.50061621,471841.1587546215,11607690.16727512,990900.380133242,3129448.0777456914,1312235.2176907363,0.10711857522655445,115.68806124467883,1190.1656167350777,1289.4645359700937,10.287713390043697,11.14604672337703,31.174889060738476,33.775899161748576,18.0,0.5489194199237462,8.254999999999981e-05,True,True,False,False,False
3.6576,0.01,0.0084349,0.0007000000000000001,13215,TRISO,Inconel,Zircaloy,Zircaloy,SS316,Light Water Reactor,low,fixed_core_power,870.0,0.9,45.0,True,0.3,0.0,0.25,15632339.11104736,16884490.79147887,62529356.44418944,468970.17333142075,11076206.881918436,945529.8557735251,3610602.373355398,1252151.680431511,0.10221391879071673,110.39103229397405,1182.923882788298,1277.6761855072923,10.715760675542398,11.574094008875731,32.47200204709817,35.073012148108276,18.0,0.6335931602311324,8.254999999999981e-05,True,True,False,False,False
3.6576,0.01,0.0082349,0.0008,13215,TRISO,Inconel,Zircaloy,Zircaloy,SS316,Light Water Reactor,low,fixed_core_power,870.0,0.9,45.0,True,0.3,0.0,0.25,15539096.108082095,16732572.20066818,62156384.43232838,466172.8832424628,10557177.949520933,901222.5078859333,4080695.6506752297,1193476.092586086,0.09742419413933662,105.21812967048353,1175.8680369339459,1266.1802649011108,11.175526885114438,12.03386021844777,33.86523298519526,36.46624308620537,18.0,0.7163203777728321,8.254999999999981e-05,True,True,False,False,False
3.6576,0.0105,0.0095349,0.0004,13215,TRISO,Inconel,Zircaloy,Zircaloy,SS316,Light Water Reactor,low,fixed_core_power,870.0,0.9,45.0,True,0.3,0.0,0.27177374735014054,17606278.732400034,19206313.241753064,64782853.03148479,528188.361972001,14153487.56925009,1208224.54859452,2244566.6145554255,1600034.5093530286,0.13061181002048752,141.06075482212654,1332.2950232614478,1453.37217115044,9.444831235600807,10.303164568934141,28.620700713941837,31.22171081495194,18.0,0.3931975986687829,8.254999999999981e-05,True,True,False,False,False
3.6576,0.0105,0.0093349,0.0005,13215,TRISO,Inconel,Zircaloy,Zircaloy,SS316,Light Water Reactor,low,fixed_core_power,870.0,0.9,45.0,True,0.3,0.0,0.2604921002564812,17499524.918156903,19033140.117888603,67178716.3638622,524985.747544707,13565959.69557708,1158069.7301102385,2775495.492469583,1533615.1997317015,0.1251899605545904,135.20515739895762,1324.2167928987442,1440.2678863328492,9.79412929487077,10.6524626282041,29.67917968142657,32.280189782436665,18.0,0.4866306914217605,8.255000000000068e-05,True,True,False,False,False
3.6576,0.0105,0.009134900000000001,0.0006000000000000001,13215,TRISO,Inconel,Zircaloy,Zircaloy,SS316,Light Water Reactor,low,fixed_core_power,870.0,0.9,45.0,True,0.3,0.0,0.25,17395227.615055203,18863831.45457938,69580910.46022081,521856.8284516561,12990886.174863257,1108978.088098083,3295363.352093865,1468603.8395241755,0.11988304287315095,129.47368630300303,1316.324450628468,1427.456031371879,10.166733397455888,11.025066730789222,30.808283022593596,33.4092931236037,18.0,0.5781172614090515,8.254999999999981e-05,True,True,False,False,False
3.6576,0.0105,0.0089349,0.0007000000000000001,13215,TRISO,Inconel,Zircaloy,Zircaloy,SS316,Light Water Reactor,low,fixed_core_power,870.0,0.9,45.0,True,0.3,0.0,0.25,17293386.82309494,18698387.251825392,69173547.29237977,518801.6046928482,12428267.007108616,1060949.6225580527,3804170.193428273,1405000.4287304496,0.11469105697616913,123.86634153426265,1308.6179964506198,1414.9366062675288,10.564758595769483,11.423091929102817,32.01441998718025,34.61543008819035,18.0,0.6676573086306563,8.254999999999981e-05,True,True,False,False,False
3.6576,0.0105,0.0087349,0.0008,13215,TRISO,Inconel,Zircaloy,Zircaloy,SS316,Light Water Reactor,low,fixed_core_power,870.0,0.9,45.0,True,0.3,0.0,0.25,17194002.5422761,18536807.509626623,68776010.1691044,515820.07626828295,11878102.192313155,1013984.3334901474,4301916.016472797,1342804.9673505237,0.10961400286364492,118.38312309273653,1301.0974303651985,1402.7096110197974,10.990565178331812,11.848898511665144,33.304742964641854,35.90575306565195,18.0,0.755250833086573,8.254999999999981e-05,True,True,False,False,False
3.6576,0.011,0.0100349,0.0004,13215,TRISO,Inconel,Zircaloy,Zircaloy,SS316,Light Water Reactor,low,fixed_core_power,870.0,0.9,45.0,True,0.3,0.0,0.3010241338531101,19370234.836954016,21142477.39904574,64347780.3225108,581107.0451086204,15676795.047629038,1338262.9918707716,2355176.7974542095,1772242.5620917217,0.14466926024223248,156.2428010616111,1465.7763781274323,1599.8847823719818,9.381401051235851,10.239734384569186,28.428488034048033,31.029498135058137,18.0,0.4126628263256535,8.254999999999981e-05,True,True,False,False,False
3.6576,0.011,0.0098349,0.0005,13215,TRISO,Inconel,Zircaloy,Zircaloy,SS316,Light Water Reactor,low,fixed_core_power,870.0,0.9,45.0,True,0.3,0.0,0.2891446188915529,19257339.744857315,20959643.12379321,66601065.649020456,577720.1923457194,15058131.291558072,1285450.232206177,2913758.2210930656,1702303.3789358942,0.13896008131519128,150.07688782040657,1457.2334275336598,1586.0494229128424,9.709912356907989,10.568245690241325,29.423976839115117,32.024986940125224,18.0,0.5109622259928491,8.254999999999894e-05,True,True,False,False,False
3.6576,0.011,0.0096349,0.0006000000000000001,13215,TRISO,Inconel,Zircaloy,Zircaloy,SS316,Light Water Reactor,low,fixed_core_power,870.0,0.9,45.0,True,0.3,0.0,0.2775042510771548,19146901.16390203,20780673.309095897,68996785.05673988,574407.0349170609,14451921.888446284,1233700.6490137072,3461278.626442037,1633772.1451938665,0.13336583417260767,144.0351009064163,1448.876365032314,1572.5064933103213,10.059189433093051,10.917522766426384,30.48239222149409,33.08340232250419,18.0,0.6073151028943568,8.254999999999981e-05,True,True,False,False,False
3.6576,0.011,0.0094349,0.0007000000000000001,13215,TRISO,Inconel,Zircaloy,Zircaloy,SS316,Light Water Reactor,low,fixed_core_power,870.0,0.9,45.0,True,0.3,0.0,0.26610303040991595,19038919.094088186,20605567.954953823,71547171.27707963,571167.5728226455,13858166.83829368,1183014.242293363,3997738.01350114,1566648.8608656393,0.1278865188144817,138.11744031964028,1440.7051906233967,1559.255993564421,10.431015715967686,11.289349049301018,31.60913853323541,34.210148634245506,18.0,0.7017214570301789,8.254999999999981e-05,True,True,False,False,False
3.6576,0.011,0.009234899999999999,0.0008,13215,TRISO,Inconel,Zircaloy,Zircaloy,SS316,Light Water Reactor,low,fixed_core_power,870.0,0.9,45.0,True,0.3,0.0,0.25494095688983615,18933393.535415772,20434327.061366986,74265797.7219297,568001.8060624731,13276866.141100265,1133391.0120451446,4523136.382270363,1500933.525951213,0.12252213524081343,132.3239060600785,1432.7199043069068,1546.297923675141,10.827370102394154,11.685703435727488,32.81021243149743,35.41122253250754,18.0,0.7941812884003139,8.254999999999981e-05,True,True,False,False,False
3.6576,0.0115,0.0105349,0.0004,13215,TRISO,Inconel,Zircaloy,Zircaloy,SS316,Light Water Reactor,low,fixed_core_power,870.0,0.9,45.0,True,0.3,0.0,0.3317691900258245,21218675.50045369,23171925.799120355,63956136.18854135,636560.2650136106,17277942.23200289,1474946.288097808,2465786.9803529917,1953250.2986666684,0.15944503411683777,172.2006368461848,1605.6508135038735,1753.456360130182,9.324302412064206,10.182635745397539,28.255461854740016,30.856471955750116,18.0,0.43212805398252363,8.254999999999981e-05,True,True,False,False,False
3.6576,0.0115,0.010334900000000001,0.0005,13215,TRISO,Inconel,Zircaloy,Zircaloy,SS316,Light Water Reactor,low,fixed_core_power,870.0,0.9,45.0,True,0.3,0.0,0.3192918071963694,21099639.130503405,22979430.372479744,66082619.89486877,632989.1739151021,16628142.593533965,1419475.5872528993,3052020.9497165424,1879791.2419763396,0.15344852572865245,165.72440778694462,1596.6431426790318,1738.8899260294925,9.634327037280332,10.492660370613665,29.194930416001007,31.795940517011104,18.0,0.5352937605639367,8.254999999999894e-05,True,True,False,False,False
3.6576,0.0115,0.0101349,0.0006000000000000001,13215,TRISO,Inconel,Zircaloy,Zircaloy,SS316,Light Water Reactor,low,fixed_core_power,870.0,0.9,45.0,True,0.3,0.0,0.30705357151407336,20983059.27169455,22790799.40639436,68336802.49419545,629491.7781508365,15990797.308024216,1365068.062880116,3627193.9007902127,1807740.1346998108,0.1475669491249247,159.37230505491868,1587.8213599466173,1724.6159217854226,9.962969158282954,10.821302491616288,30.190815631160465,32.79182573217057,18.0,0.6365129443796624,8.254999999999981e-05,True,True,False,False,False
3.6576,0.0115,0.0099349,0.0007000000000000001,13215,TRISO,Inconel,Zircaloy,Zircaloy,SS316,Light Water Reactor,low,fixed_core_power,870.0,0.9,45.0,True,0.3,0.0,0.2950544829789366,20868935.924027123,22606032.900864206,70729092.8554267,626068.0777208137,15365906.375473656,1311723.7149794584,4191305.83357401,1737096.9768370828,0.14180030430565466,153.144328650107,1579.1854653066305,1710.6343473979725,10.311746306418165,11.1700796397515,31.247716080055042,33.848726181065146,18.0,0.7357856054297021,8.254999999999981e-05,True,True,False,False,False
3.6576,0.0115,0.0097349,0.0008,13215,TRISO,Inconel,Zircaloy,Zircaloy,SS316,Light Water Reactor,low,fixed_core_power,870.0,0.9,45.0,True,0.3,0.0,0.2832945415909589,20757269.087501135,22425130.85588929,73270981.39953567,622718.072625034,14753469.795882279,1259442.5435509263,4744356.748067929,1667861.7683881551,0.13614859127084225,147.04047857250964,1570.735458759072,1696.9452028671426,10.68233369483016,11.540667028163492,32.370708166152,34.971718267162096,18.0,0.8331117437140546,8.254999999999981e-05,True,True,False,False,False
3.6576,0.012,0.0110349,0.0004,13215,TRISO,Inconel,Zircaloy,Zircaloy,SS316,Light Water Reactor,low,fixed_core_power,870.0,0.9,45.0,True,0.3,0.0,0.3640089158682834,23151600.722899035,25294658.4419769,63601740.819107965,694548.021686971,18956929.122371636,1618274.4372756276,2576397.1632517735,2143057.719077867,0.17493913164430328,188.93426217584755,1751.9183293907706,1914.0869044250398,9.272634350249298,10.130967683582632,28.098891970452417,30.69990207146252,18.0,0.4515932816393938,8.254999999999981e-05,True,True,False,False,False
3.6576,0.012,0.010834900000000001,0.0005,13215,TRISO,Inconel,Zircaloy,Zircaloy,SS316,Light Water Reactor,low,fixed_core_power,870.0,0.9,45.0,True,0.3,0.0,0.35093366517093044,23026423.075095177,25092501.863948215,65614745.3504628,690792.6922528553,18275993.60150475,1560145.7952504056,3190283.6783400225,2066078.788853037,0.16865529379497385,182.14771729857173,1742.44593833486,1898.789395682801,9.566114602900505,10.42444793623384,28.98822606939547,31.589236170405574,18.0,0.5596252951350249,8.254999999999894e-05,True,True,False,False,False
3.6576,0.012,0.010634900000000001,0.0006000000000000001,13215,TRISO,Inconel,Zircaloy,Zircaloy,SS316,Light Water Reactor,low,fixed_core_power,870.0,0.9,45.0,True,0.3,0.0,0.3380975616207367,22903701.938432742,24894209.74647475,67742878.20544867,687111.0581529823,17607512.433597047,1503080.329697309,3793109.175138388,1990507.8080420077,0.16248638773010204,175.48529874851022,1733.1594353713765,1883.7843167971812,9.876379661040353,10.734712994373687,29.928423215273796,32.5294333162839,18.0,0.6657107858649681,8.254999999999981e-05,True,True,False,False,False
3.6576,0.012,0.0104349,0.0007000000000000001,13215,TRISO,Inconel,Zircaloy,Zircaloy,SS316,Light Water Reactor,low,fixed_core_power,870.0,0.9,45.0,True,0.3,0.0,0.32550060521770197,22783437.31291175,24699782.089556526,69995068.97283243,683503.1193873525,16951485.61864853,1447078.0406163377,4384873.653646881,1916344.7766447787,0.1564324134496879,168.9470065256629,1724.0588205003214,1869.0716677681821,10.204731388587453,11.063064721920785,30.923428450265007,33.524438551275104,18.0,0.7698497538292253,8.254999999999981e-05,True,True,False,False,False
3.6576,0.012,0.0102349,0.0008,13215,TRISO,Inconel,Zircaloy,Zircaloy,SS316,Light Water Reactor,low,fixed_core_power,870.0,0.9,45.0,True,0.3,0.0,0.3131427959618265,22665629.19853218,24509218.893193528,72381129.28293334,679968.8759559654,16307913.156659191,1392138.9280074919,4965577.113865496,1843589.69466135,0.15049337095373136,162.53284063002985,1715.1440937216935,1854.6514485958023,10.55260024419213,11.410933577525462,31.977576497551908,34.578586598562005,18.0,0.8720421990277953,8.254999999999981e-05,True,True,False,False,False
3.6576,0.008,0.0070349,0.0004,13215,TRISO,Inconel,Zircaloy,Zircaloy,SS316,Light Water Reactor,mean,fixed_core_power,870.0,0.9,45.0,True,0.3,0.0,0.25,19324496.18298157,20195485.686184917,77297984.73192628,579734.885489447,14563470.657661146,3069509.8252589153,1691515.7000615075,870989.5032033472,0.07109941370466671,76.78736680104006,1462.3152616709474,1528.2244181751735,19.04369589153747,19.9020292248708,57.708169368295366,60.309179469305455,18.0,0.2958714603844306,8.254999999999981e-05,True,True,False,False,False
3.6576,0.008,0.0068349000000000005,0.0005,13215,TRISO,Inconel,Zircaloy,Zircaloy,SS316,Light Water Reactor,mean,fixed_core_power,870.0,0.9,45.0,True,0.3,0.0,0.25,18728813.930374358,19550983.49162888,74915255.72149743,561864.4179112307,13747171.736186778,2897460.3448353927,2084181.8493521868,822169.5612545254,0.06711421154449015,72.48334846804936,1417.2390412693424,1479.4539153710846,19.55261547959613,20.410948812929462,59.25034993817009,61.851360039180186,18.0,0.36497301856632025,8.254999999999981e-05,True,True,False,False,False
3.6576,0.008,0.006634900000000001,0.0006000000000000001,13215,TRISO,Inconel,Zircaloy,Zircaloy,SS316,Light Water Reactor,mean,fixed_core_power,870.0,0.9,45.0,True,0.3,0.0,0.25,18150574.2688126,18925331.837532103,72602297.0752504,544517.228064378,12954414.579452332,2730372.7090072786,2465786.9803529903,774757.568719504,0.06324394116877123,68.30345646227293,1373.48272938423,1432.109862847681,20.108539165113353,20.966872498446687,60.93496716701016,63.53597726802026,18.0,0.4321280539825234,8.254999999999981e-05,True,True,False,False,False
3.6576,0.008,0.0064349,0.0007000000000000001,13215,TRISO,Inconel,Zircaloy,Zircaloy,SS316,Light Water Reactor,mean,fixed_core_power,870.0,0.9,45.0,True,0.3,0.0,0.25,17589777.198296294,18318530.723894577,70359108.79318517,527693.3159488888,12185199.187457804,2568246.917774574,2836331.0930639156,728753.5255982828,0.05948860257750994,64.24769078371072,1331.0463260156105,1386.1922606049623,20.71741894189732,21.575752275230656,62.78005739968885,65.38106750069895,18.0,0.49733656663303955,8.254999999999981e-05,True,True,False,False,False
3.6576,0.008,0.006234900000000001,0.0008,13215,TRISO,Inconel,Zircaloy,Zircaloy,SS316,Light Water Reactor,mean,fixed_core_power,870.0,0.9,45.0,True,0.3,0.0,0.25,17046422.71882544,17730580.150716305,68185690.87530176,511392.6815647632,11439525.5602032,2411082.9711372796,3195814.1874849605,684157.4318908624,0.055848195770706315,60.316051432362826,1289.929831163484,1341.7011086429288,21.38617831457327,22.244511647906606,64.80660095325233,67.40761105426243,18.0,0.5605985565178683,8.254999999999981e-05,True,True,False,False,False
3.6576,0.0085,0.007534900000000001,0.0004,13215,TRISO,Inconel,Zircaloy,Zircaloy,SS316,Light Water Reactor,mean,fixed_core_power,870.0,0.9,45.0,True,0.3,0.0,0.25,22030680.661467142,23029879.79822792,88122722.64586857,660920.4198440142,16707213.182084214,3521341.5964226397,1802125.8829602906,999199.1367607785,0.08156524566211033,88.09046531507916,1667.09653132555,1742.7075140543263,18.924823763420164,19.783157096753502,57.34795079824292,59.94896089925303,18.0,0.31533668804130094,8.254999999999981e-05,True,True,False,False,False
3.6576,0.0085,0.007334900000000001,0.0005,13215,TRISO,Inconel,Zircaloy,Zircaloy,SS316,Light Water Reactor,mean,fixed_core_power,870.0,0.9,45.0,True,0.3,0.0,0.25,21391391.93124631,22338251.252523765,85565567.72498524,641741.7579373893,15832059.84876005,3336887.5045105936,2222444.5779756666,946859.3212774559,0.07729271404078966,83.47613116405286,1618.7205396327136,1690.3708855485256,19.391417846755452,20.249751180088786,58.76187226289531,61.36288236390541,18.0,0.3893045531374084,8.254999999999981e-05,True,True,False,False,False
3.6576,0.0085,0.007134900000000001,0.0006000000000000001,13215,TRISO,Inconel,Zircaloy,Zircaloy,SS316,Light Water Reactor,mean,fixed_core_power,870.0,0.9,45.0,True,0.3,0.0,0.25,20769545.792070925,21665473.247278858,83078183.1682837,623086.3737621277,14980448.280175803,3157395.2571939565,2631702.2547011655,895927.4552079336,0.07313511420392664,78.98592334024077,1571.6644564563696,1639.4607073234097,19.898032332751846,20.75636566608518,60.29706767500559,62.8980777760157,18.0,0.4613258954678291,8.254999999999981e-05,True,True,False,False,False
3.6576,0.0085,0.006934900000000001,0.0007000000000000001,13215,TRISO,Inconel,Zircaloy,Zircaloy,SS316,Light Water Reactor,mean,fixed_core_power,870.0,0.9,45.0,True,0.3,0.0,0.25,20165142.243940987,21011545.782493196,80660568.97576395,604954.2673182295,14152378.476331474,2982864.854472728,3029898.913136785,846403.5385522114,0.06909244615152124,74.61984184364293,1525.9282817965181,1589.976979378978,20.449363655767602,21.30769698910093,61.96776865384121,64.5687787548513,18.0,0.5314007150325625,8.254999999999981e-05,True,True,False,False,False
3.6576,0.0085,0.006734900000000001,0.0008,13215,TRISO,Inconel,Zircaloy,Zircaloy,SS316,Light Water Reactor,mean,fixed_core_power,870.0,0.9,45.0,True,0.3,0.0,0.25,19578181.286856502,20376468.85816679,78312725.14742601,587345.438605695,13347850.437227068,2813296.29634691,3417034.5532825254,798287.5713102898,0.0651647098835735,70.37788667425939,1481.5120156531596,1541.9197017152321,21.05081703447939,21.90915036781272,63.79035464993754,66.39136475094763,18.0,0.5995290118316089,8.254999999999981e-05,True,True,False,False,False
3.6576,0.009000000000000001,0.008034900000000001,0.0004,13215,TRISO,Inconel,Zircaloy,Zircaloy,SS316,Light Water Reactor,mean,fixed_core_power,870.0,0.9,45.0,True,0.3,0.0,0.25,24915012.698298536,26051221.152452998,99660050.79319414,747450.380948956,18998091.736131787,4004184.896307673,1912736.0658590738,1136208.4541544623,0.09274940127241423,100.16935337420739,1885.3585091410168,1971.3372041205446,18.821709890626867,19.680043223960197,57.03548451705111,59.6364946180612,18.0,0.3348019156981713,8.254999999999981e-05,True,True,False,False,False
3.6576,0.009000000000000001,0.007834900000000002,0.0005,13215,TRISO,Inconel,Zircaloy,Zircaloy,SS316,Light Water Reactor,mean,fixed_core_power,870.0,0.9,45.0,True,0.3,0.0,0.25,24232117.490464076,25312466.255600717,96928469.9618563,726963.5247139223,18064083.990957826,3807326.192907104,2360707.3065991476,1080348.765136639,0.08818954018994947,95.24470340514543,1833.6827461569487,1915.434449913032,19.252332997006185,20.11066633033952,58.34040302123086,60.94141312224097,18.0,0.41363608770849675,8.254999999999894e-05,True,True,False,False,False
3.6576,0.009000000000000001,0.007634900000000002,0.0006000000000000001,13215,TRISO,Inconel,Zircaloy,Zircaloy,SS316,Light Water Reactor,mean,fixed_core_power,870.0,0.9,45.0,True,0.3,0.0,0.25,23566664.873675052,24592561.899207667,94266659.49470021,706999.9462102515,17153618.010523774,3615429.334101943,2797617.529049338,1025897.0255326154,0.08374461089194231,90.4441797632977,1783.3268916893721,1860.9581459862025,19.71743119741407,20.5757645307474,59.74979150731536,62.35080160832545,18.0,0.4905237369531343,8.254999999999981e-05,True,True,False,False,False
3.6576,0.009000000000000001,0.007434900000000001,0.0007000000000000001,13215,TRISO,Inconel,Zircaloy,Zircaloy,SS316,Light Water Reactor,mean,fixed_core_power,870.0,0.9,45.0,True,0.3,0.0,0.25,22918654.84793149,23891508.08327388,91674619.39172596,687559.6454379447,16266693.794829644,3428494.319892191,3223466.7332096556,972853.2353423922,0.0794146133783928,85.76778244866422,1734.290945738289,1807.908292340059,20.220774004228666,21.079107337561997,61.27507274008686,63.87608284109696,18.0,0.5654648634320857,8.254999999999981e-05,True,True,False,False,False
3.6576,0.009000000000000001,0.007234900000000002,0.0008,13215,TRISO,Inconel,Zircaloy,Zircaloy,SS316,Light Water Reactor,mean,fixed_core_power,870.0,0.9,45.0,True,0.3,0.0,0.25,22288087.413233377,23209304.807799347,89152349.65293351,668642.6223970013,15403311.343875436,3246521.150277849,3638254.9190800926,921217.3945659696,0.07519954764930095,81.21551146124503,1686.5749083036985,1756.2848889746006,20.76665993919782,21.624993272531153,62.92927254302369,65.53028264403379,18.0,0.6384594671453497,8.254999999999981e-05,True,True,False,False,False
3.6576,0.0095,0.0085349,0.0004,13215,TRISO,Inconel,Zircaloy,Zircaloy,SS316,Light Water Reactor,mean,fixed_core_power,870.0,0.9,45.0,True,0.3,0.0,0.25,27977492.29347573,29259509.74886013,111909969.17390291,839324.7688042718,21436106.319803856,4518039.724914013,2023346.248757858,1282017.4553843983,0.10465188053557838,113.02403097842463,2117.101195117346,2214.1134883738273,18.731425315395832,19.589758648729166,56.76189489513888,59.362904996148984,18.0,0.3542671433550419,8.254999999999981e-05,True,True,False,False,False
3.6576,0.0095,0.0083349,0.0005,13215,TRISO,Inconel,Zircaloy,Zircaloy,SS316,Light Water Reactor,mean,fixed_core_power,870.0,0.9,45.0,True,0.3,0.0,0.25,27250990.608027626,28473628.5008597,109003962.4321105,817529.7182408287,20443244.162780084,4308776.41002492,2498970.035222624,1222637.8928320734,0.09980468999196945,107.78906519132701,2062.125660842045,2154.644608464601,19.13112111309013,19.98945444642347,57.9730942820913,60.57410438310142,18.0,0.43796762227958425,8.255000000000068e-05,True,True,False,False,False
3.6576,0.0095,0.0081349,0.0006000000000000001,13215,TRISO,Inconel,Zircaloy,Zircaloy,SS316,Light Water Reactor,mean,fixed_core_power,870.0,0.9,45.0,True,0.3,0.0,0.25,26541931.513624992,27706597.79331854,106167726.05449997,796257.9454087497,19473923.77049624,4104474.9397312365,2963532.803397515,1164666.2796935495,0.09507243123281824,102.67822573144369,2008.4700350832381,2096.6021788360604,19.560817503181436,20.419150836514767,59.27520455509526,61.876214656105354,18.0,0.5197215784384402,8.254999999999981e-05,True,True,False,False,False
3.6576,0.0095,0.0079349,0.0007000000000000001,13215,TRISO,Inconel,Zircaloy,Zircaloy,SS316,Light Water Reactor,mean,fixed_core_power,870.0,0.9,45.0,True,0.3,0.0,0.25,25850315.0102678,26958417.626236625,103401260.0410712,775509.450308034,18528145.14295231,3905135.314032961,3417034.5532825277,1108102.6159688253,0.09045510425812461,97.69151259877458,1956.1343178409234,2039.9861994882046,20.023585118135028,20.88191845146836,60.67753066101523,63.27854076202532,18.0,0.5995290118316092,8.254999999999981e-05,True,True,False,False,False
3.6576,0.0095,0.0077349,0.0008,13215,TRISO,Inconel,Zircaloy,Zircaloy,SS316,Light Water Reactor,mean,fixed_core_power,870.0,0.9,45.0,True,0.3,0.0,0.25,25176141.097956058,26229087.99961396,100704564.39182423,755284.2329386817,17605908.2801483,3710757.5329300957,3859475.2848776625,1052946.9016579017,0.08595270906788864,92.82892579331975,1905.1185091151008,1984.7966704210337,20.52289728480515,21.381230618138485,62.190597832742874,64.79160793375299,18.0,0.6773899224590911,8.254999999999938e-05,True,True,False,False,False
3.6576,0.01,0.0090349,0.0004,13215,TRISO,Inconel,Zircaloy,Zircaloy,SS316,Light Water Reactor,mean,fixed_core_power,870.0,0.9,45.0,True,0.3,0.0,0.25,31218119.446998738,32654745.587449323,124872477.78799495,936543.5834099621,24021256.93310043,5062906.082241664,2133956.431656643,1436626.140450587,0.1172726834516028,126.654498127731,2362.324589254539,2471.036366814175,18.651722790548945,19.51005612388228,56.52037209257256,59.12138219358266,18.0,0.37373237101191253,8.254999999999981e-05,True,True,False,False,False
3.6576,0.01,0.0088349,0.0005,13215,TRISO,Inconel,Zircaloy,Zircaloy,SS316,Light Water Reactor,mean,fixed_core_power,870.0,0.9,45.0,True,0.3,0.0,0.25,30448011.28393701,31821737.98830077,121792045.13574804,913440.3385181103,22969540.36422686,4841238.155864047,2637232.7638461045,1373726.7043637612,0.11213816344684979,121.10921652259778,2304.0492836880067,2408.0013612032367,19.02455774914615,19.882891082479485,57.65017499741258,60.25118509842268,18.0,0.4622991568506726,8.255000000000068e-05,True,True,False,False,False
3.6576,0.01,0.008634900000000001,0.0006000000000000001,13215,TRISO,Inconel,Zircaloy,Zircaloy,SS316,Light Water Reactor,mean,fixed_core_power,870.0,0.9,45.0,True,0.3,0.0,0.25,29695345.711920746,31007580.92961148,118781382.84768298,890860.3713576223,21941365.560093217,4624532.07408184,3129448.0777456914,1312235.2176907363,0.10711857522655445,115.68806124467883,2247.093886637968,2346.392805872984,19.423731908562214,20.28206524189555,58.859793662309734,61.46080376331984,18.0,0.5489194199237462,8.254999999999981e-05,True,True,False,False,False
3.6576,0.01,0.0084349,0.0007000000000000001,13215,TRISO,Inconel,Zircaloy,Zircaloy,SS316,Light Water Reactor,mean,fixed_core_power,870.0,0.9,45.0,True,0.3,0.0,0.25,28960122.730949923,30212274.411381435,115840490.9237997,868803.6819284976,20936732.520699482,4412787.836895041,3610602.373355398,1252151.680431511,0.10221391879071673,110.39103229397405,2191.458398104421,2286.210700823415,19.85177919406092,20.71011252739425,60.156906648669455,62.757916749679545,18.0,0.6335931602311324,8.254999999999981e-05,True,True,False,False,False
3.6576,0.01,0.0082349,0.0008,13215,TRISO,Inconel,Zircaloy,Zircaloy,SS316,Light Water Reactor,mean,fixed_core_power,870.0,0.9,45.0,True,0.3,0.0,0.25,28242342.341024548,29435818.433610633,112969369.36409819,847270.2702307364,19955641.246045668,4206005.44430365,4080695.6506752297,1193476.092586086,0.09742419413933662,105.21812967048353,2137.1428180873663,2227.4550460545315,20.31154540363296,21.169878736966293,61.55013758676654,64.15114768777664,18.0,0.7163203777728321,8.254999999999981e-05,True,True,False,False,False
3.6576,0.0105,0.0095349,0.0004,13215,TRISO,Inconel,Zircaloy,Zircaloy,SS316,Light Water Reactor,mean,fixed_core_power,870.0,0.9,45.0,True,0.3,0.0,0.27177374735014054,34636894.15886756,36236928.66822059,127447534.9314848,1039106.8247660268,26753543.57602151,5638783.968290624,2244566.6145554255,1600034.5093530286,0.13061181002048752,141.06075482212654,2621.0286915525962,2742.105839441588,18.580849754119324,19.43918308745266,56.3056053155131,58.9066154165232,18.0,0.3931975986687829,8.254999999999981e-05,True,True,False,False,False
3.6576,0.0105,0.0093349,0.0005,13215,TRISO,Inconel,Zircaloy,Zircaloy,SS316,Light Water Reactor,mean,fixed_core_power,870.0,0.9,45.0,True,0.3,0.0,0.2604921002564812,33823179.5181922,35356794.7179239,129843398.26386218,1014695.385545766,25642972.595298138,5404711.430424483,2775495.492469583,1533615.1997317015,0.1251899605545904,135.20515739895762,2559.4536146948317,2675.504708128937,18.930147813389283,19.78848114672262,57.36408428299782,59.96509438400794,18.0,0.4866306914217605,8.255000000000068e-05,True,True,False,False,False
3.6576,0.0105,0.009134900000000001,0.0006000000000000001,13215,TRISO,Inconel,Zircaloy,Zircaloy,SS316,Light Water Reactor,mean,fixed_core_power,870.0,0.9,45.0,True,0.3,0.0,0.25,33026907.468562312,34495511.308086485,132107629.87424925,990807.2240568693,24555943.379314695,5175600.737153753,3295363.352093865,1468603.8395241755,0.11988304287315095,129.47368630300303,2499.1984463535614,2610.330027096972,19.302751915974408,20.16108524930774,58.49318762416487,61.094197725174965,18.0,0.5781172614090515,8.254999999999981e-05,True,True,False,False,False
3.6576,0.0105,0.0089349,0.0007000000000000001,13215,TRISO,Inconel,Zircaloy,Zircaloy,SS316,Light Water Reactor,mean,fixed_core_power,870.0,0.9,45.0,True,0.3,0.0,0.25,32248078.00997787,33653078.43870832,128992312.03991148,967442.340299336,23492455.928071164,4951451.888478431,3804170.193428273,1405000.4287304496,0.11469105697616913,123.86634153426265,2440.263186528783,2546.581796345692,19.700777114288,20.55911044762134,59.699324588751516,62.300334689761634,18.0,0.6676573086306563,8.254999999999981e-05,True,True,False,False,False
3.6576,0.0105,0.0087349,0.0008,13215,TRISO,Inconel,Zircaloy,Zircaloy,SS316,Light Water Reactor,mean,fixed_core_power,870.0,0.9,45.0,True,0.3,0.0,0.25,31486691.142438862,32829496.109789386,125946764.56975545,944600.7342731658,22452510.24156755,4732264.884398517,4301916.016472797,1342804.9673505237,0.10961400286364492,118.38312309273653,2382.6478352204967,2484.2600158750956,20.12658369685033,20.984917030183663,60.989647566213115,63.59065766722322,18.0,0.755250833086573,8.254999999999981e-05,True,True,False,False,False
3.6576,0.011,0.0100349,0.0004,13215,TRISO,Inconel,Zircaloy,Zircaloy,SS316,Light Water Reactor,mean,fixed_core_power,870.0,0.9,45.0,True,0.3,0.0,0.3010241338531101,38233816.429082185,40006058.99117391,127012462.22251081,1147014.4928724654,29632966.248567086,6245673.38306089,2355176.7974542095,1772242.5620917217,0.14466926024223248,156.2428010616111,2893.213502011516,3027.3219062560656,18.51741956975437,19.375752903087704,56.1133926356193,58.7144027366294,18.0,0.4126628263256535,8.254999999999981e-05,True,True,False,False,False
3.6576,0.011,0.0098349,0.0005,13215,TRISO,Inconel,Zircaloy,Zircaloy,SS316,Light Water Reactor,mean,fixed_core_power,870.0,0.9,45.0,True,0.3,0.0,0.2891446188915529,37376495.31079321,39078798.68972911,129265747.54902047,1121294.8593237964,28463540.85599392,5999196.2337062275,2913758.2210930656,1702303.3789358942,0.13896008131519128,150.07688782040657,2828.338653862521,2957.1546492417033,18.84593087542651,19.704264208759845,57.108881440686396,59.7098915416965,18.0,0.5109622259928491,8.254999999999894e-05,True,True,False,False,False
3.6576,0.011,0.0096349,0.0006000000000000001,13215,TRISO,Inconel,Zircaloy,Zircaloy,SS316,Light Water Reactor,mean,fixed_core_power,870.0,0.9,45.0,True,0.3,0.0,0.2775042510771548,36536616.78354967,38170388.928743534,131661466.95673989,1096098.50350649,27317657.22816066,5757680.928946971,3461278.626442037,1633772.1451938665,0.13336583417260767,144.0351009064163,2764.7837142300164,2888.4138425080237,19.195207951611568,20.0535412849449,58.16729682306536,60.768306924075446,18.0,0.6073151028943568,8.254999999999981e-05,True,True,False,False,False
3.6576,0.011,0.0094349,0.0007000000000000001,13215,TRISO,Inconel,Zircaloy,Zircaloy,SS316,Light Water Reactor,mean,fixed_core_power,870.0,0.9,45.0,True,0.3,0.0,0.26610303040991595,35714180.84735159,37280829.708217226,134211853.1770796,1071425.4254205476,26195315.365067326,5521127.468783125,3997738.01350114,1566648.8608656393,0.1278865188144817,138.11744031964028,2702.548683114006,2821.0994860550304,19.5670342344862,20.42536756781953,59.294043134806664,61.89505323581676,18.0,0.7017214570301789,8.254999999999981e-05,True,True,False,False,False
3.6576,0.011,0.009234899999999999,0.0008,13215,TRISO,Inconel,Zircaloy,Zircaloy,SS316,Light Water Reactor,mean,fixed_core_power,870.0,0.9,45.0,True,0.3,0.0,0.25494095688983615,34909187.50219897,36410121.028150186,136930479.62192973,1047275.6250659691,25096515.266713917,5289535.8532146895,4523136.382270363,1500933.525951213,0.12252213524081343,132.3239060600785,2641.633560514489,2755.211579882723,19.963388620912674,20.82172195424601,60.49511703306871,63.09612713407881,18.0,0.7941812884003139,8.254999999999981e-05,True,True,False,False,False
3.6576,0.0115,0.0105349,0.0004,13215,TRISO,Inconel,Zircaloy,Zircaloy,SS316,Light Water Reactor,mean,fixed_core_power,870.0,0.9,45.0,True,0.3,0.0,0.3317691900258245,42008886.257642634,43962136.556309305,126620818.08854136,1260266.587729279,32659524.950737175,6883574.326552468,2465786.9803529917,1953250.2986666684,0.15944503411683777,172.2006368461848,3178.8790206313,3326.684567257609,18.460320930582725,19.31865426391606,55.94036645631129,58.54137655732139,18.0,0.43212805398252363,8.254999999999981e-05,True,True,False,False,False
3.6576,0.0115,0.010334900000000001,0.0005,13215,TRISO,Inconel,Zircaloy,Zircaloy,SS316,Light Water Reactor,mean,fixed_core_power,870.0,0.9,45.0,True,0.3,0.0,0.3192918071963694,41107958.66174003,42987749.90371637,128747301.79486878,1233238.7598522007,31431245.1463142,6624692.565709281,3052020.9497165424,1879791.2419763396,0.15344852572865245,165.72440778694462,3110.704401191073,3252.951184541534,18.770345555798855,19.62867888913219,56.87983501757228,59.48084511858239,18.0,0.5352937605639367,8.254999999999894e-05,True,True,False,False,False
3.6576,0.0115,0.0101349,0.0006000000000000001,13215,TRISO,Inconel,Zircaloy,Zircaloy,SS316,Light Water Reactor,mean,fixed_core_power,870.0,0.9,45.0,True,0.3,0.0,0.30705357151407336,40224473.65688285,42032213.79158267,131001484.39419544,1206734.2097064855,30226507.10663114,6370772.6494615,3627193.9007902127,1807740.1346998108,0.1475669491249247,159.37230505491868,3043.8496902673364,3180.644252106142,19.098987676801467,19.957321010134805,57.875720232731716,60.476730333741834,18.0,0.6365129443796624,8.254999999999981e-05,True,True,False,False,False
3.6576,0.0115,0.0099349,0.0007000000000000001,13215,TRISO,Inconel,Zircaloy,Zircaloy,SS316,Light Water Reactor,mean,fixed_core_power,870.0,0.9,45.0,True,0.3,0.0,0.2950544829789366,39358431.24307115,41095528.21990823,133393774.75542669,1180752.9372921344,29045310.831688005,6121814.577809132,4191305.83357401,1737096.9768370828,0.14180030430565466,153.144328650107,2978.314887860094,3109.763769951436,19.447764824936684,20.306098158270018,58.93262068162631,61.533630782636415,18.0,0.7357856054297021,8.254999999999981e-05,True,True,False,False,False
3.6576,0.0115,0.0097349,0.0008,13215,TRISO,Inconel,Zircaloy,Zircaloy,SS316,Light Water Reactor,mean,fixed_core_power,870.0,0.9,45.0,True,0.3,0.0,0.2832945415909589,38509831.4203049,40177693.188693054,135935663.2995357,1155294.942609147,27887656.321484797,5877818.350752172,4744356.748067929,1667861.7683881551,0.13614859127084225,147.04047857250964,2914.0999939693456,3040.309738077416,19.818352213348682,20.676685546682013,60.055612767723275,62.656622868733365,18.0,0.8331117437140546,8.254999999999981e-05,True,True,False,False,False
3.6576,0.012,0.0110349,0.0004,13215,TRISO,Inconel,Zircaloy,Zircaloy,SS316,Light Water Reactor,mean,fixed_core_power,870.0,0.9,45.0,True,0.3,0.0,0.3640089158682834,45962103.64454888,48105161.36362675,126266422.71910797,1378863.1093364663,35833219.68253175,7552486.798765353,2576397.1632517735,2143057.719077867,0.17493913164430328,188.93426217584755,3478.025247411947,3640.1938224462165,18.408652868767817,19.26698620210115,55.78379657202368,58.384806673033786,18.0,0.4515932816393938,8.254999999999981e-05,True,True,False,False,False
3.6576,0.012,0.010834900000000001,0.0005,13215,TRISO,Inconel,Zircaloy,Zircaloy,SS316,Light Water Reactor,mean,fixed_core_power,870.0,0.9,45.0,True,0.3,0.0,0.35093366517093044,45017569.57103265,47083648.359885685,128279427.25046283,1350527.0871309794,34546085.46625898,7281200.426433641,3190283.6783400225,2066078.788853037,0.16865529379497385,182.14771729857173,3406.5508566804883,3562.8943140284287,18.702133121419028,19.560466454752362,56.67313067096675,59.27414077197685,18.0,0.5596252951350249,8.254999999999894e-05,True,True,False,False,False
3.6576,0.012,0.010634900000000001,0.0006000000000000001,13215,TRISO,Inconel,Zircaloy,Zircaloy,SS316,Light Water Reactor,mean,fixed_core_power,870.0,0.9,45.0,True,0.3,0.0,0.3380975616207367,44090478.08856186,46080985.89660387,130407560.1054487,1322714.342656856,33282493.01472613,7014875.898697341,3793109.175138388,1990507.8080420077,0.16248638773010204,175.48529874851022,3336.396374465521,3487.0212558913254,19.012398179558875,19.870731512892206,57.61332781684507,60.21433791785517,18.0,0.6657107858649681,8.254999999999981e-05,True,True,False,False,False
3.6576,0.012,0.0104349,0.0007000000000000001,13215,TRISO,Inconel,Zircaloy,Zircaloy,SS316,Light Water Reactor,mean,fixed_core_power,870.0,0.9,45.0,True,0.3,0.0,0.32550060521770197,43180829.19713652,45097173.9737813,132659750.87283243,1295424.8759140957,32042442.327933192,6753513.215556447,4384873.653646881,1916344.7766447787,0.1564324134496879,168.9470065256629,3267.561800767047,3412.5746480349076,19.34074990710597,20.199083240439304,58.60833305183627,61.20934315284637,18.0,0.7698497538292253,8.254999999999981e-05,True,True,False,False,False
3.6576,0.012,0.0102349,0.0008,13215,TRISO,Inconel,Zircaloy,Zircaloy,SS316,Light Water Reactor,mean,fixed_core_power,870.0,0.9,45.0,True,0.3,0.0,0.3131427959618265,42288622.896756634,44132212.59141798,135045811.18293333,1268658.686902699,30825933.40588018,6497112.377010964,4965577.113865496,1843589.69466135,0.15049337095373136,162.53284063002985,3200.047135585065,3339.554490459174,19.688618762710647,20.546952096043977,59.66248109912317,62.26349120013326,18.0,0.8720421990277953,8.254999999999981e-05,True,True,False,False,False
3.6576,0.008,0.0070349,0.0004,13215,TRISO,Inconel,Zircaloy,Zircaloy,SS316,Light Water Reactor,high,fixed_core_power,870.0,0.9,45.0,True,0.3,0.0,0.25,31570120.017069537,32441109.520272885,126280480.06827815,947103.6005120861,23959258.178732853,5919346.138275175,1691515.7000615075,870989.5032033472,0.07109941370466671,76.78736680104006,2388.961030425239,2454.8701869294655,31.111381076722655,31.96971441005599,94.27691235370501,96.87792245471512,18.0,0.2958714603844306,8.254999999999981e-05,True,True,False,False,False
3.6576,0.008,0.0068349000000000005,0.0005,13215,TRISO,Inconel,Zircaloy,Zircaloy,SS316,Light Water Reactor,high,fixed_core_power,870.0,0.9,45.0,True,0.3,0.0,0.25,30288056.766174097,31110226.32742862,121152227.06469639,908641.7029852229,22616314.791791152,5587560.125030755,2084181.8493521868,822169.5612545254,0.06711421154449015,72.48334846804936,2291.945271749837,2354.1601458515793,31.62030066478132,32.47863399811465,95.81909292357975,98.42010302458985,18.0,0.36497301856632025,8.254999999999981e-05,True,True,False,False,False
3.6576,0.008,0.006634900000000001,0.0006000000000000001,13215,TRISO,Inconel,Zircaloy,Zircaloy,SS316,Light Water Reactor,high,fixed_core_power,870.0,0.9,45.0,True,0.3,0.0,0.25,29043231.085293904,29817988.654013406,116172924.34117562,871296.9325588171,21312101.40490545,5265342.700035464,2465786.9803529903,774757.568719504,0.06324394116877123,68.30345646227293,2197.7473390309424,2256.374472494393,32.17622435029854,33.03455768363187,97.50371015241981,100.10472025342989,18.0,0.4321280539825234,8.254999999999981e-05,True,True,False,False,False
3.6576,0.008,0.0064349,0.0007000000000000001,13215,TRISO,Inconel,Zircaloy,Zircaloy,SS316,Light Water Reactor,high,fixed_core_power,870.0,0.9,45.0,True,0.3,0.0,0.25,27835642.97442896,28564396.500027243,111342571.89771584,835069.2892328687,20046618.01807574,4952693.863289301,2836331.0930639156,728753.5255982828,0.05948860257750994,64.24769078371072,2106.367232268555,2161.513166857907,32.785104127082505,33.64343746041584,99.3488003850985,101.9498104861086,18.0,0.49733656663303955,8.254999999999981e-05,True,True,False,False,False
3.6576,0.008,0.006234900000000001,0.0008,13215,TRISO,Inconel,Zircaloy,Zircaloy,SS316,Light Water Reactor,high,fixed_core_power,870.0,0.9,45.0,True,0.3,0.0,0.25,26665292.43357927,27349449.865470134,106661169.73431708,799958.7730073781,18819864.63130204,4649613.614792269,3195814.1874849605,684157.4318908624,0.055848195770706315,60.316051432362826,2017.8049514626764,2069.5762289421214,33.453863499758455,34.31219683309179,101.37534393866198,103.97635403967209,18.0,0.5605985565178683,8.254999999999981e-05,True,True,False,False,False
3.6576,0.0085,0.007534900000000001,0.0004,13215,TRISO,Inconel,Zircaloy,Zircaloy,SS316,Light Water Reactor,high,fixed_core_power,870.0,0.9,45.0,True,0.3,0.0,0.25,36078860.02426855,37078059.16102933,144315440.0970742,1082365.8007280566,27486060.396332096,6790673.744976165,1802125.8829602906,999199.1367607785,0.08156524566211033,88.09046531507916,2730.1445345644006,2805.7555172931766,30.99250894860536,31.850842281938686,93.9166937836526,96.51770388466268,18.0,0.31533668804130094,8.254999999999981e-05,True,True,False,False,False
3.6576,0.0085,0.007334900000000001,0.0005,13215,TRISO,Inconel,Zircaloy,Zircaloy,SS316,Light Water Reactor,high,fixed_core_power,870.0,0.9,45.0,True,0.3,0.0,0.25,34703702.84833499,35650562.169612445,138814811.39333996,1041111.0854500497,26046292.009250402,6434966.261108923,2222444.5779756666,946859.3212774559,0.07729271404078966,83.47613116405286,2626.0842109977293,2697.734556913541,31.459103031940632,32.31743636527396,95.33061524830494,97.93162534931504,18.0,0.3893045531374084,8.254999999999981e-05,True,True,False,False,False
3.6576,0.0085,0.007134900000000001,0.0006000000000000001,13215,TRISO,Inconel,Zircaloy,Zircaloy,SS316,Light Water Reactor,high,fixed_core_power,870.0,0.9,45.0,True,0.3,0.0,0.25,33365783.24241668,34261710.69762462,133463132.96966672,1000973.4972725003,24645253.622224707,6088827.36549081,2631702.2547011655,895927.4552079336,0.07313511420392664,78.98592334024077,2524.8417133875655,2592.637964254606,31.965717517937026,32.824050851270364,96.86581066041522,99.46682076142534,18.0,0.4613258954678291,8.254999999999981e-05,True,True,False,False,False
3.6576,0.0085,0.006934900000000001,0.0007000000000000001,13215,TRISO,Inconel,Zircaloy,Zircaloy,SS316,Light Water Reactor,high,fixed_core_power,870.0,0.9,45.0,True,0.3,0.0,0.25,32065101.206513617,32911504.745065827,128260404.82605447,961953.0361954084,23282945.235255007,5752257.058121825,3029898.913136785,846403.5385522114,0.06909244615152124,74.61984184364293,2426.4170417339096,2490.4657393163698,32.51704884095279,33.375382174286116,98.53651163925088,101.13752174026095,18.0,0.5314007150325625,8.254999999999981e-05,True,True,False,False,False
3.6576,0.0085,0.006734900000000001,0.0008,13215,TRISO,Inconel,Zircaloy,Zircaloy,SS316,Light Water Reactor,high,fixed_core_power,870.0,0.9,45.0,True,0.3,0.0,0.25,30801656.7406258,31599944.311936088,123206626.9625032,924049.7022187739,21959366.848341305,5425255.339001969,3417034.5532825254,798287.5713102898,0.0651647098835735,70.37788667425939,2330.810196036761,2391.217882098834,33.11850221966457,33.976835552997905,100.35909763534718,102.96010773635729,18.0,0.5995290118316089,8.254999999999981e-05,True,True,False,False,False
3.6576,0.009000000000000001,0.008034900000000001,0.0004,13215,TRISO,Inconel,Zircaloy,Zircaloy,SS316,Light Water Reactor,high,fixed_core_power,870.0,0.9,45.0,True,0.3,0.0,0.25,40889466.20837461,42025674.66252907,163557864.83349845,1226683.9862512383,31254925.114281327,7721805.028234211,1912736.0658590738,1136208.4541544623,0.09274940127241423,100.16935337420739,3094.1707308645186,3180.1494258440466,30.889395075812047,31.74772840914538,93.60422750246074,96.20523760347085,18.0,0.3348019156981713,8.254999999999981e-05,True,True,False,False,False
3.6576,0.009000000000000001,0.007834900000000002,0.0005,13215,TRISO,Inconel,Zircaloy,Zircaloy,SS316,Light Water Reactor,high,fixed_core_power,870.0,0.9,45.0,True,0.3,0.0,0.25,39421215.10740294,40501563.87253958,157684860.42961177,1182636.4532220883,29718331.727059647,7342176.073744148,2360707.3065991476,1080348.765136639,0.08818954018994947,95.24470340514543,2983.065842406579,3064.817546162662,31.32001818219137,32.1783515155247,94.90914600664051,97.51015610765062,18.0,0.41363608770849675,8.254999999999894e-05,True,True,False,False,False
3.6576,0.009000000000000001,0.007634900000000002,0.0006000000000000001,13215,TRISO,Inconel,Zircaloy,Zircaloy,SS316,Light Water Reactor,high,fixed_core_power,870.0,0.9,45.0,True,0.3,0.0,0.25,37990201.5764465,39016098.60197912,151960806.305786,1139706.047293395,28220468.339893952,6972115.707503212,2797617.529049338,1025897.0255326154,0.08374461089194231,90.4441797632977,2874.7787799051457,2952.4100342019765,31.785116382599256,32.64344971593259,96.31853449272501,98.91954459373511,18.0,0.4905237369531343,8.254999999999981e-05,True,True,False,False,False
3.6576,0.009000000000000001,0.007434900000000001,0.0007000000000000001,13215,TRISO,Inconel,Zircaloy,Zircaloy,SS316,Light Water Reactor,high,fixed_core_power,870.0,0.9,45.0,True,0.3,0.0,0.25,36596425.61550531,37569278.8508477,146385702.46202123,1097892.7684651592,26761334.95278425,6611623.929511404,3223466.7332096556,972853.2353423922,0.0794146133783928,85.76778244866422,2769.3095433602202,2842.92688996199,32.28845918941385,33.146792522747184,97.84381572549651,100.44482582650662,18.0,0.5654648634320857,8.254999999999981e-05,True,True,False,False,False
3.6576,0.009000000000000001,0.007234900000000002,0.0008,13215,TRISO,Inconel,Zircaloy,Zircaloy,SS316,Light Water Reactor,high,fixed_core_power,870.0,0.9,45.0,True,0.3,0.0,0.25,35239887.22457937,36161104.61914534,140959548.8983175,1057196.616737381,25340931.565730557,6260700.739768726,3638254.9190800926,921217.3945659696,0.07519954764930095,81.21551146124503,2666.6581327718027,2736.3681134427047,32.834345124383006,33.69267845771634,99.49801552843334,102.09902562944345,18.0,0.6384594671453497,8.254999999999981e-05,True,True,False,False,False
3.6576,0.0095,0.0085349,0.0004,13215,TRISO,Inconel,Zircaloy,Zircaloy,SS316,Light Water Reactor,high,fixed_core_power,870.0,0.9,45.0,True,0.3,0.0,0.25,46001938.56938771,47283956.02477211,184007754.27755085,1380058.1570816312,35265852.33258054,8712739.98804931,2023346.248757858,1282017.4553843983,0.10465188053557838,113.02403097842463,3481.039619325593,3578.051912582074,30.799110500581023,31.657443833914353,93.33063788054855,95.93164798155864,18.0,0.3542671433550419,8.254999999999981e-05,True,True,False,False,False
3.6576,0.0095,0.0083349,0.0005,13215,TRISO,Inconel,Zircaloy,Zircaloy,SS316,Light Water Reactor,high,fixed_core_power,870.0,0.9,45.0,True,0.3,0.0,0.25,44440593.5433779,45663231.43620997,177762374.1735116,1333217.806301337,33632433.945218846,8309189.5629364215,2498970.035222624,1222637.8928320734,0.09980468999196945,107.78906519132701,3362.890165976383,3455.4091135989383,31.198806298275326,32.057139631608656,94.54183726750098,97.14284736851107,18.0,0.43796762227958425,8.255000000000068e-05,True,True,False,False,False
3.6576,0.0095,0.0081349,0.0006000000000000001,13215,TRISO,Inconel,Zircaloy,Zircaloy,SS316,Light Water Reactor,high,fixed_core_power,870.0,0.9,45.0,True,0.3,0.0,0.25,42916486.08738335,44081152.3670769,171665944.3495334,1287494.5826215006,32037745.557913173,7915207.726072666,2963532.803397515,1164666.2796935495,0.09507243123281824,102.67822573144369,3247.5585385836816,3335.6906823365043,31.628502688366623,32.48683602169996,95.84394754050491,98.44495764151502,18.0,0.5197215784384402,8.254999999999981e-05,True,True,False,False,False
3.6576,0.0095,0.0079349,0.0007000000000000001,13215,TRISO,Inconel,Zircaloy,Zircaloy,SS316,Light Water Reactor,high,fixed_core_power,870.0,0.9,45.0,True,0.3,0.0,0.25,41429616.20140404,42537718.817372866,165718464.80561617,1242888.4860421212,30481787.17066348,7530794.4774580365,3417034.5532825277,1108102.6159688253,0.09045510425812461,97.69151259877458,3135.044737147487,3218.8966187947685,32.091270303320215,32.94960363665354,97.24627364642488,99.84728374743497,18.0,0.5995290118316092,8.254999999999981e-05,True,True,False,False,False
3.6576,0.0095,0.0077349,0.0008,13215,TRISO,Inconel,Zircaloy,Zircaloy,SS316,Light Water Reactor,high,fixed_core_power,870.0,0.9,45.0,True,0.3,0.0,0.25,39979983.885439985,41032930.787097886,159919935.54175994,1199399.5165631995,28964558.783469785,7155949.817092535,3859475.2848776625,1052946.9016579017,0.08595270906788864,92.82892579331975,3025.3487616678008,3105.0269229737332,32.59058246999034,33.448915803323665,98.75934081815254,101.36035091916261,18.0,0.6773899224590911,8.254999999999938e-05,True,True,False,False,False
3.6576,0.01,0.0090349,0.0004,13215,TRISO,Inconel,Zircaloy,Zircaloy,SS316,Light Water Reactor,high,fixed_core_power,870.0,0.9,45.0,True,0.3,0.0,0.25,51416277.107307844,52852903.24775843,205665108.42923138,1542488.3132192353,39518842.05122974,9763478.624421464,2133956.431656643,1436626.140450587,0.1172726834516028,126.654498127731,3890.7511999476233,3999.4629775072594,30.719407975734132,31.577741309067466,93.08911507798221,95.69012517899232,18.0,0.37373237101191253,8.254999999999981e-05,True,True,False,False,False
3.6576,0.01,0.0088349,0.0005,13215,TRISO,Inconel,Zircaloy,Zircaloy,SS316,Light Water Reactor,high,fixed_core_power,870.0,0.9,45.0,True,0.3,0.0,0.25,49761838.156259924,51135564.86062369,199047352.6250397,1492855.1446877976,37788598.66372806,9336006.728685757,2637232.7638461045,1373726.7043637612,0.11213816344684979,121.10921652259778,3765.5571817071454,3869.509259222375,31.092242934331342,31.950576267664676,94.21891798282225,96.81992808383235,18.0,0.4622991568506726,8.255000000000068e-05,True,True,False,False,False
3.6576,0.01,0.008634900000000001,0.0006000000000000001,13215,TRISO,Inconel,Zircaloy,Zircaloy,SS316,Light Water Reactor,high,fixed_core_power,870.0,0.9,45.0,True,0.3,0.0,0.25,48144636.775227256,49456871.99291799,192578547.10090902,1444339.1032568177,36097085.276282385,8918103.421199178,3129448.0777456914,1312235.2176907363,0.10711857522655445,115.68806124467883,3643.180989423175,3742.4799086581907,31.4914170937474,32.34975042708073,95.4285366477194,98.02954674872947,18.0,0.5489194199237462,8.254999999999981e-05,True,True,False,False,False
3.6576,0.01,0.0084349,0.0007000000000000001,13215,TRISO,Inconel,Zircaloy,Zircaloy,SS316,Light Water Reactor,high,fixed_core_power,870.0,0.9,45.0,True,0.3,0.0,0.25,46564672.96420982,47816824.644641325,186258691.85683927,1396940.1889262944,34444301.888892695,8509768.701961726,3610602.373355398,1252151.680431511,0.10221391879071673,110.39103229397405,3523.622623095711,3618.374925814705,31.919464379246104,32.777797712579435,96.7256496340791,99.3266597350892,18.0,0.6335931602311324,8.254999999999981e-05,True,True,False,False,False
3.6576,0.01,0.0082349,0.0008,13215,TRISO,Inconel,Zircaloy,Zircaloy,SS316,Light Water Reactor,high,fixed_core_power,870.0,0.9,45.0,True,0.3,0.0,0.25,45021946.72320763,46215422.815793715,180087786.89283052,1350658.401696229,32830248.501559,8111002.5709734,4080695.6506752297,1193476.092586086,0.09742419413933662,105.21812967048353,3406.8820827247546,3497.1943106919193,32.379230588818146,33.23756392215147,98.1188805721762,100.71989067318627,18.0,0.7163203777728321,8.254999999999981e-05,True,True,False,False,False
3.6576,0.0105,0.0095349,0.0004,13215,TRISO,Inconel,Zircaloy,Zircaloy,SS316,Light Water Reactor,high,fixed_core_power,870.0,0.9,45.0,True,0.3,0.0,0.27177374735014054,57132481.82213504,58732516.331488065,210220753.03148478,1713974.454664051,44013894.27022894,10874020.93735068,2244566.6145554255,1600034.5093530286,0.13061181002048752,141.06075482212654,4323.305472730612,4444.382620619604,30.648534939304504,31.50686827263784,92.87434830092273,95.47535840193284,18.0,0.3931975986687829,8.254999999999981e-05,True,True,False,False,False
3.6576,0.0105,0.0093349,0.0005,13215,TRISO,Inconel,Zircaloy,Zircaloy,SS316,Light Water Reactor,high,fixed_core_power,870.0,0.9,45.0,True,0.3,0.0,0.2604921002564812,55384948.946049,56918564.1457807,212616616.36386225,1661548.4683814698,42186825.88258726,10422627.570992146,2775495.492469583,1533615.1997317015,0.1251899605545904,135.20515739895762,4191.066889598865,4307.11798303297,30.997832998574477,31.85616633190781,93.93282726840751,96.53383736941761,18.0,0.4866306914217605,8.255000000000068e-05,True,True,False,False,False
3.6576,0.0105,0.009134900000000001,0.0006000000000000001,13215,TRISO,Inconel,Zircaloy,Zircaloy,SS316,Light Water Reactor,high,fixed_core_power,870.0,0.9,45.0,True,0.3,0.0,0.25,53674653.63997821,55143257.47950238,214698614.55991283,1610239.6091993463,40398487.49500159,9980802.792882746,3295363.352093865,1468603.8395241755,0.11988304287315095,129.47368630300303,4061.646132423625,4172.777713167036,31.370437101159595,32.22877043449293,95.06193060957453,97.66294071058464,18.0,0.5781172614090515,8.254999999999981e-05,True,True,False,False,False
3.6576,0.0105,0.0089349,0.0007000000000000001,13215,TRISO,Inconel,Zircaloy,Zircaloy,SS316,Light Water Reactor,high,fixed_core_power,870.0,0.9,45.0,True,0.3,0.0,0.25,52001595.903922655,53406596.332653105,208006383.61569062,1560047.8771176797,38648879.10747191,9548546.603022473,3804170.193428273,1405000.4287304496,0.11469105697616913,123.86634153426265,3935.0432012048927,4041.3618110218013,31.76846229947319,32.62679563280652,96.26806757416118,98.86907767517127,18.0,0.6676573086306563,8.254999999999981e-05,True,True,False,False,False
3.6576,0.0105,0.0087349,0.0008,13215,TRISO,Inconel,Zircaloy,Zircaloy,SS316,Light Water Reactor,high,fixed_core_power,870.0,0.9,45.0,True,0.3,0.0,0.25,50365775.737882346,51708580.705232866,201463102.95152938,1510973.2721364703,36938000.719998226,9125859.001411326,4301916.016472797,1342804.9673505237,0.10961400286364492,118.38312309273653,3811.2580959426673,3912.8702765972657,32.194268882035516,33.05260221536884,97.55839055162276,100.15940065263285,18.0,0.755250833086573,8.254999999999981e-05,True,True,False,False,False
3.6576,0.011,0.0100349,0.0004,13215,TRISO,Inconel,Zircaloy,Zircaloy,SS316,Light Water Reactor,high,fixed_core_power,870.0,0.9,45.0,True,0.3,0.0,0.3010241338531101,63150552.71386926,64922795.27596098,209785680.3225108,1894516.5814160777,48751008.989578106,12044366.926836943,2355176.7974542095,1772242.5620917217,0.14466926024223248,156.2428010616111,4778.702437674556,4912.810841919106,30.58510475493955,31.443438088272888,92.68213562102893,95.28314572203905,18.0,0.4126628263256535,8.254999999999981e-05,True,True,False,False,False
3.6576,0.011,0.0098349,0.0005,13215,TRISO,Inconel,Zircaloy,Zircaloy,SS316,Light Water Reactor,high,fixed_core_power,870.0,0.9,45.0,True,0.3,0.0,0.2891446188915529,61309925.91274511,63012229.29168101,212038965.6490205,1839297.7773823533,46827115.60179645,11569052.089855593,2913758.2210930656,1702303.3789358942,0.13896008131519128,150.07688782040657,4639.419289651541,4768.235285030723,30.913616060611698,31.771949393945036,93.67762442609605,96.27863452710616,18.0,0.5109622259928491,8.254999999999894e-05,True,True,False,False,False
3.6576,0.011,0.0096349,0.0006000000000000001,13215,TRISO,Inconel,Zircaloy,Zircaloy,SS316,Light Water Reactor,high,fixed_core_power,870.0,0.9,45.0,True,0.3,0.0,0.2775042510771548,59506536.68163616,61140308.82683003,214434685.05673987,1785196.1004490848,44941952.21407076,11103305.841123365,3461278.626442037,1633772.1451938665,0.13336583417260767,144.0351009064163,4502.953967585029,4626.584095863037,31.26289313679675,32.12122647013009,94.736039808475,97.33704990948512,18.0,0.6073151028943568,8.254999999999981e-05,True,True,False,False,False
3.6576,0.011,0.0094349,0.0007000000000000001,13215,TRISO,Inconel,Zircaloy,Zircaloy,SS316,Light Water Reactor,high,fixed_core_power,870.0,0.9,45.0,True,0.3,0.0,0.26610303040991595,57740385.02054249,59307033.881408125,216985071.27707958,1732211.5506162746,43095518.826401085,10647128.180640267,3997738.01350114,1566648.8608656393,0.1278865188144817,138.11744031964028,4369.306471475027,4487.857274416052,31.63471941967138,32.49305275300471,95.8627861202163,98.46379622122639,18.0,0.7017214570301789,8.254999999999981e-05,True,True,False,False,False
3.6576,0.011,0.009234899999999999,0.0008,13215,TRISO,Inconel,Zircaloy,Zircaloy,SS316,Light Water Reactor,high,fixed_core_power,870.0,0.9,45.0,True,0.3,0.0,0.25494095688983615,56011470.92946409,57512404.4554153,219703697.72192976,1680344.1278839225,41287815.438787416,10200519.108406302,4523136.382270363,1500933.525951213,0.12252213524081343,132.3239060600785,4238.476801321535,4352.054820689769,32.031073806097865,32.8894071394312,97.06386001847838,99.66487011948848,18.0,0.7941812884003139,8.254999999999981e-05,True,True,False,False,False
3.6576,0.0115,0.0105349,0.0004,13215,TRISO,Inconel,Zircaloy,Zircaloy,SS316,Light Water Reactor,high,fixed_core_power,870.0,0.9,45.0,True,0.3,0.0,0.3317691900258245,69470489.78251055,71423740.08117722,209394036.18854135,2084114.6934753163,53730186.20927729,13274516.592880271,2465786.9803529917,1953250.2986666684,0.15944503411683777,172.2006368461848,5256.942094779459,5404.747641405767,30.528006115767912,31.386339449101243,92.50910944172094,95.11011954273104,18.0,0.43212805398252363,8.254999999999981e-05,True,True,False,False,False
3.6576,0.0115,0.010334900000000001,0.0005,13215,TRISO,Inconel,Zircaloy,Zircaloy,SS316,Light Water Reactor,high,fixed_core_power,870.0,0.9,45.0,True,0.3,0.0,0.3192918071963694,67536769.05634825,69416560.29832458,211520519.89486873,2026103.0716904474,51709467.82135562,12775280.285276094,3052020.9497165424,1879791.2419763396,0.15344852572865245,165.72440778694462,5110.614381865172,5252.861165215632,30.83803074098403,31.696364074317362,93.4485780029819,96.04958810399201,18.0,0.5352937605639367,8.254999999999894e-05,True,True,False,False,False
3.6576,0.0115,0.0101349,0.0006000000000000001,13215,TRISO,Inconel,Zircaloy,Zircaloy,SS316,Light Water Reactor,high,fixed_core_power,870.0,0.9,45.0,True,0.3,0.0,0.30705357151407336,65640285.9002012,67448026.03490101,213774702.49419546,1969208.577006036,49727479.43348994,12285612.565921044,3627193.9007902127,1807740.1346998108,0.1475669491249247,159.37230505491868,4967.104494907393,5103.899056746198,31.166672861986658,32.02500619531999,94.44446321814138,97.04547331915148,18.0,0.6365129443796624,8.254999999999981e-05,True,True,False,False,False
3.6576,0.0115,0.0099349,0.0007000000000000001,13215,TRISO,Inconel,Zircaloy,Zircaloy,SS316,Light Water Reactor,high,fixed_core_power,870.0,0.9,45.0,True,0.3,0.0,0.2950544829789366,63781040.314069405,65518137.29090649,216166992.8554267,1913431.2094220822,47784221.04568027,11805513.434815126,4191305.83357401,1737096.9768370828,0.14180030430565466,153.144328650107,4826.412433906122,4957.861315997464,31.515450010121867,32.3737833434552,95.50136366703596,98.10237376804606,18.0,0.7357856054297021,8.254999999999981e-05,True,True,False,False,False
3.6576,0.0115,0.0097349,0.0008,13215,TRISO,Inconel,Zircaloy,Zircaloy,SS316,Light Water Reactor,high,fixed_core_power,870.0,0.9,45.0,True,0.3,0.0,0.2832945415909589,61959032.29795286,63626894.06634101,218708881.3995357,1858770.9689385858,45879692.6579266,11334982.891958337,4744356.748067929,1667861.7683881551,0.13614859127084225,147.04047857250964,4688.538198861359,4814.7479429694295,31.88603739853386,32.74437073186719,96.6243557531329,99.225365854143,18.0,0.8331117437140546,8.254999999999981e-05,True,True,False,False,False
3.6576,0.012,0.0110349,0.0004,13215,TRISO,Inconel,Zircaloy,Zircaloy,SS316,Light Water Reactor,high,fixed_core_power,870.0,0.9,45.0,True,0.3,0.0,0.3640089158682834,76092293.02805886,78235350.74713673,209039640.81910798,2282768.7908417657,58951425.92932643,14564469.935480649,2576397.1632517735,2143057.719077867,0.17493913164430328,188.93426217584755,5758.024444045316,5920.193019079586,30.476338053953004,31.33467138728634,92.35253955743335,94.95354965844345,18.0,0.4515932816393938,8.254999999999981e-05,True,True,False,False,False
3.6576,0.012,0.010834900000000001,0.0005,13215,TRISO,Inconel,Zircaloy,Zircaloy,SS316,Light Water Reactor,high,fixed_core_power,870.0,0.9,45.0,True,0.3,0.0,0.35093366517093044,74065478.37685844,76131557.16571148,211052645.3504628,2221964.351305753,56833882.54126477,14041312.15725365,3190283.6783400225,2066078.788853037,0.16865529379497385,182.14771729857173,5604.652166239761,5760.995623587702,30.76981830660421,31.628151639937542,93.2418736563764,95.84288375738649,18.0,0.5596252951350249,8.254999999999894e-05,True,True,False,False,False
3.6576,0.012,0.010634900000000001,0.0006000000000000001,13215,TRISO,Inconel,Zircaloy,Zircaloy,SS316,Light Water Reactor,high,fixed_core_power,870.0,0.9,45.0,True,0.3,0.0,0.3380975616207367,72075901.29567328,74066409.10371529,213180778.2054487,2162277.038870198,54755069.15325911,13527722.967275782,3793109.175138388,1990507.8080420077,0.16248638773010204,175.48529874851022,5454.097714390714,5604.722595816518,31.08008336474406,31.93841669807739,94.18207080225471,96.78308090326482,18.0,0.6657107858649681,8.254999999999981e-05,True,True,False,False,False
3.6576,0.012,0.0104349,0.0007000000000000001,13215,TRISO,Inconel,Zircaloy,Zircaloy,SS316,Light Water Reactor,high,fixed_core_power,870.0,0.9,45.0,True,0.3,0.0,0.32550060521770197,70123561.78450337,72039906.56114815,215432968.97283244,2103706.853535101,52714985.765309446,13023702.365547039,4384873.653646881,1916344.7766447787,0.1564324134496879,168.9470065256629,5306.3610884981745,5451.373935766035,31.40843509229116,32.26676842562449,95.17707603724594,97.77808613825603,18.0,0.7698497538292253,8.254999999999981e-05,True,True,False,False,False
3.6576,0.012,0.0102349,0.0008,13215,TRISO,Inconel,Zircaloy,Zircaloy,SS316,Light Water Reactor,high,fixed_core_power,870.0,0.9,45.0,True,0.3,0.0,0.3131427959618265,68208459.8433487,70052049.53801005,217819029.28293332,2046253.795300461,50713632.377415776,12529250.352067428,4965577.113865496,1843589.69466135,0.15049337095373136,162.53284063002985,5161.442288562142,5300.94964343625,31.756303947895834,32.614637281229165,96.23122408453283,98.83223418554292,18.0,0.8720421990277953,8.254999999999981e-05,True,True,False,False,False
3.6576,0.008,0.0070349,0.0004,13215,TRISO,Hastelloy,Zircaloy,Zircaloy,SS316,Light Water Reactor,low,fixed_core_power,870.0,0.9,45.0,True,0.3,0.0,0.25,10139120.56730133,11010110.070504677,40556482.26920532,304173.61701903987,7704545.7672788,657705.1264750195,1776869.673547511,870989.5032033472,0.07109941370466671,76.78736680104006,767.2433270753938,833.1524835796199,9.991791085418516,10.85012441875185,30.27815480429853,32.879164905308635,18.0,0.31089208942401797,8.254999999999981e-05,True,True,False,False,False
3.6576,0.008,0.0068349000000000005,0.0005,13215,TRISO,Hastelloy,Zircaloy,Zircaloy,SS316,Light Water Reactor,low,fixed_core_power,870.0,0.9,45.0,True,0.3,0.0,0.25,10083007.787449459,10905177.348703984,40332031.149797834,302490.23362348374,7272697.305595586,620840.0138923061,2189470.467961566,822169.5612545254,0.06711421154449015,72.48334846804936,762.9971840673068,825.2120581690491,10.52651678203906,11.384850115372393,31.898535703148667,34.499545804158764,18.0,0.3835017550460744,8.254999999999981e-05,True,True,False,False,False
3.6576,0.008,0.006634900000000001,0.0006000000000000001,13215,TRISO,Hastelloy,Zircaloy,Zircaloy,SS316,Light Water Reactor,low,fixed_core_power,870.0,0.9,45.0,True,0.3,0.0,0.25,10028789.979439769,10803547.548159273,40115159.917759076,300863.69938319304,6853303.196871556,585038.0777817182,2590448.704786495,774757.568719504,0.06324394116877123,68.30345646227293,758.8944365826537,817.5215700461047,11.11063006016138,11.968963393494713,33.66857593988297,36.26958604089307,18.0,0.45406607797455234,8.254999999999981e-05,True,True,False,False,False
3.6576,0.008,0.0064349,0.0007000000000000001,13215,TRISO,Hastelloy,Zircaloy,Zircaloy,SS316,Light Water Reactor,low,fixed_core_power,870.0,0.9,45.0,True,0.3,0.0,0.25,9976467.143272262,10705220.668870544,39905868.57308905,299294.01429816784,6446363.44110671,550299.3181432557,2979804.3840222964,728753.5255982828,0.05948860257750994,64.24769078371072,754.9350846214348,810.0810192107865,11.750384728424201,12.608718061757536,35.60722644977031,38.20823655078041,18.0,0.5225850582094512,8.254999999999981e-05,True,True,False,False,False
3.6576,0.008,0.006234900000000001,0.0008,13215,TRISO,Hastelloy,Zircaloy,Zircaloy,SS316,Light Water Reactor,low,fixed_core_power,870.0,0.9,45.0,True,0.3,0.0,0.25,9926039.278946934,10610196.710837796,39704157.11578774,297781.178368408,6051878.038301048,516623.7349769187,3357537.5056689675,684157.4318908624,0.055848195770706315,60.316051432362826,751.11912818365,802.8904056630947,12.453055369944757,13.311388703278089,37.73653142407502,40.337541525085115,18.0,0.5890586957507707,8.254999999999981e-05,True,True,False,False,False
3.6576,0.0085,0.007534900000000001,0.0004,13215,TRISO,Hastelloy,Zircaloy,Zircaloy,SS316,Light Water Reactor,low,fixed_core_power,870.0,0.9,45.0,True,0.3,0.0,0.25,11486269.270119408,12485468.406880187,45945077.08047763,344588.07810358226,8838654.715683263,754519.3049973516,1893095.249438794,999199.1367607785,0.08156524566211033,88.09046531507916,869.184205079032,944.7951878078084,9.866949867618043,10.725283200951376,29.899848083691037,32.50085818470114,18.0,0.3313455163598085,8.254999999999981e-05,True,True,False,False,False
3.6576,0.0085,0.007334900000000001,0.0005,13215,TRISO,Hastelloy,Zircaloy,Zircaloy,SS316,Light Water Reactor,low,fixed_core_power,870.0,0.9,45.0,True,0.3,0.0,0.25,11425419.060662085,12372278.381939542,45701676.24264834,342762.5718198625,8375670.37160209,714996.2512343248,2334752.437825671,946859.3212774559,0.07729271404078966,83.47613116405286,864.5795732623599,936.2299191781719,10.357207038778911,11.215540372112244,31.385475875087607,33.986485976097704,18.0,0.40906853871581283,8.254999999999981e-05,True,True,False,False,False
3.6576,0.0085,0.007134900000000001,0.0006000000000000001,13215,TRISO,Hastelloy,Zircaloy,Zircaloy,SS316,Light Water Reactor,low,fixed_core_power,870.0,0.9,45.0,True,0.3,0.0,0.25,11366463.823046945,12262391.278254878,45465855.29218778,340993.91469140834,7925140.380480102,676536.3739434234,2764787.068623421,895927.4552079336,0.07313511420392664,78.98592334024077,860.1183369691219,927.9145878361618,10.889514239949632,11.747847573282964,32.99852799984737,35.599538100857465,18.0,0.48474621837823834,8.254999999999981e-05,True,True,False,False,False
3.6576,0.0085,0.006934900000000001,0.0007000000000000001,13215,TRISO,Hastelloy,Zircaloy,Zircaloy,SS316,Light Water Reactor,low,fixed_core_power,870.0,0.9,45.0,True,0.3,0.0,0.25,11309403.557273984,12155807.095826196,45237614.229095936,339282.1067182195,7487064.742317296,639139.6731246472,3183199.141832041,846403.5385522114,0.06909244615152124,74.61984184364293,855.8004961993178,919.8491937817779,11.46880608501619,12.327139418349523,34.753957833382394,37.35496793439249,18.0,0.5583785553470846,8.254999999999981e-05,True,True,False,False,False
3.6576,0.0085,0.006734900000000001,0.0008,13215,TRISO,Hastelloy,Zircaloy,Zircaloy,SS316,Light Water Reactor,low,fixed_core_power,870.0,0.9,45.0,True,0.3,0.0,0.25,11254238.263343204,12052525.834653493,45016953.053372815,337627.1479002961,7061443.457113675,602806.1487779967,3589988.6574515323,798287.5713102898,0.0651647098835735,70.37788667425939,851.6260509529477,912.0337370150203,12.100761918223792,12.959095251557125,36.66897550976907,39.269985610779166,18.0,0.6299655496223517,8.254999999999981e-05,True,True,False,False,False
3.6576,0.009000000000000001,0.008034900000000001,0.0004,13215,TRISO,Hastelloy,Zircaloy,Zircaloy,SS316,Light Water Reactor,low,fixed_core_power,870.0,0.9,45.0,True,0.3,0.0,0.25,12917902.531883167,14054110.986037629,51671610.12753267,387537.075956495,10050603.370082622,857978.3364704679,2009320.8253300774,1136208.4541544623,0.09274940127241423,100.16935337420739,977.5181635931266,1063.4968585726544,9.758655024370237,10.616988357703567,29.57168189203102,32.17269199304111,18.0,0.35179894329559913,8.254999999999981e-05,True,True,False,False,False
3.6576,0.009000000000000001,0.007834900000000002,0.0005,13215,TRISO,Hastelloy,Zircaloy,Zircaloy,SS316,Light Water Reactor,low,fixed_core_power,870.0,0.9,45.0,True,0.3,0.0,0.25,12852314.8928204,13932663.657957038,51409259.5712816,385569.44678461197,9556483.143603494,815797.3415271275,2480034.4076897777,1080348.765136639,0.08818954018994947,95.24470340514543,972.5550429678698,1054.306746723953,10.211119444940486,11.069452778273819,30.94278619678935,33.543796297799446,18.0,0.4346353223855515,8.254999999999894e-05,True,True,False,False,False
3.6576,0.009000000000000001,0.007634900000000002,0.0006000000000000001,13215,TRISO,Hastelloy,Zircaloy,Zircaloy,SS316,Light Water Reactor,low,fixed_core_power,870.0,0.9,45.0,True,0.3,0.0,0.25,12788622.225599801,13814519.251132417,51154488.902399205,383658.666767994,9074817.270083545,774679.5230559123,2939125.4324603435,1025897.0255326154,0.08374461089194231,90.4441797632977,967.7353178660462,1045.3665721628768,10.69980755421427,11.558140887547605,32.42365925519476,35.02466935620486,18.0,0.5154263587819239,8.254999999999981e-05,True,True,False,False,False
3.6576,0.009000000000000001,0.007434900000000001,0.0007000000000000001,13215,TRISO,Hastelloy,Zircaloy,Zircaloy,SS316,Light Water Reactor,low,fixed_core_power,870.0,0.9,45.0,True,0.3,0.0,0.25,12726824.530221388,13699677.76556378,50907298.12088555,381804.73590664164,8605605.74952278,734624.8810568226,3386593.8996417862,972853.2353423922,0.0794146133783928,85.76778244866422,963.058988287657,1036.6763348894272,11.228680056687837,12.08701339002117,34.02630320208436,36.62731330309445,18.0,0.5941720524847182,8.254999999999981e-05,True,True,False,False,False
3.6576,0.009000000000000001,0.007234900000000002,0.0008,13215,TRISO,Hastelloy,Zircaloy,Zircaloy,SS316,Light Water Reactor,low,fixed_core_power,870.0,0.9,45.0,True,0.3,0.0,0.25,12666921.806685157,13588139.201251127,50667687.22674063,380007.6542005547,8148848.581921198,695633.4155298584,3822439.8092340985,921217.3945659696,0.07519954764930095,81.21551146124503,958.526054232702,1028.236034903604,11.80225349796754,12.660586831300872,35.764404539295576,38.36541464030567,18.0,0.670872403493933,8.254999999999981e-05,True,True,False,False,False
3.6576,0.0095,0.0085349,0.0004,13215,TRISO,Hastelloy,Zircaloy,Zircaloy,SS316,Light Water Reactor,low,fixed_core_power,870.0,0.9,45.0,True,0.3,0.0,0.25,14434020.35259261,15716037.807977008,57736081.41037044,433020.61057777825,11340391.730476879,968082.2208943677,2125546.401221362,1282017.4553843983,0.10465188053557838,113.02403097842463,1092.2452026176777,1189.2574958741588,9.663831604326504,10.522164937659836,29.284338194928797,31.885348295938897,18.0,0.37225237023138996,8.254999999999981e-05,True,True,False,False,False
3.6576,0.0095,0.0083349,0.0005,13215,TRISO,Hastelloy,Zircaloy,Zircaloy,SS316,Light Water Reactor,low,fixed_core_power,870.0,0.9,45.0,True,0.3,0.0,0.25,14363695.283924378,15586333.176756453,57454781.135697514,430910.85851773137,10815135.621599786,923243.2847707134,2625316.3775538784,1222637.8928320734,0.09980468999196945,107.78906519132701,1086.923593183835,1179.4425408063908,10.083802018827525,10.942135352160859,30.55697581462886,33.15798591563897,18.0,0.4602021060552892,8.255000000000068e-05,True,True,False,False,False
3.6576,0.0095,0.0081349,0.0006000000000000001,13215,TRISO,Hastelloy,Zircaloy,Zircaloy,SS316,Light Water Reactor,low,fixed_core_power,870.0,0.9,45.0,True,0.3,0.0,0.25,14295265.18709834,15459931.466791889,57181060.74839336,428857.95561295014,10302333.865681883,879467.5251191851,3113463.7962972703,1164666.2796935495,0.09507243123281824,102.67822573144369,1081.745379273427,1169.8775230262497,10.535294816086392,11.393628149419726,31.9251358063224,34.5261459073325,18.0,0.5461064991856102,8.254999999999981e-05,True,True,False,False,False
3.6576,0.0095,0.0079349,0.0007000000000000001,13215,TRISO,Hastelloy,Zircaloy,Zircaloy,SS316,Light Water Reactor,low,fixed_core_power,870.0,0.9,45.0,True,0.3,0.0,0.25,14228730.062114475,15336832.6780833,56914920.2484579,426861.90186343424,9801986.462723158,836754.9419397818,3589988.6574515346,1108102.6159688253,0.09045510425812461,97.69151259877458,1076.7105608864529,1160.5624425337344,11.021536387798328,11.879869721131662,33.398595114540385,35.99960521555049,18.0,0.6299655496223521,8.254999999999981e-05,True,True,False,False,False
3.6576,0.0095,0.0077349,0.0008,13215,TRISO,Hastelloy,Zircaloy,Zircaloy,SS316,Light Water Reactor,low,fixed_core_power,870.0,0.9,45.0,True,0.3,0.0,0.25,14164089.908972792,15217036.810630694,56656359.63589117,424922.69726918376,9314093.412723618,795105.5352325039,4054890.96101667,1052946.9016579017,0.08595270906788864,92.82892579331975,1071.8191380229127,1151.4972993288457,11.54617624693061,12.404509580263944,34.988412869486694,37.5894229704968,18.0,0.7117792573655148,8.254999999999938e-05,True,True,False,False,False
3.6576,0.01,0.0090349,0.0004,13215,TRISO,Hastelloy,Zircaloy,Zircaloy,SS316,Light Water Reactor,low,fixed_core_power,870.0,0.9,45.0,True,0.3,0.0,0.25,16034622.732247733,17471248.87269832,64138490.92899093,481038.68196743197,12708019.796866033,1084830.9582690517,2241771.9771126467,1436626.140450587,0.1172726834516028,126.654498127731,1213.365322152685,1322.0770997123207,9.580120249096929,10.438453582430263,29.030667421505843,31.631677522515947,18.0,0.3927057971671808,8.254999999999981e-05,True,True,False,False,False
3.6576,0.01,0.0088349,0.0005,13215,TRISO,Hastelloy,Zircaloy,Zircaloy,SS316,Light Water Reactor,low,fixed_core_power,870.0,0.9,45.0,True,0.3,0.0,0.25,15959560.233974054,17333286.938337814,63838240.93589622,478786.8070192216,12151627.805590985,1037334.080965084,2770598.3474179846,1373726.7043637612,0.11213816344684979,121.10921652259778,1207.6852239102577,1311.6373014254873,9.97186885182199,10.83020218515532,30.217784399460573,32.818794500470666,18.0,0.48576888972502785,8.255000000000068e-05,True,True,False,False,False
3.6576,0.01,0.008634900000000001,0.0006000000000000001,13215,TRISO,Hastelloy,Zircaloy,Zircaloy,SS316,Light Water Reactor,low,fixed_core_power,870.0,0.9,45.0,True,0.3,0.0,0.25,15886392.70754256,17198627.925233297,63545570.83017024,476591.78122627677,11607690.16727512,990900.380133242,3287802.1601341977,1312235.2176907363,0.10711857522655445,115.68806124467883,1202.1485211912643,1301.4474404262805,10.391292828814331,11.249626162147667,31.488766147922213,34.089776248932324,18.0,0.5767866395892964,8.254999999999981e-05,True,True,False,False,False
3.6576,0.01,0.0084349,0.0007000000000000001,13215,TRISO,Hastelloy,Zircaloy,Zircaloy,SS316,Light Water Reactor,low,fixed_core_power,870.0,0.9,45.0,True,0.3,0.0,0.25,15815120.152953241,17067271.833384752,63260480.611812964,474453.6045885972,11076206.881918436,945529.8557735251,3793383.4152612803,1252151.680431511,0.10221391879071673,110.39103229397405,1196.755213995705,1291.5075167146995,10.841054650242931,11.699387983576266,32.851680758311915,35.45269085932202,18.0,0.6657590467599857,8.254999999999981e-05,True,True,False,False,False
3.6576,0.01,0.0082349,0.0008,13215,TRISO,Hastelloy,Zircaloy,Zircaloy,SS316,Light Water Reactor,low,fixed_core_power,870.0,0.9,45.0,True,0.3,0.0,0.25,15745742.570206102,16939218.662792187,62982970.28082441,472372.27710618306,10557177.949520933,901222.5078859333,4287342.1127992375,1193476.092586086,0.09742419413933662,105.21812967048353,1191.5053023235794,1281.8175302907443,11.324144480186746,12.182477813520078,34.315589333899226,36.91659943490933,18.0,0.7526861112370963,8.254999999999981e-05,True,True,False,False,False
3.6576,0.0105,0.0095349,0.0004,13215,TRISO,Hastelloy,Zircaloy,Zircaloy,SS316,Light Water Reactor,low,fixed_core_power,870.0,0.9,45.0,True,0.3,0.0,0.27177374735014054,17719709.67084854,19319744.180201568,65200225.71576532,531591.2901254562,14153487.56925009,1208224.54859452,2357997.55300393,1600034.5093530286,0.13061181002048752,141.06075482212654,1340.878522198149,1461.955670087141,9.505680895362834,10.364014228696167,28.805093622311617,31.406103723321717,18.0,0.4131592241029714,8.254999999999981e-05,True,True,False,False,False
3.6576,0.0105,0.0093349,0.0005,13215,TRISO,Hastelloy,Zircaloy,Zircaloy,SS316,Light Water Reactor,low,fixed_core_power,870.0,0.9,45.0,True,0.3,0.0,0.2604921002564812,17639909.74296941,19173524.94270111,67717637.98441914,529197.2922890822,13565959.69557708,1158069.7301102385,2915880.317282088,1533615.1997317015,0.1251899605545904,135.20515739895762,1334.8399351471364,1450.8910285812417,9.872699835024395,10.73103316835773,29.91727222734665,32.518282328356754,18.0,0.511335673394766,8.255000000000068e-05,True,True,False,False,False
3.6576,0.0105,0.009134900000000001,0.0006000000000000001,13215,TRISO,Hastelloy,Zircaloy,Zircaloy,SS316,Light Water Reactor,low,fixed_core_power,870.0,0.9,45.0,True,0.3,0.0,0.25,17562004.78693246,19030608.626456637,70248019.14772984,526860.1436079738,12990886.174863257,1108978.088098083,3462140.5239711213,1468603.8395241755,0.11988304287315095,129.47368630300303,1328.944743619558,1440.0763243629692,10.264207203535335,11.122540536868671,31.103658192531316,33.704668293541424,18.0,0.6074667799929822,8.254999999999981e-05,True,True,False,False,False
3.6576,0.0105,0.0089349,0.0007000000000000001,13215,TRISO,Hastelloy,Zircaloy,Zircaloy,SS316,Light Water Reactor,low,fixed_core_power,870.0,0.9,45.0,True,0.3,0.0,0.25,17485994.802737698,18890995.23146815,69943979.21095079,524579.8440821309,12428267.007108616,1060949.6225580527,3996778.1730710296,1405000.4287304496,0.11469105697616913,123.86634153426265,1323.1929476154141,1429.5115574323231,10.682425356442824,11.540758689776158,32.370985928614616,34.97199602962472,18.0,0.7015525438976199,8.254999999999981e-05,True,True,False,False,False
3.6576,0.0105,0.0087349,0.0008,13215,TRISO,Hastelloy,Zircaloy,Zircaloy,SS316,Light Water Reactor,low,fixed_core_power,870.0,0.9,45.0,True,0.3,0.0,0.25,17411879.79038511,18754684.757735632,69647519.16154043,522356.39371155325,11878102.192313155,1013984.3334901474,4519793.264581805,1342804.9673505237,0.10961400286364492,118.38312309273653,1317.5845471347036,1419.1967277893025,11.12983432699745,11.988167660330785,33.72677068787106,36.327780788881164,18.0,0.7935929651086777,8.254999999999981e-05,True,True,False,False,False
3.6576,0.011,0.0100349,0.0004,13215,TRISO,Hastelloy,Zircaloy,Zircaloy,SS316,Light Water Reactor,low,fixed_core_power,870.0,0.9,45.0,True,0.3,0.0,0.3010241338531101,19489281.168395024,21261523.730486747,64743251.37633368,584678.4350518507,15676795.047629038,1338262.9918707716,2474223.1288952148,1772242.5620917217,0.14466926024223248,156.2428010616111,1474.7848027540692,1608.8932069986188,9.439057625269523,10.297390958602856,28.60320492505916,31.20421502606926,18.0,0.43361265103876223,8.254999999999981e-05,True,True,False,False,False
3.6576,0.011,0.0098349,0.0005,13215,TRISO,Hastelloy,Zircaloy,Zircaloy,SS316,Light Water Reactor,low,fixed_core_power,870.0,0.9,45.0,True,0.3,0.0,0.2891446188915529,19404743.810910445,21107047.18984634,67110859.2139784,582142.3143273133,15058131.291558072,1285450.232206177,3061162.2871461967,1702303.3789358942,0.13896008131519128,150.07688782040657,1468.3877268944718,1597.2037222736542,9.784236255296394,10.642569588629728,29.649200773625434,32.250210874635535,18.0,0.536902457064505,8.254999999999894e-05,True,True,False,False,False
3.6576,0.011,0.0096349,0.0006000000000000001,13215,TRISO,Hastelloy,Zircaloy,Zircaloy,SS316,Light Water Reactor,low,fixed_core_power,870.0,0.9,45.0,True,0.3,0.0,0.2775042510771548,19322101.425268035,20955873.570461903,69628127.67828876,579663.0427580411,14451921.888446284,1233700.6490137072,3636478.887808044,1633772.1451938665,0.13336583417260767,144.0351009064163,1462.1340465583075,1585.764174836315,10.151234229413966,11.0095675627473,30.761315846708985,33.36232594771909,18.0,0.6381469203966676,8.254999999999981e-05,True,True,False,False,False
3.6576,0.011,0.0094349,0.0007000000000000001,13215,TRISO,Hastelloy,Zircaloy,Zircaloy,SS316,Light Water Reactor,low,fixed_core_power,870.0,0.9,45.0,True,0.3,0.0,0.26610303040991595,19241354.01146782,20808002.872333456,72307910.14227705,577240.6203440345,13858166.83829368,1183014.242293363,4200172.930880773,1566648.8608656393,0.1278865188144817,138.11744031964028,1456.0237617455784,1574.5745646866028,10.54192546847056,11.400258801803892,31.945228692335025,34.546238793345125,18.0,0.7373460410352528,8.254999999999981e-05,True,True,False,False,False
3.6576,0.011,0.009234899999999999,0.0008,13215,TRISO,Hastelloy,Zircaloy,Zircaloy,SS316,Light Water Reactor,low,fixed_core_power,870.0,0.9,45.0,True,0.3,0.0,0.25494095688983615,19162501.569509782,20663435.095460996,75164468.68044898,574875.0470852935,13276866.141100265,1133391.0120451446,4752244.416364372,1500933.525951213,0.12252213524081343,132.3239060600785,1450.0568724562831,1563.6348918245174,10.95838927092977,11.816722604263104,33.20724021493869,35.8082503159488,18.0,0.8344998189802589,8.254999999999981e-05,True,True,False,False,False
3.6576,0.0115,0.0105349,0.0004,13215,TRISO,Hastelloy,Zircaloy,Zircaloy,SS316,Light Water Reactor,low,fixed_core_power,870.0,0.9,45.0,True,0.3,0.0,0.3317691900258245,21343337.224887196,23296587.523553863,64331884.534624375,640300.1167466159,17277942.23200289,1474946.288097808,2590448.7047864967,1953250.2986666684,0.15944503411683777,172.2006368461848,1615.084163820446,1762.8897104467546,9.37908357019081,10.237416903524142,28.421465364214573,31.022475465224673,18.0,0.45406607797455256,8.254999999999981e-05,True,True,False,False,False
3.6576,0.0115,0.010334900000000001,0.0005,13215,TRISO,Hastelloy,Zircaloy,Zircaloy,SS316,Light Water Reactor,low,fixed_core_power,870.0,0.9,45.0,True,0.3,0.0,0.3192918071963694,21254062.437797163,23133853.679773502,66566263.082114056,637621.8731339149,16628142.593533965,1419475.5872528993,3206444.2570102983,1879791.2419763396,0.15344852572865245,165.72440778694462,1608.3285991522635,1750.5753825027243,9.704838415955793,10.563171749289126,29.4086012604721,32.0096113614822,18.0,0.5624692407342429,8.254999999999894e-05,True,True,False,False,False
3.6576,0.0115,0.0101349,0.0006000000000000001,13215,TRISO,Hastelloy,Zircaloy,Zircaloy,SS316,Light Water Reactor,low,fixed_core_power,870.0,0.9,45.0,True,0.3,0.0,0.30705357151407336,21166682.622549303,22974422.757249113,68934819.80416945,635000.4786764791,15990797.308024216,1365068.062880116,3810817.2516449695,1807740.1346998108,0.1475669491249247,159.37230505491868,1601.7164300075144,1738.5109918463195,10.050155385878199,10.908488719211531,30.455016320843026,33.056026421853126,18.0,0.6688270608003537,8.254999999999981e-05,True,True,False,False,False
3.6576,0.0115,0.0099349,0.0007000000000000001,13215,TRISO,Hastelloy,Zircaloy,Zircaloy,SS316,Light Water Reactor,low,fixed_core_power,870.0,0.9,45.0,True,0.3,0.0,0.2950544829789366,21081197.77914363,22818294.755980715,71448491.70330545,632435.9333743089,15365906.375473656,1311723.7149794584,4403567.688690518,1737096.9768370828,0.14180030430565466,153.144328650107,1595.2476563861999,1726.6965384775417,10.416629009036994,11.274962342370326,31.565542451627252,34.16655255263735,18.0,0.7731395381728864,8.254999999999981e-05,True,True,False,False,False
3.6576,0.0115,0.0097349,0.0008,13215,TRISO,Hastelloy,Zircaloy,Zircaloy,SS316,Light Water Reactor,low,fixed_core_power,870.0,0.9,45.0,True,0.3,0.0,0.2832945415909589,20997607.907580145,22665469.6759683,74119352.21080965,629928.2372274044,14753469.795882279,1259442.5435509263,4984695.568146939,1667861.7683881551,0.13614859127084225,147.04047857250964,1588.9222782883196,1715.1320223963905,10.806019496901861,11.664352830235195,32.74551362697534,35.34652372798544,18.0,0.8754066728518402,8.254999999999981e-05,True,True,False,False,False
3.6576,0.012,0.0110349,0.0004,13215,TRISO,Hastelloy,Zircaloy,Zircaloy,SS316,Light Water Reactor,low,fixed_core_power,870.0,0.9,45.0,True,0.3,0.0,0.3640089158682834,23281877.84032504,25424935.559402905,63959636.22151933,698456.3352097512,18956929.122371636,1618274.4372756276,2706674.280677778,2143057.719077867,0.17493913164430328,188.93426217584755,1761.7766053972787,1923.945180431548,9.324812689386816,10.18314602272015,28.257008149657015,30.85801825066712,18.0,0.47451950491034295,8.254999999999981e-05,True,True,False,False,False
3.6576,0.012,0.010834900000000001,0.0005,13215,TRISO,Hastelloy,Zircaloy,Zircaloy,SS316,Light Water Reactor,low,fixed_core_power,870.0,0.9,45.0,True,0.3,0.0,0.35093366517093044,23187865.62362956,25253944.412482597,66074782.572755925,695635.9687088868,18275993.60150475,1560145.7952504056,3351726.2268744037,2066078.788853037,0.16865529379497385,182.14771729857173,1754.6625519205115,1911.0060092684523,9.633184417262363,10.491517750595698,29.19146793109807,31.79247803210817,18.0,0.5880360244039813,8.254999999999894e-05,True,True,False,False,False
3.6576,0.012,0.010634900000000001,0.0006000000000000001,13215,TRISO,Hastelloy,Zircaloy,Zircaloy,SS316,Light Water Reactor,low,fixed_core_power,870.0,0.9,45.0,True,0.3,0.0,0.3380975616207367,23095748.37877625,25086256.186818257,68310898.98448917,692872.4513632874,17607512.433597047,1503080.329697309,3985155.6154818954,1990507.8080420077,0.16248638773010204,175.48529874851022,1747.6918939671773,1898.316775392982,9.9591926299867,10.817525963320033,30.179371606020304,32.7803817070304,18.0,0.6995072012040398,8.254999999999981e-05,True,True,False,False,False
3.6576,0.012,0.0104349,0.0007000000000000001,13215,TRISO,Hastelloy,Zircaloy,Zircaloy,SS316,Light Water Reactor,low,fixed_core_power,870.0,0.9,45.0,True,0.3,0.0,0.32550060521770197,23005526.10576513,24921870.882409908,70677368.14307466,690165.7831729539,16951485.61864853,1447078.0406163377,4606962.446500265,1916344.7766447787,0.1564324134496879,168.9470065256629,1740.8646315372782,1885.8774788051387,10.304205249548723,11.162538582882055,31.224864392571885,33.825874493581985,18.0,0.8089330353105201,8.254999999999981e-05,True,True,False,False,False
3.6576,0.012,0.0102349,0.0008,13215,TRISO,Hastelloy,Zircaloy,Zircaloy,SS316,Light Water Reactor,low,fixed_core_power,870.0,0.9,45.0,True,0.3,0.0,0.3131427959618265,22917198.80459619,24760788.49925754,73184499.53225142,687515.9641378856,16307913.156659191,1392138.9280074919,5217146.719929505,1843589.69466135,0.15049337095373136,162.53284063002985,1734.1807646308127,1873.6881195049216,10.669725317717743,11.528058651051078,32.33250096278104,34.933511063791144,18.0,0.9163135267234213,8.254999999999981e-05,True,True,False,False,False
3.6576,0.008,0.0070349,0.0004,13215,TRISO,Hastelloy,Zircaloy,Zircaloy,SS316,Light Water Reactor,mean,fixed_core_power,870.0,0.9,45.0,True,0.3,0.0,0.25,19409850.15646757,20280839.65967092,77639400.62587029,582295.5046940271,14563470.657661146,3069509.8252589153,1776869.673547511,870989.5032033472,0.07109941370466671,76.78736680104006,1468.77413215797,1534.683288662196,19.127809603937035,19.98614293727037,57.9630594058698,60.5640695068799,18.0,0.31089208942401797,8.254999999999981e-05,True,True,False,False,False
3.6576,0.008,0.0068349000000000005,0.0005,13215,TRISO,Hastelloy,Zircaloy,Zircaloy,SS316,Light Water Reactor,mean,fixed_core_power,870.0,0.9,45.0,True,0.3,0.0,0.25,18834102.548983738,19656272.11023826,75336410.19593495,565023.0764695121,13747171.736186778,2897460.3448353927,2189470.467961566,822169.5612545254,0.06711421154449015,72.48334846804936,1425.2063979556367,1487.421272057379,19.66253530055758,20.520868633890913,59.583440304719936,62.18445040573004,18.0,0.3835017550460744,8.254999999999981e-05,True,True,False,False,False
3.6576,0.008,0.006634900000000001,0.0006000000000000001,13215,TRISO,Hastelloy,Zircaloy,Zircaloy,SS316,Light Water Reactor,mean,fixed_core_power,870.0,0.9,45.0,True,0.3,0.0,0.25,18275235.993246105,19049993.561965607,73100943.97298442,548257.0797973832,12954414.579452332,2730372.7090072786,2590448.704786495,774757.568719504,0.06324394116877123,68.30345646227293,1382.9160797008024,1441.5432131642533,20.246648578679896,21.10498191201323,61.353480541454225,63.95449064246433,18.0,0.45406607797455234,8.254999999999981e-05,True,True,False,False,False
3.6576,0.008,0.0064349,0.0007000000000000001,13215,TRISO,Hastelloy,Zircaloy,Zircaloy,SS316,Light Water Reactor,mean,fixed_core_power,870.0,0.9,45.0,True,0.3,0.0,0.25,17733250.489254672,18462004.014852956,70933001.95701869,531997.5146776402,12185199.187457804,2568246.917774574,2979804.3840222964,728753.5255982828,0.05948860257750994,64.24769078371072,1341.9031773934673,1397.049111982819,20.886403246942717,21.74473658027605,63.29213105134156,65.89314115235166,18.0,0.5225850582094512,8.254999999999981e-05,True,True,False,False,False
3.6576,0.008,0.006234900000000001,0.0008,13215,TRISO,Hastelloy,Zircaloy,Zircaloy,SS316,Light Water Reactor,mean,fixed_core_power,870.0,0.9,45.0,True,0.3,0.0,0.25,17208146.037009448,17892303.46890031,68832584.14803779,516244.38111028343,11439525.5602032,2411082.9711372796,3357537.5056689675,684157.4318908624,0.055848195770706315,60.316051432362826,1302.167691033632,1353.938968513077,21.589073888463272,22.44740722179661,65.42143602564627,68.02244612665639,18.0,0.5890586957507707,8.254999999999981e-05,True,True,False,False,False
3.6576,0.0085,0.007534900000000001,0.0004,13215,TRISO,Hastelloy,Zircaloy,Zircaloy,SS316,Light Water Reactor,mean,fixed_core_power,870.0,0.9,45.0,True,0.3,0.0,0.25,22121650.027945645,23120849.164706424,88486600.11178258,663649.5008383694,16707213.182084214,3521341.5964226397,1893095.249438794,999199.1367607785,0.08156524566211033,88.09046531507916,1673.980327502508,1749.5913102312845,19.002968386136555,19.861301719469893,57.58475268526229,60.1857627862724,18.0,0.3313455163598085,8.254999999999981e-05,True,True,False,False,False
3.6576,0.0085,0.007334900000000001,0.0005,13215,TRISO,Hastelloy,Zircaloy,Zircaloy,SS316,Light Water Reactor,mean,fixed_core_power,870.0,0.9,45.0,True,0.3,0.0,0.25,21503699.791096315,22450559.11237377,86014799.16438526,645110.9937328894,15832059.84876005,3336887.5045105936,2334752.437825671,946859.3212774559,0.07729271404078966,83.47613116405286,1627.2190534314275,1698.8693993472396,19.49322555729743,20.351558890630763,59.07038047665887,61.67139057766897,18.0,0.40906853871581283,8.254999999999981e-05,True,True,False,False,False
3.6576,0.0085,0.007134900000000001,0.0006000000000000001,13215,TRISO,Hastelloy,Zircaloy,Zircaloy,SS316,Light Water Reactor,mean,fixed_core_power,870.0,0.9,45.0,True,0.3,0.0,0.25,20902630.605993178,21798558.06120111,83610522.42397271,627078.9181797953,14980448.280175803,3157395.2571939565,2764787.068623421,895927.4552079336,0.07313511420392664,78.98592334024077,1581.7351953078455,1649.5314461748853,20.02553275846815,20.88386609180148,60.68343260141863,63.28444270242872,18.0,0.48474621837823834,8.254999999999981e-05,True,True,False,False,False
3.6576,0.0085,0.006934900000000001,0.0007000000000000001,13215,TRISO,Hastelloy,Zircaloy,Zircaloy,SS316,Light Water Reactor,mean,fixed_core_power,870.0,0.9,45.0,True,0.3,0.0,0.25,20318442.472636245,21164846.011188455,81273769.89054498,609553.2741790874,14152378.476331474,2982864.854472728,3183199.141832041,846403.5385522114,0.06909244615152124,74.61984184364293,1537.5287531317629,1601.5774507142228,20.604824603534713,21.463157936868043,62.43886243495367,65.03987253596377,18.0,0.5583785553470846,8.254999999999981e-05,True,True,False,False,False
3.6576,0.0085,0.006734900000000001,0.0008,13215,TRISO,Hastelloy,Zircaloy,Zircaloy,SS316,Light Water Reactor,mean,fixed_core_power,870.0,0.9,45.0,True,0.3,0.0,0.25,19751135.39102551,20549422.9623358,79004541.56410204,592534.0617307653,13347850.437227068,2813296.29634691,3589988.6574515323,798287.5713102898,0.0651647098835735,70.37788667425939,1494.5997269031789,1555.0074129652514,21.236780436742308,22.09511377007564,64.35388011134032,66.95489021235042,18.0,0.6299655496223517,8.254999999999981e-05,True,True,False,False,False
3.6576,0.009000000000000001,0.008034900000000001,0.0004,13215,TRISO,Hastelloy,Zircaloy,Zircaloy,SS316,Light Water Reactor,mean,fixed_core_power,870.0,0.9,45.0,True,0.3,0.0,0.25,25011597.45776954,26147805.911924,100046389.83107816,750347.9237330861,18998091.736131787,4004184.896307673,2009320.8253300774,1136208.4541544623,0.09274940127241423,100.16935337420739,1892.6672310079107,1978.6459259874387,18.894673542888754,19.753006876222088,57.25658649360228,59.85759659461238,18.0,0.35179894329559913,8.254999999999981e-05,True,True,False,False,False
3.6576,0.009000000000000001,0.007834900000000002,0.0005,13215,TRISO,Hastelloy,Zircaloy,Zircaloy,SS316,Light Water Reactor,mean,fixed_core_power,870.0,0.9,45.0,True,0.3,0.0,0.25,24351444.591554705,25431793.356691346,97405778.36621882,730543.3377466411,18064083.990957826,3807326.192907104,2480034.4076897777,1080348.765136639,0.08818954018994947,95.24470340514543,1842.712417068082,1924.4641208241653,19.347137963459,20.205471296792336,58.62769079836061,61.228700899370715,18.0,0.4346353223855515,8.254999999999894e-05,True,True,False,False,False
3.6576,0.009000000000000001,0.007634900000000002,0.0006000000000000001,13215,TRISO,Hastelloy,Zircaloy,Zircaloy,SS316,Light Water Reactor,mean,fixed_core_power,870.0,0.9,45.0,True,0.3,0.0,0.25,23708172.777086057,24734069.80261867,94832691.10834423,711245.1833125816,17153618.010523774,3615429.334101943,2939125.4324603435,1025897.0255326154,0.08374461089194231,90.4441797632977,1794.0350190757515,1871.666273372582,19.835826072732786,20.69415940606612,60.10856385676602,62.70957395777612,18.0,0.5154263587819239,8.254999999999981e-05,True,True,False,False,False
3.6576,0.009000000000000001,0.007434900000000001,0.0007000000000000001,13215,TRISO,Hastelloy,Zircaloy,Zircaloy,SS316,Light Water Reactor,mean,fixed_core_power,870.0,0.9,45.0,True,0.3,0.0,0.25,23081782.01436362,24054635.24970601,92327128.05745448,692453.4604309086,16266693.794829644,3428494.319892191,3386593.8996417862,972853.2353423922,0.0794146133783928,85.76778244866422,1746.635037030921,1820.252383632691,20.364698575206358,21.22303190853969,61.711207803655626,64.31221790466572,18.0,0.5941720524847182,8.254999999999981e-05,True,True,False,False,False
3.6576,0.009000000000000001,0.007234900000000002,0.0008,13215,TRISO,Hastelloy,Zircaloy,Zircaloy,SS316,Light Water Reactor,mean,fixed_core_power,870.0,0.9,45.0,True,0.3,0.0,0.25,22472272.30338738,23393489.69795335,89889089.21354952,674168.1691016214,15403311.343875436,3246521.150277849,3822439.8092340985,921217.3945659696,0.07519954764930095,81.21551146124503,1700.5124709335892,1770.2224516044912,20.938272016486053,21.796605349819387,63.44930914086682,66.05031924187693,18.0,0.670872403493933,8.254999999999981e-05,True,True,False,False,False
3.6576,0.0095,0.0085349,0.0004,13215,TRISO,Hastelloy,Zircaloy,Zircaloy,SS316,Light Water Reactor,mean,fixed_core_power,870.0,0.9,45.0,True,0.3,0.0,0.25,28079692.44593923,29361709.90132363,112318769.78375693,842390.773378177,21436106.319803856,4518039.724914013,2125546.401221362,1282017.4553843983,0.10465188053557838,113.02403097842463,2124.834842674176,2221.847135930657,18.799850122845022,19.658183456178353,56.96924279650006,59.57025289751016,18.0,0.37225237023138996,8.254999999999981e-05,True,True,False,False,False
3.6576,0.0095,0.0083349,0.0005,13215,TRISO,Hastelloy,Zircaloy,Zircaloy,SS316,Light Water Reactor,mean,fixed_core_power,870.0,0.9,45.0,True,0.3,0.0,0.25,27377336.950358883,28599974.843190957,109509347.80143553,821320.1085107664,20443244.162780084,4308776.41002492,2625316.3775538784,1222637.8928320734,0.09980468999196945,107.78906519132701,2071.686488865598,2164.205436488154,19.219820537346042,20.078153870679376,58.241880416200125,60.84289051721023,18.0,0.4602021060552892,8.255000000000068e-05,True,True,False,False,False
3.6576,0.0095,0.0081349,0.0006000000000000001,13215,TRISO,Hastelloy,Zircaloy,Zircaloy,SS316,Light Water Reactor,mean,fixed_core_power,870.0,0.9,45.0,True,0.3,0.0,0.25,26691862.50652475,27856528.7862183,106767450.026099,800755.8751957425,19473923.77049624,4104474.9397312365,3113463.7962972703,1164666.2796935495,0.09507243123281824,102.67822573144369,2019.8155510045212,2107.947694757344,19.67131333460491,20.529646667938245,59.61004040789366,62.21105050890377,18.0,0.5461064991856102,8.254999999999981e-05,True,True,False,False,False
3.6576,0.0095,0.0079349,0.0007000000000000001,13215,TRISO,Hastelloy,Zircaloy,Zircaloy,SS316,Light Water Reactor,mean,fixed_core_power,870.0,0.9,45.0,True,0.3,0.0,0.25,26023269.114436805,27131371.73040563,104093076.45774722,780698.0734331041,18528145.14295231,3905135.314032961,3589988.6574515346,1108102.6159688253,0.09045510425812461,97.69151259877458,1969.2220290909424,2053.0739107382237,20.157554906316847,21.015888239650177,61.08349971611165,63.68450981712175,18.0,0.6299655496223521,8.254999999999981e-05,True,True,False,False,False
3.6576,0.0095,0.0077349,0.0008,13215,TRISO,Hastelloy,Zircaloy,Zircaloy,SS316,Light Water Reactor,mean,fixed_core_power,870.0,0.9,45.0,True,0.3,0.0,0.25,25371556.774095066,26424503.675752968,101486227.09638026,761146.703222852,17605908.2801483,3710757.5329300957,4054890.96101667,1052946.9016579017,0.08595270906788864,92.82892579331975,1919.9059231248632,1999.5840844307959,20.682194765449125,21.54052809878246,62.673317471057956,65.27432757206806,18.0,0.7117792573655148,8.254999999999938e-05,True,True,False,False,False
3.6576,0.01,0.0090349,0.0004,13215,TRISO,Hastelloy,Zircaloy,Zircaloy,SS316,Light Water Reactor,mean,fixed_core_power,870.0,0.9,45.0,True,0.3,0.0,0.25,31325934.99245474,32762561.132905327,125303739.96981896,939778.0497736422,24021256.93310043,5062906.082241664,2241771.9771126467,1436626.140450587,0.1172726834516028,126.654498127731,2370.483162501305,2479.1949400609406,18.71613876761545,19.574472100948785,56.71557202307712,59.316582124087226,18.0,0.3927057971671808,8.254999999999981e-05,True,True,False,False,False
3.6576,0.01,0.0088349,0.0005,13215,TRISO,Hastelloy,Zircaloy,Zircaloy,SS316,Light Water Reactor,mean,fixed_core_power,870.0,0.9,45.0,True,0.3,0.0,0.25,30581376.867508892,31955103.57187265,122325507.47003557,917441.3060252668,22969540.36422686,4841238.155864047,2770598.3474179846,1373726.7043637612,0.11213816344684979,121.10921652259778,2314.1412688239798,2418.0933463392093,19.107887370340507,19.966220703673837,57.90268900103184,60.50369910204193,18.0,0.48576888972502785,8.255000000000068e-05,True,True,False,False,False
3.6576,0.01,0.008634900000000001,0.0006000000000000001,13215,TRISO,Hastelloy,Zircaloy,Zircaloy,SS316,Light Water Reactor,mean,fixed_core_power,870.0,0.9,45.0,True,0.3,0.0,0.25,29853699.79430925,31165935.011999987,119414799.177237,895610.9938292775,21941365.560093217,4624532.07408184,3287802.1601341977,1312235.2176907363,0.10711857522655445,115.68806124467883,2259.0767910941545,2358.3757103291705,19.527311347332848,20.385644680666182,59.173670749493475,61.77468085050358,18.0,0.5767866395892964,8.254999999999981e-05,True,True,False,False,False
3.6576,0.01,0.0084349,0.0007000000000000001,13215,TRISO,Hastelloy,Zircaloy,Zircaloy,SS316,Light Water Reactor,mean,fixed_core_power,870.0,0.9,45.0,True,0.3,0.0,0.25,29142903.772855803,30395055.453287315,116571615.09142321,874287.1131856741,20936732.520699482,4412787.836895041,3793383.4152612803,1252151.680431511,0.10221391879071673,110.39103229397405,2205.2897293118276,2300.042032030822,19.97707316876145,20.835406502094784,60.536585359883176,63.13759546089328,18.0,0.6657590467599857,8.254999999999981e-05,True,True,False,False,False
3.6576,0.01,0.0082349,0.0008,13215,TRISO,Hastelloy,Zircaloy,Zircaloy,SS316,Light Water Reactor,mean,fixed_core_power,870.0,0.9,45.0,True,0.3,0.0,0.25,28448988.803148557,29642464.89573464,113795955.21259423,853469.6640944567,19955641.246045668,4206005.44430365,4287342.1127992375,1193476.092586086,0.09742419413933662,105.21812967048353,2152.780083477,2243.0923114441653,20.460162998705268,21.318496332038603,62.00049393547051,64.6015040364806,18.0,0.7526861112370963,8.254999999999981e-05,True,True,False,False,False
3.6576,0.0105,0.0095349,0.0004,13215,TRISO,Hastelloy,Zircaloy,Zircaloy,SS316,Light Water Reactor,mean,fixed_core_power,870.0,0.9,45.0,True,0.3,0.0,0.27177374735014054,34750325.097316064,36350359.60666909,127864907.61576532,1042509.7529194818,26753543.57602151,5638783.968290624,2357997.55300393,1600034.5093530286,0.13061181002048752,141.06075482212654,2629.6121904892975,2750.689338378289,18.64169941388135,19.500032747214682,56.48999822388288,59.091008324892975,18.0,0.4131592241029714,8.254999999999981e-05,True,True,False,False,False
3.6576,0.0105,0.0093349,0.0005,13215,TRISO,Hastelloy,Zircaloy,Zircaloy,SS316,Light Water Reactor,mean,fixed_core_power,870.0,0.9,45.0,True,0.3,0.0,0.2604921002564812,33963564.3430047,35497179.5427364,130382319.88441911,1018906.930290141,25642972.595298138,5404711.430424483,2915880.317282088,1533615.1997317015,0.1251899605545904,135.20515739895762,2570.0767569432237,2686.127850377329,19.00871835354291,19.867051686876245,57.602176828917905,60.20318692992801,18.0,0.511335673394766,8.255000000000068e-05,True,True,False,False,False
3.6576,0.0105,0.009134900000000001,0.0006000000000000001,13215,TRISO,Hastelloy,Zircaloy,Zircaloy,SS316,Light Water Reactor,mean,fixed_core_power,870.0,0.9,45.0,True,0.3,0.0,0.25,33193684.64043957,34662288.47996374,132774738.56175828,995810.5392131871,24555943.379314695,5175600.737153753,3462140.5239711213,1468603.8395241755,0.11988304287315095,129.47368630300303,2511.8187393446515,2622.950320088062,19.400225722053857,20.258559055387188,58.788562794102596,61.389572895112686,18.0,0.6074667799929822,8.254999999999981e-05,True,True,False,False,False
3.6576,0.0105,0.0089349,0.0007000000000000001,13215,TRISO,Hastelloy,Zircaloy,Zircaloy,SS316,Light Water Reactor,mean,fixed_core_power,870.0,0.9,45.0,True,0.3,0.0,0.25,32440685.989620626,33845686.41835108,129762743.9584825,973220.5796886188,23492455.928071164,4951451.888478431,3996778.1730710296,1405000.4287304496,0.11469105697616913,123.86634153426265,2454.8381376935777,2561.156747510486,19.818443874961346,20.676777208294677,60.0558905301859,62.65690063119599,18.0,0.7015525438976199,8.254999999999981e-05,True,True,False,False,False
3.6576,0.0105,0.0087349,0.0008,13215,TRISO,Hastelloy,Zircaloy,Zircaloy,SS316,Light Water Reactor,mean,fixed_core_power,870.0,0.9,45.0,True,0.3,0.0,0.25,31704568.39054787,33047373.357898396,126818273.56219149,951137.0517164362,22452510.24156755,4732264.884398517,4519793.264581805,1342804.9673505237,0.10961400286364492,118.38312309273653,2399.134951990002,2500.7471326446007,20.26585284551597,21.124186178849303,61.41167528944233,64.01268539045243,18.0,0.7935929651086777,8.254999999999981e-05,True,True,False,False,False
3.6576,0.011,0.0100349,0.0004,13215,TRISO,Hastelloy,Zircaloy,Zircaloy,SS316,Light Water Reactor,mean,fixed_core_power,870.0,0.9,45.0,True,0.3,0.0,0.3010241338531101,38352862.76052319,40125105.322614916,127407933.27633369,1150585.8828156958,29632966.248567086,6245673.38306089,2474223.1288952148,1772242.5620917217,0.14466926024223248,156.2428010616111,2902.221926638153,3036.3303308827026,18.575076143788042,19.433409477121376,56.28810952663043,58.88911962764053,18.0,0.43361265103876223,8.254999999999981e-05,True,True,False,False,False
3.6576,0.011,0.0098349,0.0005,13215,TRISO,Hastelloy,Zircaloy,Zircaloy,SS316,Light Water Reactor,mean,fixed_core_power,870.0,0.9,45.0,True,0.3,0.0,0.2891446188915529,37523899.37684634,39226202.75578224,129775541.11397842,1125716.9813053904,28463540.85599392,5999196.2337062275,3061162.2871461967,1702303.3789358942,0.13896008131519128,150.07688782040657,2839.4929532233327,2968.308948602515,18.920254773814914,19.77858810714825,57.33410537519671,59.93511547620681,18.0,0.536902457064505,8.254999999999894e-05,True,True,False,False,False
3.6576,0.011,0.0096349,0.0006000000000000001,13215,TRISO,Hastelloy,Zircaloy,Zircaloy,SS316,Light Water Reactor,mean,fixed_core_power,870.0,0.9,45.0,True,0.3,0.0,0.2775042510771548,36711817.044915676,38345589.19010954,132292809.57828876,1101354.5113474703,27317657.22816066,5757680.928946971,3636478.887808044,1633772.1451938665,0.13336583417260767,144.0351009064163,2778.0413957560104,2901.6715240340177,19.287252747932484,20.14558608126582,58.44622044828025,61.047230549290354,18.0,0.6381469203966676,8.254999999999981e-05,True,True,False,False,False
3.6576,0.011,0.0094349,0.0007000000000000001,13215,TRISO,Hastelloy,Zircaloy,Zircaloy,SS316,Light Water Reactor,mean,fixed_core_power,870.0,0.9,45.0,True,0.3,0.0,0.26610303040991595,35916615.76473122,37483264.62559686,134972592.042277,1077498.4729419367,26195315.365067326,5521127.468783125,4200172.930880773,1566648.8608656393,0.1278865188144817,138.11744031964028,2717.867254236188,2836.418057177212,19.677943986989074,20.536277320322405,59.63013329390628,62.23114339491637,18.0,0.7373460410352528,8.254999999999981e-05,True,True,False,False,False
3.6576,0.011,0.009234899999999999,0.0008,13215,TRISO,Hastelloy,Zircaloy,Zircaloy,SS316,Light Water Reactor,mean,fixed_core_power,870.0,0.9,45.0,True,0.3,0.0,0.25494095688983615,35138295.53629298,36639229.06224419,137829150.580449,1054148.8660887892,25096515.266713917,5289535.8532146895,4752244.416364372,1500933.525951213,0.12252213524081343,132.3239060600785,2658.970528663865,2772.5485480320995,20.094407789448287,20.952741122781624,60.892144816509955,63.49315491752007,18.0,0.8344998189802589,8.254999999999981e-05,True,True,False,False,False
3.6576,0.0115,0.0105349,0.0004,13215,TRISO,Hastelloy,Zircaloy,Zircaloy,SS316,Light Water Reactor,mean,fixed_core_power,870.0,0.9,45.0,True,0.3,0.0,0.3317691900258245,42133547.98207614,44086798.28074281,126996566.43462437,1264006.439462284,32659524.950737175,6883574.326552468,2590448.7047864967,1953250.2986666684,0.15944503411683777,172.2006368461848,3188.3123709478728,3336.117917574182,18.515102088709327,19.373435422042665,56.10636996578584,58.70738006679595,18.0,0.45406607797455256,8.254999999999981e-05,True,True,False,False,False
3.6576,0.0115,0.010334900000000001,0.0005,13215,TRISO,Hastelloy,Zircaloy,Zircaloy,SS316,Light Water Reactor,mean,fixed_core_power,870.0,0.9,45.0,True,0.3,0.0,0.3192918071963694,41262381.96903378,43142173.21101012,129230944.98211403,1237871.4590710134,31431245.1463142,6624692.565709281,3206444.2570102983,1879791.2419763396,0.15344852572865245,165.72440778694462,3122.389857664304,3264.6366410147652,18.84085693447431,19.699190267807648,57.09350586204336,59.694515963053476,18.0,0.5624692407342429,8.254999999999894e-05,True,True,False,False,False
3.6576,0.0115,0.0101349,0.0006000000000000001,13215,TRISO,Hastelloy,Zircaloy,Zircaloy,SS316,Light Water Reactor,mean,fixed_core_power,870.0,0.9,45.0,True,0.3,0.0,0.30705357151407336,40408097.00773761,42215837.14243742,131599501.70416942,1212242.910232128,30226507.10663114,6370772.6494615,3810817.2516449695,1807740.1346998108,0.1475669491249247,159.37230505491868,3057.7447603282335,3194.5393221670392,19.186173904396714,20.044507237730052,58.139920922414284,60.740931023424395,18.0,0.6688270608003537,8.254999999999981e-05,True,True,False,False,False
3.6576,0.0115,0.0099349,0.0007000000000000001,13215,TRISO,Hastelloy,Zircaloy,Zircaloy,SS316,Light Water Reactor,mean,fixed_core_power,870.0,0.9,45.0,True,0.3,0.0,0.2950544829789366,39570693.098187655,41307790.07502474,134113173.60330544,1187120.7929456297,29045310.831688005,6121814.577809132,4403567.688690518,1737096.9768370828,0.14180030430565466,153.144328650107,2994.3770789396635,3125.8259610310056,19.55264752755551,20.410980860888845,59.25044705319851,61.85145715420862,18.0,0.7731395381728864,8.254999999999981e-05,True,True,False,False,False
3.6576,0.0115,0.0097349,0.0008,13215,TRISO,Hastelloy,Zircaloy,Zircaloy,SS316,Light Water Reactor,mean,fixed_core_power,870.0,0.9,45.0,True,0.3,0.0,0.2832945415909589,38750170.24038391,40418032.00877206,136784034.11080965,1162505.1072115172,27887656.321484797,5877818.350752172,4984695.568146939,1667861.7683881551,0.13614859127084225,147.04047857250964,2932.2868134985933,3058.496557606664,19.942038015420383,20.800371348753714,60.430418228546614,63.031428329556704,18.0,0.8754066728518402,8.254999999999981e-05,True,True,False,False,False
3.6576,0.012,0.0110349,0.0004,13215,TRISO,Hastelloy,Zircaloy,Zircaloy,SS316,Light Water Reactor,mean,fixed_core_power,870.0,0.9,45.0,True,0.3,0.0,0.3640089158682834,46092380.761974886,48235438.48105276,126624318.12151934,1382771.4228592466,35833219.68253175,7552486.798765353,2706674.280677778,2143057.719077867,0.17493913164430328,188.93426217584755,3487.8835234184553,3650.0520984527247,18.460831207905336,19.31916454123867,55.94191275122829,58.54292285223839,18.0,0.47451950491034295,8.254999999999981e-05,True,True,False,False,False
3.6576,0.012,0.010834900000000001,0.0005,13215,TRISO,Hastelloy,Zircaloy,Zircaloy,SS316,Light Water Reactor,mean,fixed_core_power,870.0,0.9,45.0,True,0.3,0.0,0.35093366517093044,45179012.11956703,47245090.90842006,128739464.47275594,1355370.363587011,34546085.46625898,7281200.426433641,3351726.2268744037,2066078.788853037,0.16865529379497385,182.14771729857173,3418.7674702661393,3575.1109276140796,18.769202935780886,19.627536269114216,56.87637253266935,59.47738263367944,18.0,0.5880360244039813,8.254999999999894e-05,True,True,False,False,False
3.6576,0.012,0.010634900000000001,0.0006000000000000001,13215,TRISO,Hastelloy,Zircaloy,Zircaloy,SS316,Light Water Reactor,mean,fixed_core_power,870.0,0.9,45.0,True,0.3,0.0,0.3380975616207367,44282524.52890537,46273032.336947374,130975580.88448921,1328475.735867161,33282493.01472613,7014875.898697341,3985155.6154818954,1990507.8080420077,0.16248638773010204,175.48529874851022,3350.9288330613217,3501.5537144871264,19.09521114850522,19.953544481838556,57.86427620759158,60.465286308601684,18.0,0.6995072012040398,8.254999999999981e-05,True,True,False,False,False
3.6576,0.012,0.0104349,0.0007000000000000001,13215,TRISO,Hastelloy,Zircaloy,Zircaloy,SS316,Light Water Reactor,mean,fixed_core_power,870.0,0.9,45.0,True,0.3,0.0,0.32550060521770197,43402917.98998991,45319262.76663469,133342050.04307467,1302087.5396996972,32042442.327933192,6753513.215556447,4606962.446500265,1916344.7766447787,0.1564324134496879,168.9470065256629,3284.3676118040034,3429.3804590718646,19.44022376806724,20.298557101400576,58.90976899414315,61.510779095153254,18.0,0.8089330353105201,8.254999999999981e-05,True,True,False,False,False
3.6576,0.012,0.0102349,0.0008,13215,TRISO,Hastelloy,Zircaloy,Zircaloy,SS316,Light Water Reactor,mean,fixed_core_power,870.0,0.9,45.0,True,0.3,0.0,0.3131427959618265,42540192.50282064,44383782.19748199,135849181.4322514,1276205.7750846192,30825933.40588018,6497112.377010964,5217146.719929505,1843589.69466135,0.15049337095373136,162.53284063002985,3219.083806494184,3358.591161368293,19.80574383623626,20.66407716956959,60.0174055643523,62.61841566536239,18.0,0.9163135267234213,8.254999999999981e-05,True,True,False,False,False
3.6576,0.008,0.0070349,0.0004,13215,TRISO,Hastelloy,Zircaloy,Zircaloy,SS316,Light Water Reactor,high,fixed_core_power,870.0,0.9,45.0,True,0.3,0.0,0.25,31655473.99055554,32526463.493758887,126621895.96222216,949664.2197166661,23959258.178732853,5919346.138275175,1776869.673547511,870989.5032033472,0.07109941370466671,76.78736680104006,2395.4199009122617,2461.329057416488,31.19549478912222,32.053828122455556,94.53180239127944,97.13281249228956,18.0,0.31089208942401797,8.254999999999981e-05,True,True,False,False,False
3.6576,0.008,0.0068349000000000005,0.0005,13215,TRISO,Hastelloy,Zircaloy,Zircaloy,SS316,Light Water Reactor,high,fixed_core_power,870.0,0.9,45.0,True,0.3,0.0,0.25,30393345.384783473,31215514.946037997,121573381.53913389,911800.3615435042,22616314.791791152,5587560.125030755,2189470.467961566,822169.5612545254,0.06711421154449015,72.48334846804936,2299.912628436131,2362.127502537873,31.730220485742763,32.5885538190761,96.15218329012959,98.75319339113969,18.0,0.3835017550460744,8.254999999999981e-05,True,True,False,False,False
3.6576,0.008,0.006634900000000001,0.0006000000000000001,13215,TRISO,Hastelloy,Zircaloy,Zircaloy,SS316,Light Water Reactor,high,fixed_core_power,870.0,0.9,45.0,True,0.3,0.0,0.25,29167892.809727408,29942650.37844691,116671571.23890963,875036.7842918222,21312101.40490545,5265342.700035464,2590448.704786495,774757.568719504,0.06324394116877123,68.30345646227293,2207.180689347515,2265.8078228109657,32.314333763865086,33.17266709719841,97.92222352686389,100.52323362787398,18.0,0.45406607797455234,8.254999999999981e-05,True,True,False,False,False
3.6576,0.008,0.0064349,0.0007000000000000001,13215,TRISO,Hastelloy,Zircaloy,Zircaloy,SS316,Light Water Reactor,high,fixed_core_power,870.0,0.9,45.0,True,0.3,0.0,0.25,27979116.265387338,28707869.79098562,111916465.06154935,839373.4879616201,20046618.01807574,4952693.863289301,2979804.3840222964,728753.5255982828,0.05948860257750994,64.24769078371072,2117.224083646412,2172.370018235764,32.954088432127904,33.81242176546124,99.86087403675121,102.46188413776132,18.0,0.5225850582094512,8.254999999999981e-05,True,True,False,False,False
3.6576,0.008,0.006234900000000001,0.0008,13215,TRISO,Hastelloy,Zircaloy,Zircaloy,SS316,Light Water Reactor,high,fixed_core_power,870.0,0.9,45.0,True,0.3,0.0,0.25,26827015.751763277,27511173.18365414,107308063.0070531,804810.4725528982,18819864.63130204,4649613.614792269,3357537.5056689675,684157.4318908624,0.055848195770706315,60.316051432362826,2030.0428113328246,2081.8140888122693,33.65675907364846,34.51509240698179,101.99017901105593,104.59118911206603,18.0,0.5890586957507707,8.254999999999981e-05,True,True,False,False,False
3.6576,0.0085,0.007534900000000001,0.0004,13215,TRISO,Hastelloy,Zircaloy,Zircaloy,SS316,Light Water Reactor,high,fixed_core_power,870.0,0.9,45.0,True,0.3,0.0,0.25,36169829.390747055,37169028.527507834,144679317.56298822,1085094.8817224116,27486060.396332096,6790673.744976165,1893095.249438794,999199.1367607785,0.08156524566211033,88.09046531507916,2737.028330741359,2812.639313470135,31.07065357132175,31.928986904655083,94.15349567067196,96.75450577168206,18.0,0.3313455163598085,8.254999999999981e-05,True,True,False,False,False
3.6576,0.0085,0.007334900000000001,0.0005,13215,TRISO,Hastelloy,Zircaloy,Zircaloy,SS316,Light Water Reactor,high,fixed_core_power,870.0,0.9,45.0,True,0.3,0.0,0.25,34816010.708184995,35762870.02946245,139264042.83273998,1044480.3212455498,26046292.009250402,6434966.261108923,2334752.437825671,946859.3212774559,0.07729271404078966,83.47613116405286,2634.582724796443,2706.233070712255,31.56091074248261,32.41924407581594,95.63912346206851,98.2401335630786,18.0,0.40906853871581283,8.254999999999981e-05,True,True,False,False,False
3.6576,0.0085,0.007134900000000001,0.0006000000000000001,13215,TRISO,Hastelloy,Zircaloy,Zircaloy,SS316,Light Water Reactor,high,fixed_core_power,870.0,0.9,45.0,True,0.3,0.0,0.25,33498868.056338936,34394795.51154687,133995472.22535574,1004966.0416901681,24645253.622224707,6088827.36549081,2764787.068623421,895927.4552079336,0.07313511420392664,78.98592334024077,2534.9124522390416,2602.708703106082,32.09321794365333,32.95155127698667,97.25217558682826,99.85318568783839,18.0,0.48474621837823834,8.254999999999981e-05,True,True,False,False,False
3.6576,0.0085,0.006934900000000001,0.0007000000000000001,13215,TRISO,Hastelloy,Zircaloy,Zircaloy,SS316,Light Water Reactor,high,fixed_core_power,870.0,0.9,45.0,True,0.3,0.0,0.25,32218401.435208876,33064804.973761085,128873605.7408355,966552.0430562663,23282945.235255007,5752257.058121825,3183199.141832041,846403.5385522114,0.06909244615152124,74.61984184364293,2438.0175130691546,2502.0662106516147,32.6725097887199,33.530843122053234,99.00760542036333,101.60861552137344,18.0,0.5583785553470846,8.254999999999981e-05,True,True,False,False,False
3.6576,0.0085,0.006734900000000001,0.0008,13215,TRISO,Hastelloy,Zircaloy,Zircaloy,SS316,Light Water Reactor,high,fixed_core_power,870.0,0.9,45.0,True,0.3,0.0,0.25,30974610.844794806,31772898.416105095,123898443.37917922,929238.3253438441,21959366.848341305,5425255.339001969,3589988.6574515323,798287.5713102898,0.0651647098835735,70.37788667425939,2343.8979072867805,2404.305593348853,33.30446562192749,34.162798955260826,100.92262309674997,103.52363319776008,18.0,0.6299655496223517,8.254999999999981e-05,True,True,False,False,False
3.6576,0.009000000000000001,0.008034900000000001,0.0004,13215,TRISO,Hastelloy,Zircaloy,Zircaloy,SS316,Light Water Reactor,high,fixed_core_power,870.0,0.9,45.0,True,0.3,0.0,0.25,40986050.96784562,42122259.42200008,163944203.87138247,1229581.5290353685,31254925.114281327,7721805.028234211,2009320.8253300774,1136208.4541544623,0.09274940127241423,100.16935337420739,3101.4794527314125,3187.4581477109405,30.962358728073937,31.820692061407268,93.82532947901193,96.42633958002202,18.0,0.35179894329559913,8.254999999999981e-05,True,True,False,False,False
3.6576,0.009000000000000001,0.007834900000000002,0.0005,13215,TRISO,Hastelloy,Zircaloy,Zircaloy,SS316,Light Water Reactor,high,fixed_core_power,870.0,0.9,45.0,True,0.3,0.0,0.25,39540542.208493575,40620890.97363021,158162168.8339743,1186216.2662548071,29718331.727059647,7342176.073744148,2480034.4076897777,1080348.765136639,0.08818954018994947,95.24470340514543,2992.095513317713,3073.847217073796,31.414823148644192,32.27315648197752,95.19643378377027,97.79744388478036,18.0,0.4346353223855515,8.254999999999894e-05,True,True,False,False,False
3.6576,0.009000000000000001,0.007634900000000002,0.0006000000000000001,13215,TRISO,Hastelloy,Zircaloy,Zircaloy,SS316,Light Water Reactor,high,fixed_core_power,870.0,0.9,45.0,True,0.3,0.0,0.25,38131709.47985751,39157606.50539013,152526837.91943005,1143951.2843957252,28220468.339893952,6972115.707503212,2939125.4324603435,1025897.0255326154,0.08374461089194231,90.4441797632977,2885.4869072915258,2963.1181615883565,31.90351125791798,32.76184459125132,96.6773068421757,99.27831694318581,18.0,0.5154263587819239,8.254999999999981e-05,True,True,False,False,False
3.6576,0.009000000000000001,0.007434900000000001,0.0007000000000000001,13215,TRISO,Hastelloy,Zircaloy,Zircaloy,SS316,Light Water Reactor,high,fixed_core_power,870.0,0.9,45.0,True,0.3,0.0,0.25,36759552.78193744,37732406.01727983,147038211.12774977,1102786.5834581233,26761334.95278425,6611623.929511404,3386593.8996417862,972853.2353423922,0.0794146133783928,85.76778244866422,2781.6536346528524,2855.2709812546223,32.432383760391545,33.29071709372487,98.27995078906528,100.88096089007537,18.0,0.5941720524847182,8.254999999999981e-05,True,True,False,False,False
3.6576,0.009000000000000001,0.007234900000000002,0.0008,13215,TRISO,Hastelloy,Zircaloy,Zircaloy,SS316,Light Water Reactor,high,fixed_core_power,870.0,0.9,45.0,True,0.3,0.0,0.25,35424072.11473338,36345289.50929935,141696288.45893353,1062722.1634420014,25340931.565730557,6260700.739768726,3822439.8092340985,921217.3945659696,0.07519954764930095,81.21551146124503,2680.595695401694,2750.305676072596,33.005957201671244,33.86429053500458,100.01805212627649,102.61906222728659,18.0,0.670872403493933,8.254999999999981e-05,True,True,False,False,False
3.6576,0.0095,0.0085349,0.0004,13215,TRISO,Hastelloy,Zircaloy,Zircaloy,SS316,Light Water Reactor,high,fixed_core_power,870.0,0.9,45.0,True,0.3,0.0,0.25,46104138.721851215,47386156.17723561,184416554.88740486,1383124.1616555364,35265852.33258054,8712739.98804931,2125546.401221362,1282017.4553843983,0.10465188053557838,113.02403097842463,3488.773266882423,3585.7855601389037,30.867535308030213,31.725868641363544,93.53798578190973,96.13899588291983,18.0,0.37225237023138996,8.254999999999981e-05,True,True,False,False,False
3.6576,0.0095,0.0083349,0.0005,13215,TRISO,Hastelloy,Zircaloy,Zircaloy,SS316,Light Water Reactor,high,fixed_core_power,870.0,0.9,45.0,True,0.3,0.0,0.25,44566939.88570915,45789577.77854122,178267759.5428366,1337008.1965712744,33632433.945218846,8309189.5629364215,2625316.3775538784,1222637.8928320734,0.09980468999196945,107.78906519132701,3372.4509939999357,3464.969941622491,31.28750572253123,32.14583905586456,94.81062340160977,97.41163350261988,18.0,0.4602021060552892,8.255000000000068e-05,True,True,False,False,False
3.6576,0.0095,0.0081349,0.0006000000000000001,13215,TRISO,Hastelloy,Zircaloy,Zircaloy,SS316,Light Water Reactor,high,fixed_core_power,870.0,0.9,45.0,True,0.3,0.0,0.25,43066417.080283105,44231083.35997666,172265668.32113242,1291992.512408493,32037745.557913173,7915207.726072666,3113463.7962972703,1164666.2796935495,0.09507243123281824,102.67822573144369,3258.9040545049643,3347.036198257787,31.738998519790094,32.59733185312343,96.1787833933033,98.77979349431341,18.0,0.5461064991856102,8.254999999999981e-05,True,True,False,False,False
3.6576,0.0095,0.0079349,0.0007000000000000001,13215,TRISO,Hastelloy,Zircaloy,Zircaloy,SS316,Light Water Reactor,high,fixed_core_power,870.0,0.9,45.0,True,0.3,0.0,0.25,41602570.305573046,42710672.92154187,166410281.22229218,1248077.1091671914,30481787.17066348,7530794.4774580365,3589988.6574515346,1108102.6159688253,0.09045510425812461,97.69151259877458,3148.1324483975063,3231.984330044788,32.22524009150203,33.083573424835365,97.6522427015213,100.2532528025314,18.0,0.6299655496223521,8.254999999999981e-05,True,True,False,False,False
3.6576,0.0095,0.0077349,0.0008,13215,TRISO,Hastelloy,Zircaloy,Zircaloy,SS316,Light Water Reactor,high,fixed_core_power,870.0,0.9,45.0,True,0.3,0.0,0.25,40175399.56157899,41228346.46323689,160701598.24631596,1205261.9868473697,28964558.783469785,7155949.817092535,4054890.96101667,1052946.9016579017,0.08595270906788864,92.82892579331975,3040.1361756775627,3119.814336983495,32.74987995063431,33.608213283967636,99.2420604564676,101.84307055747767,18.0,0.7117792573655148,8.254999999999938e-05,True,True,False,False,False
3.6576,0.01,0.0090349,0.0004,13215,TRISO,Hastelloy,Zircaloy,Zircaloy,SS316,Light Water Reactor,high,fixed_core_power,870.0,0.9,45.0,True,0.3,0.0,0.25,51524092.65276384,52960718.79321443,206096370.61105537,1545722.7795829154,39518842.05122974,9763478.624421464,2241771.9771126467,1436626.140450587,0.1172726834516028,126.654498127731,3898.9097731943884,4007.6215507540246,30.78382395280063,31.64215728613397,93.28431500848676,95.88532510949688,18.0,0.3927057971671808,8.254999999999981e-05,True,True,False,False,False
3.6576,0.01,0.0088349,0.0005,13215,TRISO,Hastelloy,Zircaloy,Zircaloy,SS316,Light Water Reactor,high,fixed_core_power,870.0,0.9,45.0,True,0.3,0.0,0.25,49895203.739831805,51268930.44419557,199580814.95932722,1496856.1121949542,37788598.66372806,9336006.728685757,2770598.3474179846,1373726.7043637612,0.11213816344684979,121.10921652259778,3775.649166843118,3879.601244358348,31.175572555525694,32.03390588885903,94.47143198644149,97.0724420874516,18.0,0.48576888972502785,8.255000000000068e-05,True,True,False,False,False
3.6576,0.01,0.008634900000000001,0.0006000000000000001,13215,TRISO,Hastelloy,Zircaloy,Zircaloy,SS316,Light Water Reactor,high,fixed_core_power,870.0,0.9,45.0,True,0.3,0.0,0.25,48302990.85761576,49615226.0753065,193211963.43046305,1449089.7257284727,36097085.276282385,8918103.421199178,3287802.1601341977,1312235.2176907363,0.10711857522655445,115.68806124467883,3655.1638938793612,3754.4628131143772,31.594996532518028,32.453329865851366,95.74241373490311,98.34342383591323,18.0,0.5767866395892964,8.254999999999981e-05,True,True,False,False,False
3.6576,0.01,0.0084349,0.0007000000000000001,13215,TRISO,Hastelloy,Zircaloy,Zircaloy,SS316,Light Water Reactor,high,fixed_core_power,870.0,0.9,45.0,True,0.3,0.0,0.25,46747454.006115705,47999605.68654721,186989816.02446282,1402423.6201834711,34444301.888892695,8509768.701961726,3793383.4152612803,1252151.680431511,0.10221391879071673,110.39103229397405,3537.453954303118,3632.2062570221124,32.044758353946634,32.90309168727997,97.10532834529282,99.70633844630292,18.0,0.6657590467599857,8.254999999999981e-05,True,True,False,False,False
3.6576,0.01,0.0082349,0.0008,13215,TRISO,Hastelloy,Zircaloy,Zircaloy,SS316,Light Water Reactor,high,fixed_core_power,870.0,0.9,45.0,True,0.3,0.0,0.25,45228593.185331635,46422069.27791772,180914372.74132654,1356857.795559949,32830248.501559,8111002.5709734,4287342.1127992375,1193476.092586086,0.09742419413933662,105.21812967048353,3422.519348114388,3512.8315760815526,32.52784818389045,33.38618151722378,98.56923692088014,101.17024702189025,18.0,0.7526861112370963,8.254999999999981e-05,True,True,False,False,False
3.6576,0.0105,0.0095349,0.0004,13215,TRISO,Hastelloy,Zircaloy,Zircaloy,SS316,Light Water Reactor,high,fixed_core_power,870.0,0.9,45.0,True,0.3,0.0,0.27177374735014054,57245912.76058354,58845947.26993657,210638125.7157653,1717377.382817506,44013894.27022894,10874020.93735068,2357997.55300393,1600034.5093530286,0.13061181002048752,141.06075482212654,4331.888971667313,4452.966119556305,30.70938459906653,31.567717932399866,93.05874120929252,95.65975131030262,18.0,0.4131592241029714,8.254999999999981e-05,True,True,False,False,False
3.6576,0.0105,0.0093349,0.0005,13215,TRISO,Hastelloy,Zircaloy,Zircaloy,SS316,Light Water Reactor,high,fixed_core_power,870.0,0.9,45.0,True,0.3,0.0,0.2604921002564812,55525333.7708615,57058948.9705932,213155537.98441917,1665760.013125845,42186825.88258726,10422627.570992146,2915880.317282088,1533615.1997317015,0.1251899605545904,135.20515739895762,4201.690031847257,4317.741125281362,31.076403538728105,31.934736872061432,94.17091981432759,96.77192991533767,18.0,0.511335673394766,8.255000000000068e-05,True,True,False,False,False
3.6576,0.0105,0.009134900000000001,0.0006000000000000001,13215,TRISO,Hastelloy,Zircaloy,Zircaloy,SS316,Light Water Reactor,high,fixed_core_power,870.0,0.9,45.0,True,0.3,0.0,0.25,53841430.81185546,55310034.65137963,215365723.24742183,1615242.9243556636,40398487.49500159,9980802.792882746,3462140.5239711213,1468603.8395241755,0.11988304287315095,129.47368630300303,4074.266425414715,4185.398006158126,31.467910907239037,32.32624424057237,95.35730577951223,97.95831588052233,18.0,0.6074667799929822,8.254999999999981e-05,True,True,False,False,False
3.6576,0.0105,0.0089349,0.0007000000000000001,13215,TRISO,Hastelloy,Zircaloy,Zircaloy,SS316,Light Water Reactor,high,fixed_core_power,870.0,0.9,45.0,True,0.3,0.0,0.25,52194203.88356541,53599204.31229586,208776815.53426164,1565826.1165069623,38648879.10747191,9548546.603022473,3996778.1730710296,1405000.4287304496,0.11469105697616913,123.86634153426265,3949.618152369687,4055.936762186596,31.886129060146526,32.744462393479864,96.62463351559553,99.22564361660564,18.0,0.7015525438976199,8.254999999999981e-05,True,True,False,False,False
3.6576,0.0105,0.0087349,0.0008,13215,TRISO,Hastelloy,Zircaloy,Zircaloy,SS316,Light Water Reactor,high,fixed_core_power,870.0,0.9,45.0,True,0.3,0.0,0.25,50583652.98599136,51926457.95334188,202334611.94396544,1517509.5895797408,36938000.719998226,9125859.001411326,4519793.264581805,1342804.9673505237,0.10961400286364492,118.38312309273653,3827.7452127121724,3929.357393366771,32.333538030701156,33.19187136403448,97.98041827485198,100.58142837586206,18.0,0.7935929651086777,8.254999999999981e-05,True,True,False,False,False
3.6576,0.011,0.0100349,0.0004,13215,TRISO,Hastelloy,Zircaloy,Zircaloy,SS316,Light Water Reactor,high,fixed_core_power,870.0,0.9,45.0,True,0.3,0.0,0.3010241338531101,63269599.04531027,65041841.60740199,210181151.37633368,1898087.9713593079,48751008.989578106,12044366.926836943,2474223.1288952148,1772242.5620917217,0.14466926024223248,156.2428010616111,4787.710862301193,4921.819266545743,30.642761328973222,31.50109466230656,92.85685251204006,95.45786261305018,18.0,0.43361265103876223,8.254999999999981e-05,True,True,False,False,False
3.6576,0.011,0.0098349,0.0005,13215,TRISO,Hastelloy,Zircaloy,Zircaloy,SS316,Light Water Reactor,high,fixed_core_power,870.0,0.9,45.0,True,0.3,0.0,0.2891446188915529,61457329.97879824,63159633.35773414,212548759.21397844,1843719.899363947,46827115.60179645,11569052.089855593,3061162.2871461967,1702303.3789358942,0.13896008131519128,150.07688782040657,4650.573589012352,4779.389584391535,30.9879399590001,31.84627329233344,93.90284836060637,96.50385846161647,18.0,0.536902457064505,8.254999999999894e-05,True,True,False,False,False
3.6576,0.011,0.0096349,0.0006000000000000001,13215,TRISO,Hastelloy,Zircaloy,Zircaloy,SS316,Light Water Reactor,high,fixed_core_power,870.0,0.9,45.0,True,0.3,0.0,0.2775042510771548,59681736.94300217,61315509.08819604,215066027.67828876,1790452.108290065,44941952.21407076,11103305.841123365,3636478.887808044,1633772.1451938665,0.13336583417260767,144.0351009064163,4516.211649111023,4639.8417773890305,31.354937933117665,32.213271266451,95.01496343368989,97.6159735347,18.0,0.6381469203966676,8.254999999999981e-05,True,True,False,False,False
3.6576,0.011,0.0094349,0.0007000000000000001,13215,TRISO,Hastelloy,Zircaloy,Zircaloy,SS316,Light Water Reactor,high,fixed_core_power,870.0,0.9,45.0,True,0.3,0.0,0.26610303040991595,57942819.93792212,59509468.79878776,217745810.142277,1738284.5981376634,43095518.826401085,10647128.180640267,4200172.930880773,1566648.8608656393,0.1278865188144817,138.11744031964028,4384.625042597209,4503.175845538233,31.745629172174258,32.60396250550758,96.19887627931593,98.799886380326,18.0,0.7373460410352528,8.254999999999981e-05,True,True,False,False,False
3.6576,0.011,0.009234899999999999,0.0008,13215,TRISO,Hastelloy,Zircaloy,Zircaloy,SS316,Light Water Reactor,high,fixed_core_power,870.0,0.9,45.0,True,0.3,0.0,0.25494095688983615,56240578.96355809,57741512.48950931,220602368.680449,1687217.3689067427,41287815.438787416,10200519.108406302,4752244.416364372,1500933.525951213,0.12252213524081343,132.3239060600785,4255.813769470911,4369.391788839145,32.162092974633474,33.02042630796681,97.46088780191961,100.06189790292972,18.0,0.8344998189802589,8.254999999999981e-05,True,True,False,False,False
3.6576,0.0115,0.0105349,0.0004,13215,TRISO,Hastelloy,Zircaloy,Zircaloy,SS316,Light Water Reactor,high,fixed_core_power,870.0,0.9,45.0,True,0.3,0.0,0.3317691900258245,69595151.50694406,71548401.80561073,209769784.5346244,2087854.5452083217,53730186.20927729,13274516.592880271,2590448.7047864967,1953250.2986666684,0.15944503411683777,172.2006368461848,5266.375445096031,5414.180991722341,30.582787273894514,31.44112060722785,92.67511295119549,95.2761230522056,18.0,0.45406607797455256,8.254999999999981e-05,True,True,False,False,False
3.6576,0.0115,0.010334900000000001,0.0005,13215,TRISO,Hastelloy,Zircaloy,Zircaloy,SS316,Light Water Reactor,high,fixed_core_power,870.0,0.9,45.0,True,0.3,0.0,0.3192918071963694,67691192.363642,69570983.60561834,212004163.082114,2030735.77090926,51709467.82135562,12775280.285276094,3206444.2570102983,1879791.2419763396,0.15344852572865245,165.72440778694462,5122.299838338404,5264.546621688864,30.908542119659494,31.766875452992828,93.662248847453,96.2632589484631,18.0,0.5624692407342429,8.254999999999894e-05,True,True,False,False,False
3.6576,0.0115,0.0101349,0.0006000000000000001,13215,TRISO,Hastelloy,Zircaloy,Zircaloy,SS316,Light Water Reactor,high,fixed_core_power,870.0,0.9,45.0,True,0.3,0.0,0.30705357151407336,65823909.251055956,67631649.38575576,214372719.80416945,1974717.2775316786,49727479.43348994,12285612.565921044,3810817.2516449695,1807740.1346998108,0.1475669491249247,159.37230505491868,4980.9995649682905,5117.794126807095,31.253859089581905,32.112192422915236,94.70866390782395,97.30967400883404,18.0,0.6688270608003537,8.254999999999981e-05,True,True,False,False,False
3.6576,0.0115,0.0099349,0.0007000000000000001,13215,TRISO,Hastelloy,Zircaloy,Zircaloy,SS316,Light Water Reactor,high,fixed_core_power,870.0,0.9,45.0,True,0.3,0.0,0.2950544829789366,63993302.169185914,65730399.146023,216886391.70330545,1919799.0650755772,47784221.04568027,11805513.434815126,4403567.688690518,1737096.9768370828,0.14180030430565466,153.144328650107,4842.474624985692,4973.923507077034,31.6203327127407,32.47866604607403,95.81919003860818,98.42020013961827,18.0,0.7731395381728864,8.254999999999981e-05,True,True,False,False,False
3.6576,0.0115,0.0097349,0.0008,13215,TRISO,Hastelloy,Zircaloy,Zircaloy,SS316,Light Water Reactor,high,fixed_core_power,870.0,0.9,45.0,True,0.3,0.0,0.2832945415909589,62199371.11803187,63867232.88642002,219557252.21080965,1865981.1335409558,45879692.6579266,11334982.891958337,4984695.568146939,1667861.7683881551,0.13614859127084225,147.04047857250964,4706.725018390606,4832.934762498678,32.009723200605556,32.8680565339389,96.99916121395623,99.60017131496635,18.0,0.8754066728518402,8.254999999999981e-05,True,True,False,False,False
3.6576,0.012,0.0110349,0.0004,13215,TRISO,Hastelloy,Zircaloy,Zircaloy,SS316,Light Water Reactor,high,fixed_core_power,870.0,0.9,45.0,True,0.3,0.0,0.3640089158682834,76222570.14548486,78365627.86456273,209397536.22151938,2286677.104364546,58951425.92932643,14564469.935480649,2706674.280677778,2143057.719077867,0.17493913164430328,188.93426217584755,5767.882720051824,5930.051295086094,30.528516393090523,31.386849726423858,92.51065573663794,95.11166583764805,18.0,0.47451950491034295,8.254999999999981e-05,True,True,False,False,False
3.6576,0.012,0.010834900000000001,0.0005,13215,TRISO,Hastelloy,Zircaloy,Zircaloy,SS316,Light Water Reactor,high,fixed_core_power,870.0,0.9,45.0,True,0.3,0.0,0.35093366517093044,74226920.92539284,76292999.71424587,211512682.57275596,2226807.627761785,56833882.54126477,14041312.15725365,3351726.2268744037,2066078.788853037,0.16865529379497385,182.14771729857173,5616.868779825413,5773.212237173354,30.836888120966073,31.695221454299407,93.445115518079,96.04612561908911,18.0,0.5880360244039813,8.254999999999894e-05,True,True,False,False,False
3.6576,0.012,0.010634900000000001,0.0006000000000000001,13215,TRISO,Hastelloy,Zircaloy,Zircaloy,SS316,Light Water Reactor,high,fixed_core_power,870.0,0.9,45.0,True,0.3,0.0,0.3380975616207367,72267947.7360168,74258455.5440588,213748798.9844892,2168038.4320805036,54755069.15325911,13527722.967275782,3985155.6154818954,1990507.8080420077,0.16248638773010204,175.48529874851022,5468.630172986515,5619.25505441232,31.16289633369041,32.02122966702374,94.43301919300123,97.03402929401133,18.0,0.6995072012040398,8.254999999999981e-05,True,True,False,False,False
3.6576,0.012,0.0104349,0.0007000000000000001,13215,TRISO,Hastelloy,Zircaloy,Zircaloy,SS316,Light Water Reactor,high,fixed_core_power,870.0,0.9,45.0,True,0.3,0.0,0.32550060521770197,70345650.57735676,72261995.35400154,216115268.1430747,2110369.517320703,52714985.765309446,13023702.365547039,4606962.446500265,1916344.7766447787,0.1564324134496879,168.9470065256629,5323.166899535131,5468.179746802992,31.50790895325243,32.36624228658576,95.4785119795528,98.0795220805629,18.0,0.8089330353105201,8.254999999999981e-05,True,True,False,False,False
3.6576,0.012,0.0102349,0.0008,13215,TRISO,Hastelloy,Zircaloy,Zircaloy,SS316,Light Water Reactor,high,fixed_core_power,870.0,0.9,45.0,True,0.3,0.0,0.3131427959618265,68460029.4494127,70303619.14407405,218622399.5322514,2053800.883482381,50713632.377415776,12529250.352067428,5217146.719929505,1843589.69466135,0.15049337095373136,162.53284063002985,5180.47895947126,5319.9863143453695,31.873429021421444,32.73176235475478,96.58614854976194,99.18715865077205,18.0,0.9163135267234213,8.254999999999981e-05,True,True,False,False,False
